{"global": {"size": 410, "facts": [{"type": "categorical", "feature_label": "Geschlecht", "cluster_label": "cluster_2", "category_value": "w", "global_ratio": 0.25121951219512195, "current_ratio": 1.0, "current_impact": 0.9027557808045613, "diff": -2.9805825242718447}, {"type": "numerical", "feature_label": "Alter", "cluster_label": "cluster_3", "mean": 41.3448275862069, "std": 7.3789074978663995, "diff": 1.611868563079039, "global_mean": 29.62987012987013, "global_std": 7.267935937629125}, {"type": "numerical", "feature_label": "Geschafft_HF", "cluster_label": "cluster_2", "mean": 2.3333333333333335, "std": 1.1547005383792515, "diff": -1.4244565425387068, "global_mean": 5.909677419354839, "global_std": 2.5106726524963996}, {"type": "numerical", "feature_label": "Gewicht", "cluster_label": "cluster_4", "mean": 70.92307692307692, "std": 8.78690236044569, "diff": 1.3564516538835323, "global_mean": 25.17848410757946, "global_std": 33.723717822548494}, {"type": "numerical", "feature_label": "Gr\u00f6\u00dfe", "cluster_label": "cluster_4", "mean": 177.76923076923077, "std": 7.21277566059108, "diff": 1.310975682105672, "global_mean": 66.04889975550122, "global_std": 85.21922453533678}, {"type": "numerical", "feature_label": "Gr\u00f6\u00dfe", "cluster_label": "cluster_3", "mean": 175.06896551724137, "std": 8.572926798452533, "diff": 1.2792895776296835, "global_mean": 66.04889975550122, "global_std": 85.21922453533678}, {"type": "numerical", "feature_label": "Gr\u00f6\u00dfe", "cluster_label": "cluster_0", "mean": 173.87671232876713, "std": 6.889898413779916, "diff": 1.2652991524060901, "global_mean": 66.04889975550122, "global_std": 85.21922453533678}, {"type": "numerical", "feature_label": "Gewicht", "cluster_label": "cluster_3", "mean": 65.6896551724138, "std": 21.17293327454361, "diff": 1.2012664581645733, "global_mean": 25.17848410757946, "global_std": 33.723717822548494}, {"type": "numerical", "feature_label": "Gewicht", "cluster_label": "cluster_0", "mean": 64.45205479452055, "std": 15.30345013377558, "diff": 1.1645682392906818, "global_mean": 25.17848410757946, "global_std": 33.723717822548494}, {"type": "numerical", "feature_label": "Geschafft_HF", "cluster_label": "cluster_4", "mean": 8.403846153846153, "std": 0.6933752452815366, "diff": 0.9934264954896946, "global_mean": 5.909677419354839, "global_std": 2.5106726524963996}]}, "clusters": [{"cluster": "cluster_0", "size": 73, "facts": [{"type": "numerical", "feature_label": "Gr\u00f6\u00dfe", "cluster_label": "cluster_0", "mean": 173.87671232876713, "std": 6.889898413779916, "diff": 1.2652991524060901, "global_mean": 66.04889975550122, "global_std": 85.21922453533678}, {"type": "numerical", "feature_label": "Gewicht", "cluster_label": "cluster_0", "mean": 64.45205479452055, "std": 15.30345013377558, "diff": 1.1645682392906818, "global_mean": 25.17848410757946, "global_std": 33.723717822548494}, {"type": "numerical", "feature_label": "Geschafft_HF", "cluster_label": "cluster_0", "mean": 4.2631578947368425, "std": 1.3086863751294662, "diff": -0.6558081249584001, "global_mean": 5.909677419354839, "global_std": 2.5106726524963996}]}, {"cluster": "cluster_1", "size": 189, "facts": [{"type": "numerical", "feature_label": "Gr\u00f6\u00dfe", "cluster_label": "cluster_1", "mean": 0.0, "std": 0.0, "diff": -0.775046946456472, "global_mean": 66.04889975550122, "global_std": 85.21922453533678}, {"type": "numerical", "feature_label": "Gewicht", "cluster_label": "cluster_1", "mean": 0.0, "std": 0.0, "diff": -0.7466105676742592, "global_mean": 25.17848410757946, "global_std": 33.723717822548494}, {"type": "categorical", "feature_label": "Geschlecht", "cluster_label": "cluster_1", "category_value": "m", "global_ratio": 0.7463414634146341, "current_ratio": 0.9947089947089947, "current_impact": 0.9822282142419414, "diff": -0.33278002559048303}]}, {"cluster": "cluster_2", "size": 67, "facts": [{"type": "categorical", "feature_label": "Geschlecht", "cluster_label": "cluster_2", "category_value": "w", "global_ratio": 0.25121951219512195, "current_ratio": 1.0, "current_impact": 0.9027557808045613, "diff": -2.9805825242718447}, {"type": "numerical", "feature_label": "Geschafft_HF", "cluster_label": "cluster_2", "mean": 2.3333333333333335, "std": 1.1547005383792515, "diff": -1.4244565425387068, "global_mean": 5.909677419354839, "global_std": 2.5106726524963996}, {"type": "numerical", "feature_label": "Gr\u00f6\u00dfe", "cluster_label": "cluster_2", "mean": 0.0, "std": 0.0, "diff": -0.775046946456472, "global_mean": 66.04889975550122, "global_std": 85.21922453533678}]}, {"cluster": "cluster_3", "size": 29, "facts": [{"type": "numerical", "feature_label": "Alter", "cluster_label": "cluster_3", "mean": 41.3448275862069, "std": 7.3789074978663995, "diff": 1.611868563079039, "global_mean": 29.62987012987013, "global_std": 7.267935937629125}, {"type": "numerical", "feature_label": "Gr\u00f6\u00dfe", "cluster_label": "cluster_3", "mean": 175.06896551724137, "std": 8.572926798452533, "diff": 1.2792895776296835, "global_mean": 66.04889975550122, "global_std": 85.21922453533678}, {"type": "numerical", "feature_label": "Gewicht", "cluster_label": "cluster_3", "mean": 65.6896551724138, "std": 21.17293327454361, "diff": 1.2012664581645733, "global_mean": 25.17848410757946, "global_std": 33.723717822548494}]}, {"cluster": "cluster_4", "size": 52, "facts": [{"type": "numerical", "feature_label": "Gewicht", "cluster_label": "cluster_4", "mean": 70.92307692307692, "std": 8.78690236044569, "diff": 1.3564516538835323, "global_mean": 25.17848410757946, "global_std": 33.723717822548494}, {"type": "numerical", "feature_label": "Gr\u00f6\u00dfe", "cluster_label": "cluster_4", "mean": 177.76923076923077, "std": 7.21277566059108, "diff": 1.310975682105672, "global_mean": 66.04889975550122, "global_std": 85.21922453533678}, {"type": "numerical", "feature_label": "Geschafft_HF", "cluster_label": "cluster_4", "mean": 8.403846153846153, "std": 0.6933752452815366, "diff": 0.9934264954896946, "global_mean": 5.909677419354839, "global_std": 2.5106726524963996}]}]}