[
    {
        "variable": "Gewicht",
        "per_cluster": [
            {
                "min": 6.0,
                "max": 90.0,
                "median": 66.0,
                "percentile25": 60.0,
                "percentile75": 73.0,
                "percentile9": 53.0,
                "percentile91": 80.0,
                "std": 15.198270535974439,
                "distribution": [
                    0,
                    0,
                    0,
                    1,
                    2,
                    0,
                    0,
                    0,
                    0,
                    0,
                    0,
                    0,
                    0,
                    0,
                    0,
                    0,
                    0,
                    0,
                    0,
                    0,
                    0,
                    0,
                    0,
                    0,
                    0,
                    0,
                    0,
                    0,
                    3,
                    0,
                    0,
                    0,
                    3,
                    3,
                    3,
                    2,
                    5,
                    4,
                    0,
                    9,
                    3,
                    6,
                    7,
                    2,
                    3,
                    5,
                    2,
                    2,
                    5,
                    0,
                    0,
                    0,
                    0,
                    1,
                    0,
                    2,
                    0,
                    0,
                    0,
                    0
                ],
                "max_ratio": 0.1232876712328767,
                "total_no_nan": 73,
                "total": 73,
                "cluster_name": "cluster_0"
            },
            {
                "min": 0.0,
                "max": 0.0,
                "median": 0.0,
                "percentile25": 0.0,
                "percentile75": 0.0,
                "percentile9": 0.0,
                "percentile91": 0.0,
                "std": 0.0,
                "distribution": [
                    188,
                    0,
                    0,
                    0,
                    0,
                    0,
                    0,
                    0,
                    0,
                    0,
                    0,
                    0,
                    0,
                    0,
                    0,
                    0,
                    0,
                    0,
                    0,
                    0,
                    0,
                    0,
                    0,
                    0,
                    0,
                    0,
                    0,
                    0,
                    0,
                    0,
                    0,
                    0,
                    0,
                    0,
                    0,
                    0,
                    0,
                    0,
                    0,
                    0,
                    0,
                    0,
                    0,
                    0,
                    0,
                    0,
                    0,
                    0,
                    0,
                    0,
                    0,
                    0,
                    0,
                    0,
                    0,
                    0,
                    0,
                    0,
                    0,
                    0
                ],
                "max_ratio": 1.0,
                "total_no_nan": 188,
                "total": 189,
                "cluster_name": "cluster_1"
            },
            {
                "min": 0.0,
                "max": 0.0,
                "median": 0.0,
                "percentile25": 0.0,
                "percentile75": 0.0,
                "percentile9": 0.0,
                "percentile91": 0.0,
                "std": 0.0,
                "distribution": [
                    67,
                    0,
                    0,
                    0,
                    0,
                    0,
                    0,
                    0,
                    0,
                    0,
                    0,
                    0,
                    0,
                    0,
                    0,
                    0,
                    0,
                    0,
                    0,
                    0,
                    0,
                    0,
                    0,
                    0,
                    0,
                    0,
                    0,
                    0,
                    0,
                    0,
                    0,
                    0,
                    0,
                    0,
                    0,
                    0,
                    0,
                    0,
                    0,
                    0,
                    0,
                    0,
                    0,
                    0,
                    0,
                    0,
                    0,
                    0,
                    0,
                    0,
                    0,
                    0,
                    0,
                    0,
                    0,
                    0,
                    0,
                    0,
                    0,
                    0
                ],
                "max_ratio": 1.0,
                "total_no_nan": 67,
                "total": 67,
                "cluster_name": "cluster_2"
            },
            {
                "min": 0.0,
                "max": 95.0,
                "median": 68.0,
                "percentile25": 58.0,
                "percentile75": 82.0,
                "percentile9": 51.04,
                "percentile91": 86.0,
                "std": 20.804680256393013,
                "distribution": [
                    1,
                    0,
                    0,
                    1,
                    0,
                    0,
                    0,
                    0,
                    0,
                    0,
                    0,
                    0,
                    0,
                    0,
                    0,
                    0,
                    0,
                    0,
                    0,
                    0,
                    0,
                    0,
                    0,
                    0,
                    0,
                    0,
                    0,
                    0,
                    0,
                    0,
                    1,
                    3,
                    0,
                    0,
                    0,
                    2,
                    0,
                    1,
                    1,
                    1,
                    3,
                    2,
                    2,
                    0,
                    1,
                    1,
                    0,
                    0,
                    1,
                    0,
                    2,
                    0,
                    5,
                    0,
                    0,
                    0,
                    0,
                    0,
                    1,
                    0
                ],
                "max_ratio": 0.1724137931034483,
                "total_no_nan": 29,
                "total": 29,
                "cluster_name": "cluster_3"
            },
            {
                "min": 58.0,
                "max": 98.0,
                "median": 69.0,
                "percentile25": 65.0,
                "percentile75": 74.0,
                "percentile9": 63.0,
                "percentile91": 82.0,
                "std": 8.702002762066094,
                "distribution": [
                    0,
                    0,
                    0,
                    0,
                    0,
                    0,
                    0,
                    0,
                    0,
                    0,
                    0,
                    0,
                    0,
                    0,
                    0,
                    0,
                    0,
                    0,
                    0,
                    0,
                    0,
                    0,
                    0,
                    0,
                    0,
                    0,
                    0,
                    0,
                    0,
                    0,
                    0,
                    0,
                    0,
                    0,
                    0,
                    1,
                    1,
                    0,
                    8,
                    7,
                    0,
                    8,
                    3,
                    4,
                    6,
                    7,
                    1,
                    0,
                    0,
                    0,
                    2,
                    0,
                    0,
                    0,
                    0,
                    1,
                    0,
                    0,
                    1,
                    2
                ],
                "max_ratio": 0.15384615384615385,
                "total_no_nan": 52,
                "total": 52,
                "cluster_name": "cluster_4"
            }
        ],
        "type": "numerical",
        "scale": {
            "min": 0.0,
            "max": 98.0,
            "max_ratio": 1.0
        },
        "global": {
            "min": 0.0,
            "max": 98.0,
            "median": 0.0,
            "percentile25": 0.0,
            "percentile75": 65.0,
            "percentile9": 0.0,
            "percentile91": 75.0,
            "std": 33.68246555289013,
            "distribution": [
                256,
                0,
                0,
                2,
                2,
                0,
                0,
                0,
                0,
                0,
                0,
                0,
                0,
                0,
                0,
                0,
                0,
                0,
                0,
                0,
                0,
                0,
                0,
                0,
                0,
                0,
                0,
                0,
                3,
                0,
                1,
                3,
                3,
                3,
                3,
                5,
                6,
                5,
                9,
                17,
                6,
                16,
                12,
                6,
                10,
                13,
                3,
                2,
                6,
                0,
                4,
                0,
                5,
                1,
                0,
                3,
                0,
                0,
                2,
                2
            ],
            "max_ratio": 0.6259168704156479,
            "total_no_nan": 409,
            "total": 410
        }
    },
    {
        "variable": "Alter",
        "per_cluster": [
            {
                "min": 20.0,
                "max": 33.0,
                "median": 27.0,
                "percentile25": 25.0,
                "percentile75": 31.0,
                "percentile9": 21.0,
                "percentile91": 32.0,
                "std": 3.677106321906992,
                "distribution": [
                    3,
                    5,
                    1,
                    2,
                    0,
                    5,
                    10,
                    7,
                    0,
                    6,
                    2,
                    9,
                    0,
                    3,
                    8,
                    10,
                    2,
                    0,
                    0,
                    0,
                    0,
                    0,
                    0,
                    0,
                    0,
                    0,
                    0,
                    0,
                    0,
                    0,
                    0,
                    0,
                    0,
                    0,
                    0,
                    0,
                    0,
                    0,
                    0,
                    0,
                    0,
                    0,
                    0,
                    0,
                    0,
                    0,
                    0,
                    0,
                    0,
                    0,
                    0,
                    0,
                    0,
                    0,
                    0,
                    0,
                    0,
                    0,
                    0,
                    0
                ],
                "max_ratio": 0.136986301369863,
                "total_no_nan": 73,
                "total": 73,
                "cluster_name": "cluster_0"
            },
            {
                "min": null,
                "max": null,
                "median": null,
                "percentile25": null,
                "percentile75": null,
                "percentile9": null,
                "percentile91": null,
                "std": null,
                "distribution": null,
                "total_no_nan": 0,
                "max_ratio": 0.0,
                "total": 189,
                "cluster_name": "cluster_1"
            },
            {
                "min": null,
                "max": null,
                "median": null,
                "percentile25": null,
                "percentile75": null,
                "percentile9": null,
                "percentile91": null,
                "std": null,
                "distribution": null,
                "total_no_nan": 0,
                "max_ratio": 0.0,
                "total": 67,
                "cluster_name": "cluster_2"
            },
            {
                "min": 34.0,
                "max": 66.0,
                "median": 39.0,
                "percentile25": 36.0,
                "percentile75": 44.0,
                "percentile9": 35.0,
                "percentile91": 50.959999999999994,
                "std": 7.250568881695044,
                "distribution": [
                    0,
                    0,
                    0,
                    0,
                    0,
                    0,
                    0,
                    0,
                    0,
                    0,
                    0,
                    0,
                    0,
                    0,
                    0,
                    0,
                    0,
                    0,
                    1,
                    4,
                    4,
                    0,
                    4,
                    1,
                    2,
                    0,
                    2,
                    1,
                    0,
                    0,
                    0,
                    4,
                    0,
                    0,
                    0,
                    0,
                    0,
                    1,
                    0,
                    2,
                    0,
                    1,
                    0,
                    1,
                    0,
                    0,
                    0,
                    0,
                    0,
                    0,
                    0,
                    0,
                    0,
                    0,
                    0,
                    0,
                    0,
                    0,
                    0,
                    1
                ],
                "max_ratio": 0.13793103448275862,
                "total_no_nan": 29,
                "total": 29,
                "cluster_name": "cluster_3"
            },
            {
                "min": 20.0,
                "max": 35.0,
                "median": 27.0,
                "percentile25": 24.0,
                "percentile75": 29.0,
                "percentile9": 21.0,
                "percentile91": 30.410000000000004,
                "std": 3.532603847140011,
                "distribution": [
                    3,
                    4,
                    1,
                    1,
                    0,
                    8,
                    2,
                    4,
                    0,
                    7,
                    8,
                    7,
                    0,
                    2,
                    2,
                    0,
                    0,
                    0,
                    2,
                    1,
                    0,
                    0,
                    0,
                    0,
                    0,
                    0,
                    0,
                    0,
                    0,
                    0,
                    0,
                    0,
                    0,
                    0,
                    0,
                    0,
                    0,
                    0,
                    0,
                    0,
                    0,
                    0,
                    0,
                    0,
                    0,
                    0,
                    0,
                    0,
                    0,
                    0,
                    0,
                    0,
                    0,
                    0,
                    0,
                    0,
                    0,
                    0,
                    0,
                    0
                ],
                "max_ratio": 0.15384615384615385,
                "total_no_nan": 52,
                "total": 52,
                "cluster_name": "cluster_4"
            }
        ],
        "type": "numerical",
        "scale": {
            "min": 20.0,
            "max": 66.0,
            "max_ratio": 0.15384615384615385
        },
        "global": {
            "min": 20.0,
            "max": 66.0,
            "median": 28.0,
            "percentile25": 25.0,
            "percentile75": 32.0,
            "percentile9": 21.0,
            "percentile91": 39.0,
            "std": 7.244300311011462,
            "distribution": [
                6,
                9,
                2,
                3,
                0,
                13,
                12,
                11,
                0,
                13,
                10,
                16,
                0,
                5,
                10,
                10,
                2,
                0,
                3,
                5,
                4,
                0,
                4,
                1,
                2,
                0,
                2,
                1,
                0,
                0,
                0,
                4,
                0,
                0,
                0,
                0,
                0,
                1,
                0,
                2,
                0,
                1,
                0,
                1,
                0,
                0,
                0,
                0,
                0,
                0,
                0,
                0,
                0,
                0,
                0,
                0,
                0,
                0,
                0,
                1
            ],
            "max_ratio": 0.1038961038961039,
            "total_no_nan": 154,
            "total": 410
        }
    },
    {
        "variable": "Gr\u00f6\u00dfe",
        "per_cluster": [
            {
                "min": 155.0,
                "max": 185.0,
                "median": 175.0,
                "percentile25": 169.0,
                "percentile75": 180.0,
                "percentile9": 165.0,
                "percentile91": 183.0,
                "std": 6.842544598939647,
                "distribution": [
                    0,
                    0,
                    0,
                    0,
                    0,
                    0,
                    0,
                    0,
                    0,
                    0,
                    0,
                    0,
                    0,
                    0,
                    0,
                    0,
                    0,
                    0,
                    0,
                    0,
                    0,
                    0,
                    0,
                    0,
                    0,
                    0,
                    0,
                    0,
                    0,
                    0,
                    0,
                    0,
                    0,
                    0,
                    0,
                    0,
                    0,
                    0,
                    0,
                    0,
                    0,
                    0,
                    0,
                    0,
                    0,
                    0,
                    1,
                    2,
                    2,
                    5,
                    11,
                    11,
                    13,
                    9,
                    16,
                    3,
                    0,
                    0,
                    0,
                    0
                ],
                "max_ratio": 0.2191780821917808,
                "total_no_nan": 73,
                "total": 73,
                "cluster_name": "cluster_0"
            },
            {
                "min": 0.0,
                "max": 0.0,
                "median": 0.0,
                "percentile25": 0.0,
                "percentile75": 0.0,
                "percentile9": 0.0,
                "percentile91": 0.0,
                "std": 0.0,
                "distribution": [
                    188,
                    0,
                    0,
                    0,
                    0,
                    0,
                    0,
                    0,
                    0,
                    0,
                    0,
                    0,
                    0,
                    0,
                    0,
                    0,
                    0,
                    0,
                    0,
                    0,
                    0,
                    0,
                    0,
                    0,
                    0,
                    0,
                    0,
                    0,
                    0,
                    0,
                    0,
                    0,
                    0,
                    0,
                    0,
                    0,
                    0,
                    0,
                    0,
                    0,
                    0,
                    0,
                    0,
                    0,
                    0,
                    0,
                    0,
                    0,
                    0,
                    0,
                    0,
                    0,
                    0,
                    0,
                    0,
                    0,
                    0,
                    0,
                    0,
                    0
                ],
                "max_ratio": 1.0,
                "total_no_nan": 188,
                "total": 189,
                "cluster_name": "cluster_1"
            },
            {
                "min": 0.0,
                "max": 0.0,
                "median": 0.0,
                "percentile25": 0.0,
                "percentile75": 0.0,
                "percentile9": 0.0,
                "percentile91": 0.0,
                "std": 0.0,
                "distribution": [
                    67,
                    0,
                    0,
                    0,
                    0,
                    0,
                    0,
                    0,
                    0,
                    0,
                    0,
                    0,
                    0,
                    0,
                    0,
                    0,
                    0,
                    0,
                    0,
                    0,
                    0,
                    0,
                    0,
                    0,
                    0,
                    0,
                    0,
                    0,
                    0,
                    0,
                    0,
                    0,
                    0,
                    0,
                    0,
                    0,
                    0,
                    0,
                    0,
                    0,
                    0,
                    0,
                    0,
                    0,
                    0,
                    0,
                    0,
                    0,
                    0,
                    0,
                    0,
                    0,
                    0,
                    0,
                    0,
                    0,
                    0,
                    0,
                    0,
                    0
                ],
                "max_ratio": 1.0,
                "total_no_nan": 67,
                "total": 67,
                "cluster_name": "cluster_2"
            },
            {
                "min": 163.0,
                "max": 190.0,
                "median": 173.0,
                "percentile25": 168.0,
                "percentile75": 182.0,
                "percentile9": 165.0,
                "percentile91": 189.0,
                "std": 8.42382104503716,
                "distribution": [
                    0,
                    0,
                    0,
                    0,
                    0,
                    0,
                    0,
                    0,
                    0,
                    0,
                    0,
                    0,
                    0,
                    0,
                    0,
                    0,
                    0,
                    0,
                    0,
                    0,
                    0,
                    0,
                    0,
                    0,
                    0,
                    0,
                    0,
                    0,
                    0,
                    0,
                    0,
                    0,
                    0,
                    0,
                    0,
                    0,
                    0,
                    0,
                    0,
                    0,
                    0,
                    0,
                    0,
                    0,
                    0,
                    0,
                    0,
                    0,
                    1,
                    3,
                    5,
                    6,
                    4,
                    1,
                    4,
                    0,
                    3,
                    2,
                    0,
                    0
                ],
                "max_ratio": 0.20689655172413793,
                "total_no_nan": 29,
                "total": 29,
                "cluster_name": "cluster_3"
            },
            {
                "min": 164.0,
                "max": 200.0,
                "median": 178.0,
                "percentile25": 172.0,
                "percentile75": 183.0,
                "percentile9": 170.0,
                "percentile91": 185.0,
                "std": 7.143085372516086,
                "distribution": [
                    0,
                    0,
                    0,
                    0,
                    0,
                    0,
                    0,
                    0,
                    0,
                    0,
                    0,
                    0,
                    0,
                    0,
                    0,
                    0,
                    0,
                    0,
                    0,
                    0,
                    0,
                    0,
                    0,
                    0,
                    0,
                    0,
                    0,
                    0,
                    0,
                    0,
                    0,
                    0,
                    0,
                    0,
                    0,
                    0,
                    0,
                    0,
                    0,
                    0,
                    0,
                    0,
                    0,
                    0,
                    0,
                    0,
                    0,
                    0,
                    0,
                    2,
                    1,
                    15,
                    4,
                    8,
                    13,
                    7,
                    0,
                    0,
                    0,
                    2
                ],
                "max_ratio": 0.28846153846153844,
                "total_no_nan": 52,
                "total": 52,
                "cluster_name": "cluster_4"
            }
        ],
        "type": "numerical",
        "scale": {
            "min": 0.0,
            "max": 200.0,
            "max_ratio": 1.0
        },
        "global": {
            "min": 0.0,
            "max": 200.0,
            "median": 0.0,
            "percentile25": 0.0,
            "percentile75": 172.0,
            "percentile9": 0.0,
            "percentile91": 180.0,
            "std": 85.11498079657996,
            "distribution": [
                255,
                0,
                0,
                0,
                0,
                0,
                0,
                0,
                0,
                0,
                0,
                0,
                0,
                0,
                0,
                0,
                0,
                0,
                0,
                0,
                0,
                0,
                0,
                0,
                0,
                0,
                0,
                0,
                0,
                0,
                0,
                0,
                0,
                0,
                0,
                0,
                0,
                0,
                0,
                0,
                0,
                0,
                0,
                0,
                0,
                0,
                1,
                2,
                3,
                10,
                17,
                32,
                21,
                18,
                33,
                10,
                3,
                2,
                0,
                2
            ],
            "max_ratio": 0.6234718826405868,
            "total_no_nan": 409,
            "total": 410
        }
    },
    {
        "variable": "Geschafft_HF",
        "per_cluster": [
            {
                "min": 1.0,
                "max": 5.0,
                "median": 5.0,
                "percentile25": 3.5000000000000013,
                "percentile75": 5.0,
                "percentile9": 2.0,
                "percentile91": 5.0,
                "std": 1.2913520154089786,
                "distribution": [
                    2,
                    0,
                    0,
                    0,
                    0,
                    0,
                    0,
                    4,
                    0,
                    0,
                    0,
                    0,
                    0,
                    0,
                    0,
                    4,
                    0,
                    0,
                    0,
                    0,
                    0,
                    0,
                    0,
                    0,
                    0,
                    0,
                    0,
                    0,
                    0,
                    0,
                    28,
                    0,
                    0,
                    0,
                    0,
                    0,
                    0,
                    0,
                    0,
                    0,
                    0,
                    0,
                    0,
                    0,
                    0,
                    0,
                    0,
                    0,
                    0,
                    0,
                    0,
                    0,
                    0,
                    0,
                    0,
                    0,
                    0,
                    0,
                    0,
                    0
                ],
                "max_ratio": 0.7368421052631579,
                "total_no_nan": 38,
                "total": 73,
                "cluster_name": "cluster_0"
            },
            {
                "min": 1.0,
                "max": 9.0,
                "median": 5.0,
                "percentile25": 3.0,
                "percentile75": 8.0,
                "percentile9": 2.0,
                "percentile91": 9.0,
                "std": 2.48292781923993,
                "distribution": [
                    2,
                    0,
                    0,
                    0,
                    0,
                    0,
                    0,
                    4,
                    0,
                    0,
                    0,
                    0,
                    0,
                    0,
                    0,
                    9,
                    0,
                    0,
                    0,
                    0,
                    0,
                    0,
                    0,
                    0,
                    0,
                    0,
                    0,
                    0,
                    0,
                    0,
                    19,
                    0,
                    0,
                    0,
                    0,
                    0,
                    0,
                    0,
                    0,
                    0,
                    0,
                    0,
                    0,
                    0,
                    0,
                    0,
                    0,
                    0,
                    0,
                    0,
                    0,
                    0,
                    4,
                    0,
                    0,
                    0,
                    0,
                    0,
                    0,
                    10
                ],
                "max_ratio": 0.3958333333333333,
                "total_no_nan": 48,
                "total": 189,
                "cluster_name": "cluster_1"
            },
            {
                "min": 1.0,
                "max": 3.0,
                "median": 3.0,
                "percentile25": 2.0,
                "percentile75": 3.0,
                "percentile9": 1.3599999999999999,
                "percentile91": 3.0,
                "std": 0.9428090415820634,
                "distribution": [
                    1,
                    0,
                    0,
                    0,
                    0,
                    0,
                    0,
                    0,
                    0,
                    0,
                    0,
                    0,
                    0,
                    0,
                    0,
                    2,
                    0,
                    0,
                    0,
                    0,
                    0,
                    0,
                    0,
                    0,
                    0,
                    0,
                    0,
                    0,
                    0,
                    0,
                    0,
                    0,
                    0,
                    0,
                    0,
                    0,
                    0,
                    0,
                    0,
                    0,
                    0,
                    0,
                    0,
                    0,
                    0,
                    0,
                    0,
                    0,
                    0,
                    0,
                    0,
                    0,
                    0,
                    0,
                    0,
                    0,
                    0,
                    0,
                    0,
                    0
                ],
                "max_ratio": 0.6666666666666666,
                "total_no_nan": 3,
                "total": 67,
                "cluster_name": "cluster_2"
            },
            {
                "min": 1.0,
                "max": 7.0,
                "median": 5.0,
                "percentile25": 2.0,
                "percentile75": 5.0,
                "percentile9": 2.0,
                "percentile91": 6.66,
                "std": 1.889822365046136,
                "distribution": [
                    1,
                    0,
                    0,
                    0,
                    0,
                    0,
                    0,
                    4,
                    0,
                    0,
                    0,
                    0,
                    0,
                    0,
                    0,
                    1,
                    0,
                    0,
                    0,
                    0,
                    0,
                    0,
                    0,
                    0,
                    0,
                    0,
                    0,
                    0,
                    0,
                    0,
                    6,
                    0,
                    0,
                    0,
                    0,
                    0,
                    0,
                    0,
                    0,
                    0,
                    0,
                    0,
                    0,
                    0,
                    0,
                    2,
                    0,
                    0,
                    0,
                    0,
                    0,
                    0,
                    0,
                    0,
                    0,
                    0,
                    0,
                    0,
                    0,
                    0
                ],
                "max_ratio": 0.42857142857142855,
                "total_no_nan": 14,
                "total": 29,
                "cluster_name": "cluster_3"
            },
            {
                "min": 7.0,
                "max": 9.0,
                "median": 9.0,
                "percentile25": 8.0,
                "percentile75": 9.0,
                "percentile9": 7.0,
                "percentile91": 9.0,
                "std": 0.6866758104368126,
                "distribution": [
                    0,
                    0,
                    0,
                    0,
                    0,
                    0,
                    0,
                    0,
                    0,
                    0,
                    0,
                    0,
                    0,
                    0,
                    0,
                    0,
                    0,
                    0,
                    0,
                    0,
                    0,
                    0,
                    0,
                    0,
                    0,
                    0,
                    0,
                    0,
                    0,
                    0,
                    0,
                    0,
                    0,
                    0,
                    0,
                    0,
                    0,
                    0,
                    0,
                    0,
                    0,
                    0,
                    0,
                    0,
                    0,
                    6,
                    0,
                    0,
                    0,
                    0,
                    0,
                    0,
                    19,
                    0,
                    0,
                    0,
                    0,
                    0,
                    0,
                    27
                ],
                "max_ratio": 0.5192307692307693,
                "total_no_nan": 52,
                "total": 52,
                "cluster_name": "cluster_4"
            }
        ],
        "type": "numerical",
        "scale": {
            "min": 1.0,
            "max": 9.0,
            "max_ratio": 0.7368421052631579
        },
        "global": {
            "min": 1.0,
            "max": 9.0,
            "median": 5.0,
            "percentile25": 5.0,
            "percentile75": 8.0,
            "percentile9": 2.0,
            "percentile91": 9.0,
            "std": 2.5025606033343295,
            "distribution": [
                6,
                0,
                0,
                0,
                0,
                0,
                0,
                12,
                0,
                0,
                0,
                0,
                0,
                0,
                0,
                16,
                0,
                0,
                0,
                0,
                0,
                0,
                0,
                0,
                0,
                0,
                0,
                0,
                0,
                0,
                53,
                0,
                0,
                0,
                0,
                0,
                0,
                0,
                0,
                0,
                0,
                0,
                0,
                0,
                0,
                8,
                0,
                0,
                0,
                0,
                0,
                0,
                23,
                0,
                0,
                0,
                0,
                0,
                0,
                37
            ],
            "max_ratio": 0.3419354838709677,
            "total_no_nan": 155,
            "total": 410
        }
    },
    {
        "variable": "Nationalit\u00e4t",
        "per_cluster": [
            {
                "distribution": [
                    {
                        "label": "Deutschland",
                        "total_no_nan": 66,
                        "ratio": 0.9041095890410958
                    },
                    {
                        "label": "\u00d6sterreich",
                        "total_no_nan": 1,
                        "ratio": 0.0136986301369863
                    },
                    {
                        "label": "Albanien",
                        "total_no_nan": 2,
                        "ratio": 0.0273972602739726
                    },
                    {
                        "label": "Italien",
                        "total_no_nan": 2,
                        "ratio": 0.0273972602739726
                    },
                    {
                        "label": "Niederlande",
                        "total_no_nan": 0,
                        "ratio": 0.0
                    },
                    {
                        "label": "Schweiz",
                        "total_no_nan": 1,
                        "ratio": 0.0136986301369863
                    },
                    {
                        "label": "Bulgarien",
                        "total_no_nan": 1,
                        "ratio": 0.0136986301369863
                    },
                    {
                        "label": "Frankreich",
                        "total_no_nan": 0,
                        "ratio": 0.0
                    },
                    {
                        "label": null,
                        "total_no_nan": 0,
                        "ratio": 0.0
                    }
                ],
                "max_ratio": 0.9041095890410958,
                "total": 73,
                "total_no_nan": 73,
                "cluster_name": "cluster_0"
            },
            {
                "distribution": [
                    {
                        "label": "Deutschland",
                        "total_no_nan": 187,
                        "ratio": 0.9894179894179894
                    },
                    {
                        "label": "\u00d6sterreich",
                        "total_no_nan": 0,
                        "ratio": 0.0
                    },
                    {
                        "label": "Albanien",
                        "total_no_nan": 0,
                        "ratio": 0.0
                    },
                    {
                        "label": "Italien",
                        "total_no_nan": 0,
                        "ratio": 0.0
                    },
                    {
                        "label": "Niederlande",
                        "total_no_nan": 0,
                        "ratio": 0.0
                    },
                    {
                        "label": "Schweiz",
                        "total_no_nan": 0,
                        "ratio": 0.0
                    },
                    {
                        "label": "Bulgarien",
                        "total_no_nan": 0,
                        "ratio": 0.0
                    },
                    {
                        "label": "Frankreich",
                        "total_no_nan": 1,
                        "ratio": 0.005291005291005291
                    },
                    {
                        "label": null,
                        "total_no_nan": 1,
                        "ratio": 0.005291005291005291
                    }
                ],
                "max_ratio": 0.9894179894179894,
                "total": 189,
                "total_no_nan": 189,
                "cluster_name": "cluster_1"
            },
            {
                "distribution": [
                    {
                        "label": "Deutschland",
                        "total_no_nan": 67,
                        "ratio": 1.0
                    },
                    {
                        "label": "\u00d6sterreich",
                        "total_no_nan": 0,
                        "ratio": 0.0
                    },
                    {
                        "label": "Albanien",
                        "total_no_nan": 0,
                        "ratio": 0.0
                    },
                    {
                        "label": "Italien",
                        "total_no_nan": 0,
                        "ratio": 0.0
                    },
                    {
                        "label": "Niederlande",
                        "total_no_nan": 0,
                        "ratio": 0.0
                    },
                    {
                        "label": "Schweiz",
                        "total_no_nan": 0,
                        "ratio": 0.0
                    },
                    {
                        "label": "Bulgarien",
                        "total_no_nan": 0,
                        "ratio": 0.0
                    },
                    {
                        "label": "Frankreich",
                        "total_no_nan": 0,
                        "ratio": 0.0
                    },
                    {
                        "label": null,
                        "total_no_nan": 0,
                        "ratio": 0.0
                    }
                ],
                "max_ratio": 1.0,
                "total": 67,
                "total_no_nan": 67,
                "cluster_name": "cluster_2"
            },
            {
                "distribution": [
                    {
                        "label": "Deutschland",
                        "total_no_nan": 23,
                        "ratio": 0.7931034482758621
                    },
                    {
                        "label": "\u00d6sterreich",
                        "total_no_nan": 6,
                        "ratio": 0.20689655172413793
                    },
                    {
                        "label": "Albanien",
                        "total_no_nan": 0,
                        "ratio": 0.0
                    },
                    {
                        "label": "Italien",
                        "total_no_nan": 0,
                        "ratio": 0.0
                    },
                    {
                        "label": "Niederlande",
                        "total_no_nan": 0,
                        "ratio": 0.0
                    },
                    {
                        "label": "Schweiz",
                        "total_no_nan": 0,
                        "ratio": 0.0
                    },
                    {
                        "label": "Bulgarien",
                        "total_no_nan": 0,
                        "ratio": 0.0
                    },
                    {
                        "label": "Frankreich",
                        "total_no_nan": 0,
                        "ratio": 0.0
                    },
                    {
                        "label": null,
                        "total_no_nan": 0,
                        "ratio": 0.0
                    }
                ],
                "max_ratio": 0.7931034482758621,
                "total": 29,
                "total_no_nan": 29,
                "cluster_name": "cluster_3"
            },
            {
                "distribution": [
                    {
                        "label": "Deutschland",
                        "total_no_nan": 48,
                        "ratio": 0.9230769230769231
                    },
                    {
                        "label": "\u00d6sterreich",
                        "total_no_nan": 1,
                        "ratio": 0.019230769230769232
                    },
                    {
                        "label": "Albanien",
                        "total_no_nan": 0,
                        "ratio": 0.0
                    },
                    {
                        "label": "Italien",
                        "total_no_nan": 0,
                        "ratio": 0.0
                    },
                    {
                        "label": "Niederlande",
                        "total_no_nan": 2,
                        "ratio": 0.038461538461538464
                    },
                    {
                        "label": "Schweiz",
                        "total_no_nan": 1,
                        "ratio": 0.019230769230769232
                    },
                    {
                        "label": "Bulgarien",
                        "total_no_nan": 0,
                        "ratio": 0.0
                    },
                    {
                        "label": "Frankreich",
                        "total_no_nan": 0,
                        "ratio": 0.0
                    },
                    {
                        "label": null,
                        "total_no_nan": 0,
                        "ratio": 0.0
                    }
                ],
                "max_ratio": 0.9230769230769231,
                "total": 52,
                "total_no_nan": 52,
                "cluster_name": "cluster_4"
            }
        ],
        "type": "categorical",
        "global": {
            "distribution": [
                {
                    "label": "Deutschland",
                    "total_no_nan": 391,
                    "ratio": 0.9536585365853658
                },
                {
                    "label": "\u00d6sterreich",
                    "total_no_nan": 8,
                    "ratio": 0.01951219512195122
                },
                {
                    "label": "Albanien",
                    "total_no_nan": 2,
                    "ratio": 0.004878048780487805
                },
                {
                    "label": "Italien",
                    "total_no_nan": 2,
                    "ratio": 0.004878048780487805
                },
                {
                    "label": "Niederlande",
                    "total_no_nan": 2,
                    "ratio": 0.004878048780487805
                },
                {
                    "label": "Schweiz",
                    "total_no_nan": 2,
                    "ratio": 0.004878048780487805
                },
                {
                    "label": "Bulgarien",
                    "total_no_nan": 1,
                    "ratio": 0.0024390243902439024
                },
                {
                    "label": "Frankreich",
                    "total_no_nan": 1,
                    "ratio": 0.0024390243902439024
                },
                {
                    "label": null,
                    "total_no_nan": 1,
                    "ratio": 0.0024390243902439024
                }
            ],
            "max_ratio": 0.9536585365853658,
            "total": 410,
            "total_no_nan": 410
        },
        "scale": {
            "max_ratio": 1.0,
            "categories": [
                "Deutschland",
                "\u00d6sterreich",
                "Albanien",
                "Italien",
                "Niederlande",
                "Schweiz",
                "Bulgarien",
                "Frankreich",
                null
            ]
        }
    },
    {
        "variable": "Geschlecht",
        "per_cluster": [
            {
                "distribution": [
                    {
                        "label": "m",
                        "total_no_nan": 48,
                        "ratio": 0.6575342465753424
                    },
                    {
                        "label": "w",
                        "total_no_nan": 25,
                        "ratio": 0.3424657534246575
                    },
                    {
                        "label": null,
                        "total_no_nan": 0,
                        "ratio": 0.0
                    }
                ],
                "max_ratio": 0.6575342465753424,
                "total": 73,
                "total_no_nan": 73,
                "cluster_name": "cluster_0"
            },
            {
                "distribution": [
                    {
                        "label": "m",
                        "total_no_nan": 188,
                        "ratio": 0.9947089947089947
                    },
                    {
                        "label": "w",
                        "total_no_nan": 0,
                        "ratio": 0.0
                    },
                    {
                        "label": null,
                        "total_no_nan": 1,
                        "ratio": 0.005291005291005291
                    }
                ],
                "max_ratio": 0.9947089947089947,
                "total": 189,
                "total_no_nan": 189,
                "cluster_name": "cluster_1"
            },
            {
                "distribution": [
                    {
                        "label": "m",
                        "total_no_nan": 0,
                        "ratio": 0.0
                    },
                    {
                        "label": "w",
                        "total_no_nan": 67,
                        "ratio": 1.0
                    },
                    {
                        "label": null,
                        "total_no_nan": 0,
                        "ratio": 0.0
                    }
                ],
                "max_ratio": 1.0,
                "total": 67,
                "total_no_nan": 67,
                "cluster_name": "cluster_2"
            },
            {
                "distribution": [
                    {
                        "label": "m",
                        "total_no_nan": 21,
                        "ratio": 0.7241379310344828
                    },
                    {
                        "label": "w",
                        "total_no_nan": 8,
                        "ratio": 0.27586206896551724
                    },
                    {
                        "label": null,
                        "total_no_nan": 0,
                        "ratio": 0.0
                    }
                ],
                "max_ratio": 0.7241379310344828,
                "total": 29,
                "total_no_nan": 29,
                "cluster_name": "cluster_3"
            },
            {
                "distribution": [
                    {
                        "label": "m",
                        "total_no_nan": 49,
                        "ratio": 0.9423076923076923
                    },
                    {
                        "label": "w",
                        "total_no_nan": 3,
                        "ratio": 0.057692307692307696
                    },
                    {
                        "label": null,
                        "total_no_nan": 0,
                        "ratio": 0.0
                    }
                ],
                "max_ratio": 0.9423076923076923,
                "total": 52,
                "total_no_nan": 52,
                "cluster_name": "cluster_4"
            }
        ],
        "type": "categorical",
        "global": {
            "distribution": [
                {
                    "label": "m",
                    "total_no_nan": 306,
                    "ratio": 0.7463414634146341
                },
                {
                    "label": "w",
                    "total_no_nan": 103,
                    "ratio": 0.25121951219512195
                },
                {
                    "label": null,
                    "total_no_nan": 1,
                    "ratio": 0.0024390243902439024
                }
            ],
            "max_ratio": 0.7463414634146341,
            "total": 410,
            "total_no_nan": 410
        },
        "scale": {
            "max_ratio": 1.0,
            "categories": [
                "m",
                "w",
                null
            ]
        }
    }
]