{
    "metrics": {
        "inertia": 267.02877615471783,
        "silhouette": 0.5945593593381151,
        "nbClusters": 5
    },
    "processed_feature_names": [
        "Gewicht",
        "Alter",
        "Gr\u00f6\u00dfe",
        "Geschafft_HF",
        "dummy:Nationalit\u00e4t:Deutschland",
        "dummy:Nationalit\u00e4t:\u00d6sterreich",
        "dummy:Nationalit\u00e4t:Albanien",
        "dummy:Nationalit\u00e4t:Italien",
        "dummy:Nationalit\u00e4t:Niederlande",
        "dummy:Nationalit\u00e4t:Schweiz",
        "dummy:Nationalit\u00e4t:Bulgarien",
        "dummy:Nationalit\u00e4t:Frankreich",
        "dummy:Nationalit\u00e4t:N/A",
        "dummy:Nationalit\u00e4t:__Others__",
        "dummy:Geschlecht:m",
        "dummy:Geschlecht:w",
        "dummy:Geschlecht:N/A",
        "dummy:Geschlecht:__Others__"
    ],
    "variables_importance": {
        "variables": [
            "Gewicht",
            "Alter",
            "Gr\u00f6\u00dfe",
            "Geschafft_HF",
            "dummy:Nationalit\u00e4t:Deutschland",
            "dummy:Nationalit\u00e4t:\u00d6sterreich",
            "dummy:Nationalit\u00e4t:Albanien",
            "dummy:Nationalit\u00e4t:Italien",
            "dummy:Nationalit\u00e4t:Niederlande",
            "dummy:Nationalit\u00e4t:Schweiz",
            "dummy:Nationalit\u00e4t:Bulgarien",
            "dummy:Nationalit\u00e4t:Frankreich",
            "dummy:Nationalit\u00e4t:N/A",
            "dummy:Geschlecht:m",
            "dummy:Geschlecht:w",
            "dummy:Geschlecht:N/A"
        ],
        "importances": [
            0.17008882945258738,
            0.15937361617862578,
            0.1972973873438636,
            0.1475166456814291,
            0.00805695049403625,
            0.008800157811931147,
            0.0008328582625428341,
            0.0012555744629285809,
            0.001991103675070259,
            0.0009054331849623483,
            0.0004406384672264549,
            0.0002869811674179226,
            0.0007999862008770997,
            0.14690980438530354,
            0.15441216521228107,
            0.001031868018916541
        ]
    },
    "reduce_vars": [],
    "train_nb_records": 410,
    "train_nb_features": 18,
    "train_nb_outliers": 0,
    "cluster_description": [
        {
            "variable": "dummy:Nationalit\u00e4t:Deutschland",
            "var": 0.01,
            "values": [
                {
                    "cluster": "cluster_0",
                    "value": 0.9041095890410958
                },
                {
                    "cluster": "cluster_1",
                    "value": 0.9894179894179894
                },
                {
                    "cluster": "cluster_2",
                    "value": 1.0
                },
                {
                    "cluster": "cluster_3",
                    "value": 0.7931034482758621
                },
                {
                    "cluster": "cluster_4",
                    "value": 0.9230769230769231
                }
            ]
        },
        {
            "variable": "dummy:Nationalit\u00e4t:\u00d6sterreich",
            "var": 0.01,
            "values": [
                {
                    "cluster": "cluster_0",
                    "value": 0.0136986301369863
                },
                {
                    "cluster": "cluster_1",
                    "value": 0.0
                },
                {
                    "cluster": "cluster_2",
                    "value": 0.0
                },
                {
                    "cluster": "cluster_3",
                    "value": 0.20689655172413793
                },
                {
                    "cluster": "cluster_4",
                    "value": 0.019230769230769232
                }
            ]
        },
        {
            "variable": "dummy:Nationalit\u00e4t:Albanien",
            "var": 0.0,
            "values": [
                {
                    "cluster": "cluster_0",
                    "value": 0.0273972602739726
                },
                {
                    "cluster": "cluster_1",
                    "value": 0.0
                },
                {
                    "cluster": "cluster_2",
                    "value": 0.0
                },
                {
                    "cluster": "cluster_3",
                    "value": 0.0
                },
                {
                    "cluster": "cluster_4",
                    "value": 0.0
                }
            ]
        },
        {
            "variable": "dummy:Nationalit\u00e4t:Italien",
            "var": 0.0,
            "values": [
                {
                    "cluster": "cluster_0",
                    "value": 0.0273972602739726
                },
                {
                    "cluster": "cluster_1",
                    "value": 0.0
                },
                {
                    "cluster": "cluster_2",
                    "value": 0.0
                },
                {
                    "cluster": "cluster_3",
                    "value": 0.0
                },
                {
                    "cluster": "cluster_4",
                    "value": 0.0
                }
            ]
        },
        {
            "variable": "dummy:Nationalit\u00e4t:Niederlande",
            "var": 0.0,
            "values": [
                {
                    "cluster": "cluster_0",
                    "value": 0.0
                },
                {
                    "cluster": "cluster_1",
                    "value": 0.0
                },
                {
                    "cluster": "cluster_2",
                    "value": 0.0
                },
                {
                    "cluster": "cluster_3",
                    "value": 0.0
                },
                {
                    "cluster": "cluster_4",
                    "value": 0.038461538461538464
                }
            ]
        },
        {
            "variable": "dummy:Nationalit\u00e4t:Schweiz",
            "var": 0.0,
            "values": [
                {
                    "cluster": "cluster_0",
                    "value": 0.0136986301369863
                },
                {
                    "cluster": "cluster_1",
                    "value": 0.0
                },
                {
                    "cluster": "cluster_2",
                    "value": 0.0
                },
                {
                    "cluster": "cluster_3",
                    "value": 0.0
                },
                {
                    "cluster": "cluster_4",
                    "value": 0.019230769230769232
                }
            ]
        },
        {
            "variable": "dummy:Nationalit\u00e4t:Bulgarien",
            "var": 0.0,
            "values": [
                {
                    "cluster": "cluster_0",
                    "value": 0.0136986301369863
                },
                {
                    "cluster": "cluster_1",
                    "value": 0.0
                },
                {
                    "cluster": "cluster_2",
                    "value": 0.0
                },
                {
                    "cluster": "cluster_3",
                    "value": 0.0
                },
                {
                    "cluster": "cluster_4",
                    "value": 0.0
                }
            ]
        },
        {
            "variable": "dummy:Nationalit\u00e4t:Frankreich",
            "var": 0.0,
            "values": [
                {
                    "cluster": "cluster_0",
                    "value": 0.0
                },
                {
                    "cluster": "cluster_1",
                    "value": 0.005291005291005291
                },
                {
                    "cluster": "cluster_2",
                    "value": 0.0
                },
                {
                    "cluster": "cluster_3",
                    "value": 0.0
                },
                {
                    "cluster": "cluster_4",
                    "value": 0.0
                }
            ]
        },
        {
            "variable": "dummy:Nationalit\u00e4t:N/A",
            "var": 0.0,
            "values": [
                {
                    "cluster": "cluster_0",
                    "value": 0.0
                },
                {
                    "cluster": "cluster_1",
                    "value": 0.005291005291005291
                },
                {
                    "cluster": "cluster_2",
                    "value": 0.0
                },
                {
                    "cluster": "cluster_3",
                    "value": 0.0
                },
                {
                    "cluster": "cluster_4",
                    "value": 0.0
                }
            ]
        },
        {
            "variable": "dummy:Nationalit\u00e4t:__Others__",
            "var": 0.0,
            "values": [
                {
                    "cluster": "cluster_0",
                    "value": 0.0
                },
                {
                    "cluster": "cluster_1",
                    "value": 0.0
                },
                {
                    "cluster": "cluster_2",
                    "value": 0.0
                },
                {
                    "cluster": "cluster_3",
                    "value": 0.0
                },
                {
                    "cluster": "cluster_4",
                    "value": 0.0
                }
            ]
        },
        {
            "variable": "dummy:Geschlecht:m",
            "var": 0.16,
            "values": [
                {
                    "cluster": "cluster_0",
                    "value": 0.6575342465753424
                },
                {
                    "cluster": "cluster_1",
                    "value": 0.9947089947089947
                },
                {
                    "cluster": "cluster_2",
                    "value": 0.0
                },
                {
                    "cluster": "cluster_3",
                    "value": 0.7241379310344828
                },
                {
                    "cluster": "cluster_4",
                    "value": 0.9423076923076923
                }
            ]
        },
        {
            "variable": "dummy:Geschlecht:w",
            "var": 0.16,
            "values": [
                {
                    "cluster": "cluster_0",
                    "value": 0.3424657534246575
                },
                {
                    "cluster": "cluster_1",
                    "value": 0.0
                },
                {
                    "cluster": "cluster_2",
                    "value": 1.0
                },
                {
                    "cluster": "cluster_3",
                    "value": 0.27586206896551724
                },
                {
                    "cluster": "cluster_4",
                    "value": 0.057692307692307696
                }
            ]
        },
        {
            "variable": "dummy:Geschlecht:N/A",
            "var": 0.0,
            "values": [
                {
                    "cluster": "cluster_0",
                    "value": 0.0
                },
                {
                    "cluster": "cluster_1",
                    "value": 0.005291005291005291
                },
                {
                    "cluster": "cluster_2",
                    "value": 0.0
                },
                {
                    "cluster": "cluster_3",
                    "value": 0.0
                },
                {
                    "cluster": "cluster_4",
                    "value": 0.0
                }
            ]
        },
        {
            "variable": "dummy:Geschlecht:__Others__",
            "var": 0.0,
            "values": [
                {
                    "cluster": "cluster_0",
                    "value": 0.0
                },
                {
                    "cluster": "cluster_1",
                    "value": 0.0
                },
                {
                    "cluster": "cluster_2",
                    "value": 0.0
                },
                {
                    "cluster": "cluster_3",
                    "value": 0.0
                },
                {
                    "cluster": "cluster_4",
                    "value": 0.0
                }
            ]
        },
        {
            "variable": "Gewicht",
            "var": 1353.47,
            "values": [
                {
                    "cluster": "cluster_0",
                    "value": 64.45205479452055
                },
                {
                    "cluster": "cluster_1",
                    "value": 0.0
                },
                {
                    "cluster": "cluster_2",
                    "value": 0.0
                },
                {
                    "cluster": "cluster_3",
                    "value": 65.6896551724138
                },
                {
                    "cluster": "cluster_4",
                    "value": 70.92307692307692
                }
            ]
        },
        {
            "variable": "Alter",
            "var": 70.21,
            "values": [
                {
                    "cluster": "cluster_0",
                    "value": 27.232876712328768
                },
                {
                    "cluster": "cluster_3",
                    "value": 41.3448275862069
                },
                {
                    "cluster": "cluster_4",
                    "value": 26.46153846153846
                }
            ]
        },
        {
            "variable": "Gr\u00f6\u00dfe",
            "var": 9249.61,
            "values": [
                {
                    "cluster": "cluster_0",
                    "value": 173.87671232876713
                },
                {
                    "cluster": "cluster_1",
                    "value": 0.0
                },
                {
                    "cluster": "cluster_2",
                    "value": 0.0
                },
                {
                    "cluster": "cluster_3",
                    "value": 175.06896551724137
                },
                {
                    "cluster": "cluster_4",
                    "value": 177.76923076923077
                }
            ]
        },
        {
            "variable": "Geschafft_HF",
            "var": 5.06,
            "values": [
                {
                    "cluster": "cluster_0",
                    "value": 4.2631578947368425
                },
                {
                    "cluster": "cluster_1",
                    "value": 5.291666666666667
                },
                {
                    "cluster": "cluster_2",
                    "value": 2.3333333333333335
                },
                {
                    "cluster": "cluster_3",
                    "value": 4.0
                },
                {
                    "cluster": "cluster_4",
                    "value": 8.403846153846153
                }
            ]
        },
        {
            "variable": "cluster_size",
            "var": 3866.0,
            "values": [
                {
                    "cluster": "cluster_1",
                    "value": 189
                },
                {
                    "cluster": "cluster_0",
                    "value": 73
                },
                {
                    "cluster": "cluster_2",
                    "value": 67
                },
                {
                    "cluster": "cluster_4",
                    "value": 52
                },
                {
                    "cluster": "cluster_3",
                    "value": 29
                }
            ]
        }
    ],
    "summary": {
        "clusters": []
    }
}