{
    "modelId": "m1",
    "state": "DONE",
    "startTime": 1606313211118,
    "endTime": 1606313212999,
    "preprocessingTime": 155,
    "trainingTime": 1726,
    "progress": {
        "stack": [],
        "top_level_todo": [],
        "top_level_done": [
            {
                "name": "Loading source dataset",
                "time": 18
            },
            {
                "name": "Collecting statistics",
                "time": 25
            },
            {
                "name": "Preprocessing data",
                "time": 111
            },
            {
                "name": "Fitting model",
                "time": 1226
            },
            {
                "name": "Saving model",
                "time": 1
            },
            {
                "name": "Scoring model",
                "time": 499
            }
        ]
    }
}