{
  "dataSpec": {
    "inputDatasetSmartName": "20_Hindernisse_Ergebnisse_Halbfinale",
    "datasetSelection": {
      "useMemTable": false,
      "filter": {
        "distinct": false,
        "enabled": false
      },
      "partitionSelectionMethod": "ALL",
      "latestPartitionsN": 1,
      "ordering": {
        "enabled": false,
        "rules": []
      },
      "samplingMethod": "HEAD_SEQUENTIAL",
      "maxRecords": 100000,
      "targetRatio": 0.02,
      "withinFirstN": -1,
      "maxReadUncompressedBytes": -1
    },
    "autoRefreshSample": true,
    "refreshTrigger": 0,
    "containerSelection": {
      "containerMode": "INHERIT"
    }
  },
  "rootCard": {
    "type": "worksheet_root",
    "confidenceLevel": 0.95,
    "showConfidenceInterval": false,
    "highlightFilter": {
      "type": "anum",
      "column": "Gefallen_HF",
      "values": [
        "Flug.Wippen"
      ],
      "name": "Gefallen_HF: Flug.Wippen"
    },
    "cards": [
      {
        "type": "univariate_header",
        "showHistogram": true,
        "showQuantile": true,
        "showFrequencyTable": false,
        "showSummary": true,
        "showBoxPlot": true,
        "xColumns": [
          {
            "name": "Alter",
            "type": "CONTINUOUS"
          },
          {
            "name": "Größe",
            "type": "CONTINUOUS"
          },
          {
            "name": "Gewicht",
            "type": "CONTINUOUS"
          },
          {
            "name": "Geschafft_HF",
            "type": "CONTINUOUS"
          },
          {
            "name": "Geschafft",
            "type": "CONTINUOUS"
          }
        ],
        "cards": [
          {
            "type": "column_card",
            "column": {
              "name": "Alter",
              "type": "CONTINUOUS"
            },
            "cards": [
              {
                "type": "numerical_histogram",
                "showBoxPlot": true,
                "showHistogram": true,
                "highlightFilter": {
                  "type": "anum",
                  "column": "Gefallen_HF",
                  "values": [
                    "Flug.Wippen"
                  ],
                  "name": "Gefallen_HF: Flug.Wippen"
                },
                "binningMode": "AUTO",
                "nbBins": 25,
                "customBinningBoundaries": [],
                "column": {
                  "name": "Alter",
                  "type": "CONTINUOUS"
                },
                "id": "uUD5W0M"
              },
              {
                "type": "univariate_summary",
                "confidenceLevel": 0.95,
                "showConfidenceInterval": false,
                "compute": {
                  "totalCount": true,
                  "mean": true,
                  "sum": false,
                  "median": true,
                  "std": true,
                  "variance": false,
                  "skewness": false,
                  "kurtosis": false,
                  "sem": false,
                  "completeCount": true,
                  "nbEmpty": true,
                  "zeroCount": false,
                  "zeroRatio": false,
                  "nonZeroRatio": false,
                  "iqr": false,
                  "distinctCount": true,
                  "nbNonEmpty": false,
                  "min": true,
                  "max": true,
                  "range": false,
                  "mode": true
                },
                "column": {
                  "name": "Alter",
                  "type": "CONTINUOUS"
                },
                "id": "yJQQlTS"
              },
              {
                "type": "quantile_table",
                "confidenceLevel": 0.95,
                "showConfidenceInterval": false,
                "column": {
                  "name": "Alter",
                  "type": "CONTINUOUS"
                },
                "id": "LDf2E9b"
              }
            ],
            "id": "OWKwMeq"
          },
          {
            "type": "column_card",
            "column": {
              "name": "Größe",
              "type": "CONTINUOUS"
            },
            "cards": [
              {
                "type": "numerical_histogram",
                "showBoxPlot": true,
                "showHistogram": true,
                "highlightFilter": {
                  "type": "anum",
                  "column": "Gefallen_HF",
                  "values": [
                    "Flug.Wippen"
                  ],
                  "name": "Gefallen_HF: Flug.Wippen"
                },
                "binningMode": "AUTO",
                "nbBins": 25,
                "customBinningBoundaries": [],
                "column": {
                  "name": "Größe",
                  "type": "CONTINUOUS"
                },
                "id": "f0dhs8y"
              },
              {
                "type": "univariate_summary",
                "confidenceLevel": 0.95,
                "showConfidenceInterval": false,
                "compute": {
                  "totalCount": true,
                  "mean": true,
                  "sum": false,
                  "median": true,
                  "std": true,
                  "variance": false,
                  "skewness": false,
                  "kurtosis": false,
                  "sem": false,
                  "completeCount": true,
                  "nbEmpty": true,
                  "zeroCount": false,
                  "zeroRatio": false,
                  "nonZeroRatio": false,
                  "iqr": false,
                  "distinctCount": true,
                  "nbNonEmpty": false,
                  "min": true,
                  "max": true,
                  "range": false,
                  "mode": true
                },
                "column": {
                  "name": "Größe",
                  "type": "CONTINUOUS"
                },
                "id": "U5h2WHp"
              },
              {
                "type": "quantile_table",
                "confidenceLevel": 0.95,
                "showConfidenceInterval": false,
                "column": {
                  "name": "Größe",
                  "type": "CONTINUOUS"
                },
                "id": "k1fTseb"
              }
            ],
            "id": "BxeC1ck"
          },
          {
            "type": "column_card",
            "column": {
              "name": "Gewicht",
              "type": "CONTINUOUS"
            },
            "cards": [
              {
                "type": "numerical_histogram",
                "showBoxPlot": true,
                "showHistogram": true,
                "highlightFilter": {
                  "type": "anum",
                  "column": "Gefallen_HF",
                  "values": [
                    "Flug.Wippen"
                  ],
                  "name": "Gefallen_HF: Flug.Wippen"
                },
                "binningMode": "AUTO",
                "nbBins": 25,
                "customBinningBoundaries": [],
                "column": {
                  "name": "Gewicht",
                  "type": "CONTINUOUS"
                },
                "id": "erRWl3b"
              },
              {
                "type": "univariate_summary",
                "confidenceLevel": 0.95,
                "showConfidenceInterval": false,
                "compute": {
                  "totalCount": true,
                  "mean": true,
                  "sum": false,
                  "median": true,
                  "std": true,
                  "variance": false,
                  "skewness": false,
                  "kurtosis": false,
                  "sem": false,
                  "completeCount": true,
                  "nbEmpty": true,
                  "zeroCount": false,
                  "zeroRatio": false,
                  "nonZeroRatio": false,
                  "iqr": false,
                  "distinctCount": true,
                  "nbNonEmpty": false,
                  "min": true,
                  "max": true,
                  "range": false,
                  "mode": true
                },
                "column": {
                  "name": "Gewicht",
                  "type": "CONTINUOUS"
                },
                "id": "iEJdYP2"
              },
              {
                "type": "quantile_table",
                "confidenceLevel": 0.95,
                "showConfidenceInterval": false,
                "column": {
                  "name": "Gewicht",
                  "type": "CONTINUOUS"
                },
                "id": "FPsWRPD"
              }
            ],
            "id": "morUU6M"
          },
          {
            "type": "column_card",
            "column": {
              "name": "Geschafft_HF",
              "type": "CONTINUOUS"
            },
            "cards": [
              {
                "type": "numerical_histogram",
                "showBoxPlot": true,
                "showHistogram": true,
                "highlightFilter": {
                  "type": "anum",
                  "column": "Gefallen_HF",
                  "values": [
                    "Flug.Wippen"
                  ],
                  "name": "Gefallen_HF: Flug.Wippen"
                },
                "binningMode": "AUTO",
                "nbBins": 25,
                "customBinningBoundaries": [],
                "column": {
                  "name": "Geschafft_HF",
                  "type": "CONTINUOUS"
                },
                "id": "h6pYTJw"
              },
              {
                "type": "univariate_summary",
                "confidenceLevel": 0.95,
                "showConfidenceInterval": false,
                "compute": {
                  "totalCount": true,
                  "mean": true,
                  "sum": false,
                  "median": true,
                  "std": true,
                  "variance": false,
                  "skewness": false,
                  "kurtosis": false,
                  "sem": false,
                  "completeCount": true,
                  "nbEmpty": true,
                  "zeroCount": false,
                  "zeroRatio": false,
                  "nonZeroRatio": false,
                  "iqr": false,
                  "distinctCount": true,
                  "nbNonEmpty": false,
                  "min": true,
                  "max": true,
                  "range": false,
                  "mode": true
                },
                "column": {
                  "name": "Geschafft_HF",
                  "type": "CONTINUOUS"
                },
                "id": "gSQCINW"
              },
              {
                "type": "quantile_table",
                "confidenceLevel": 0.95,
                "showConfidenceInterval": false,
                "column": {
                  "name": "Geschafft_HF",
                  "type": "CONTINUOUS"
                },
                "id": "uQpcaUF"
              }
            ],
            "id": "x0mXv5W"
          },
          {
            "type": "column_card",
            "column": {
              "name": "Geschafft",
              "type": "CONTINUOUS"
            },
            "cards": [
              {
                "type": "numerical_histogram",
                "showBoxPlot": true,
                "showHistogram": true,
                "highlightFilter": {
                  "type": "anum",
                  "column": "Gefallen_HF",
                  "values": [
                    "Flug.Wippen"
                  ],
                  "name": "Gefallen_HF: Flug.Wippen"
                },
                "binningMode": "AUTO",
                "nbBins": 25,
                "customBinningBoundaries": [],
                "column": {
                  "name": "Geschafft",
                  "type": "CONTINUOUS"
                },
                "id": "2SSP2zZ"
              },
              {
                "type": "univariate_summary",
                "confidenceLevel": 0.95,
                "showConfidenceInterval": false,
                "compute": {
                  "totalCount": true,
                  "mean": true,
                  "sum": false,
                  "median": true,
                  "std": true,
                  "variance": false,
                  "skewness": false,
                  "kurtosis": false,
                  "sem": false,
                  "completeCount": true,
                  "nbEmpty": true,
                  "zeroCount": false,
                  "zeroRatio": false,
                  "nonZeroRatio": false,
                  "iqr": false,
                  "distinctCount": true,
                  "nbNonEmpty": false,
                  "min": true,
                  "max": true,
                  "range": false,
                  "mode": true
                },
                "column": {
                  "name": "Geschafft",
                  "type": "CONTINUOUS"
                },
                "id": "nSAsqAH"
              },
              {
                "type": "quantile_table",
                "confidenceLevel": 0.95,
                "showConfidenceInterval": false,
                "column": {
                  "name": "Geschafft",
                  "type": "CONTINUOUS"
                },
                "id": "BAgNGmN"
              }
            ],
            "id": "Ckzufka"
          }
        ],
        "id": "ieldMe3"
      },
      {
        "type": "univariate_header",
        "showHistogram": true,
        "showQuantile": false,
        "showFrequencyTable": true,
        "showSummary": true,
        "showBoxPlot": false,
        "xColumns": [
          {
            "name": "Gefallen",
            "type": "CATEGORICAL"
          },
          {
            "name": "Gefallen_HF",
            "type": "CATEGORICAL"
          }
        ],
        "cards": [
          {
            "type": "column_card",
            "column": {
              "name": "Gefallen",
              "type": "CATEGORICAL"
            },
            "cards": [
              {
                "type": "categorical_histogram",
                "maxValues": 10,
                "groupOthers": false,
                "highlightFilter": {
                  "type": "anum",
                  "column": "Gefallen_HF",
                  "values": [
                    "Flug.Wippen"
                  ],
                  "name": "Gefallen_HF: Flug.Wippen"
                },
                "column": {
                  "name": "Gefallen",
                  "type": "CATEGORICAL"
                },
                "id": "KLqpM5z"
              },
              {
                "type": "univariate_summary",
                "confidenceLevel": 0.95,
                "showConfidenceInterval": false,
                "compute": {
                  "totalCount": true,
                  "mean": true,
                  "sum": false,
                  "median": true,
                  "std": true,
                  "variance": false,
                  "skewness": false,
                  "kurtosis": false,
                  "sem": false,
                  "completeCount": true,
                  "nbEmpty": true,
                  "zeroCount": false,
                  "zeroRatio": false,
                  "nonZeroRatio": false,
                  "iqr": false,
                  "distinctCount": true,
                  "nbNonEmpty": false,
                  "min": true,
                  "max": true,
                  "range": false,
                  "mode": true
                },
                "column": {
                  "name": "Gefallen",
                  "type": "CATEGORICAL"
                },
                "id": "Yc44h5B"
              },
              {
                "type": "univariate_frequency_table",
                "maxValues": 10,
                "column": {
                  "name": "Gefallen",
                  "type": "CATEGORICAL"
                },
                "id": "UTHKQLL"
              }
            ],
            "id": "4OB1u1T"
          },
          {
            "type": "column_card",
            "column": {
              "name": "Gefallen_HF",
              "type": "CATEGORICAL"
            },
            "cards": [
              {
                "type": "categorical_histogram",
                "maxValues": 10,
                "groupOthers": false,
                "highlightFilter": {
                  "type": "anum",
                  "column": "Gefallen_HF",
                  "values": [
                    "Flug.Wippen"
                  ],
                  "name": "Gefallen_HF: Flug.Wippen"
                },
                "column": {
                  "name": "Gefallen_HF",
                  "type": "CATEGORICAL"
                },
                "id": "bK76TZ5"
              },
              {
                "type": "univariate_summary",
                "confidenceLevel": 0.95,
                "showConfidenceInterval": false,
                "compute": {
                  "totalCount": true,
                  "mean": true,
                  "sum": false,
                  "median": true,
                  "std": true,
                  "variance": false,
                  "skewness": false,
                  "kurtosis": false,
                  "sem": false,
                  "completeCount": true,
                  "nbEmpty": true,
                  "zeroCount": false,
                  "zeroRatio": false,
                  "nonZeroRatio": false,
                  "iqr": false,
                  "distinctCount": true,
                  "nbNonEmpty": false,
                  "min": true,
                  "max": true,
                  "range": false,
                  "mode": true
                },
                "column": {
                  "name": "Gefallen_HF",
                  "type": "CATEGORICAL"
                },
                "id": "7bHh9Ma"
              },
              {
                "type": "univariate_frequency_table",
                "maxValues": 10,
                "column": {
                  "name": "Gefallen_HF",
                  "type": "CATEGORICAL"
                },
                "id": "0tXgMqj"
              }
            ],
            "id": "QsNtBB6"
          }
        ],
        "id": "6CQN1UR"
      },
      {
        "type": "univariate_header",
        "showHistogram": true,
        "showQuantile": false,
        "showFrequencyTable": true,
        "showSummary": true,
        "showBoxPlot": false,
        "xColumns": [
          {
            "name": "Gefallen",
            "type": "CATEGORICAL"
          }
        ],
        "cards": [
          {
            "type": "column_card",
            "column": {
              "name": "Gefallen",
              "type": "CATEGORICAL"
            },
            "cards": [
              {
                "type": "categorical_histogram",
                "maxValues": 10,
                "groupOthers": false,
                "highlightFilter": {
                  "type": "anum",
                  "column": "Gefallen_HF",
                  "values": [
                    "Flug.Wippen"
                  ],
                  "name": "Gefallen_HF: Flug.Wippen"
                },
                "column": {
                  "name": "Gefallen",
                  "type": "CATEGORICAL"
                },
                "id": "koForkQ"
              },
              {
                "type": "univariate_summary",
                "confidenceLevel": 0.95,
                "showConfidenceInterval": false,
                "compute": {
                  "totalCount": true,
                  "mean": true,
                  "sum": false,
                  "median": true,
                  "std": true,
                  "variance": false,
                  "skewness": false,
                  "kurtosis": false,
                  "sem": false,
                  "completeCount": true,
                  "nbEmpty": true,
                  "zeroCount": false,
                  "zeroRatio": false,
                  "nonZeroRatio": false,
                  "iqr": false,
                  "distinctCount": true,
                  "nbNonEmpty": false,
                  "min": true,
                  "max": true,
                  "range": false,
                  "mode": true
                },
                "column": {
                  "name": "Gefallen",
                  "type": "CATEGORICAL"
                },
                "id": "8KE1YFM"
              },
              {
                "type": "univariate_frequency_table",
                "maxValues": 10,
                "column": {
                  "name": "Gefallen",
                  "type": "CATEGORICAL"
                },
                "id": "Wl83HLQ"
              }
            ],
            "id": "dH9sJN1"
          }
        ],
        "splitBy": {
          "groupingColumn": {
            "name": "Geschlecht",
            "type": "CATEGORICAL"
          },
          "binningMode": "AUTO",
          "maxValues": 5,
          "groupWithOthers": true,
          "customBinningBoundaries": [],
          "groupWithAll": true
        },
        "id": "DR430c6"
      }
    ],
    "id": "GeEKhzo"
  },
  "name": "Worksheet",
  "versionTag": {
    "versionNumber": 21,
    "lastModifiedBy": {
      "login": "admin"
    },
    "lastModifiedOn": 1606385769560
  },
  "creationTag": {
    "versionNumber": 0,
    "lastModifiedBy": {
      "login": "admin"
    },
    "lastModifiedOn": 1606385034141
  },
  "tags": [],
  "customFields": {},
  "checklists": {
    "checklists": []
  }
}