{
    "per_feature": {
        "Gefallen": {
            "stats": {
                "mostFrequentValue": "0",
                "leastFrequentValue": "Mega.Wand"
            },
            "category_possible_values": [
                "0",
                "Tunnel.Sprung.2.0",
                "Trommelwirbel",
                "Pfeil.Sprung",
                "Chaos.B\u00e4lle",
                "Cargonetz.mit.Schaukel",
                "Cargo.Netz.mit.Rad",
                "Sprungfedern",
                "Himmelsleiter",
                "Cargo.Netz.mit.B\u00fcgeln",
                "Cargo.Netz.mit.Stange",
                "Flug.Wippen",
                "Domino.Weg",
                "Zeit.Sprung",
                "Einraster",
                "Klacker",
                "Schwingende.K\u00f6rbe",
                "Balance.Br\u00fccken",
                "Hangel.Kurven",
                "Drehende.Bretter",
                "Doppelter.Rohrschlitten.mit.Cargo.Netz",
                "Power.Tower",
                "Riesenrad",
                "Schwebende.Keile",
                "Bungee.Flug",
                "Block.Lauf.2.0",
                "Mega.Wand"
            ],
            "category_possible_counts": [
                50,
                40,
                32,
                31,
                27,
                23,
                20,
                20,
                19,
                15,
                14,
                13,
                13,
                13,
                10,
                9,
                9,
                6,
                6,
                6,
                6,
                5,
                5,
                5,
                5,
                5,
                3
            ]
        },
        "Birthday": {
            "stats": {}
        },
        "Hintergrund": {
            "stats": {}
        },
        "Gewicht": {
            "stats": {
                "min": 0.0,
                "average": 25.17848410757946,
                "median": 0.0,
                "max": 98.0,
                "p99": 90.0,
                "std": 33.723717822548494
            },
            "missing_impute_with_value": 25.17848410757946
        },
        "Name": {
            "stats": {}
        },
        "Alter": {
            "stats": {
                "min": 20.0,
                "average": 29.62987012987013,
                "median": 28.0,
                "max": 66.0,
                "p99": 52.47,
                "std": 7.267935937629125
            },
            "missing_impute_with_value": 29.62987012987013
        },
        "Gr\u00f6\u00dfe": {
            "stats": {
                "min": 0.0,
                "average": 66.04889975550122,
                "median": 0.0,
                "max": 200.0,
                "p99": 189.0,
                "std": 85.21922453533678
            },
            "missing_impute_with_value": 66.04889975550122
        },
        "Bezwungen_HF": {
            "stats": {
                "mostFrequentValue": "Sprung.Tritte Schwingende.K\u00f6rbe Balance.Br\u00fccken",
                "leastFrequentValue": "Sprung.Tritte"
            },
            "category_possible_values": [
                "Sprung.Tritte Schwingende.K\u00f6rbe Balance.Br\u00fccken",
                "Sprung.Tritte Schwung.Bretter Balance.Br\u00fccken",
                "Sprung.Tritte Schwingende.K\u00f6rbe",
                "Sprung.Tritte"
            ],
            "category_possible_counts": [
                93,
                44,
                12,
                6
            ]
        },
        "Nachname": {
            "stats": {}
        },
        "Nationalit\u00e4t": {
            "stats": {
                "mostFrequentValue": "Deutschland",
                "leastFrequentValue": "Frankreich"
            },
            "category_possible_values": [
                "Deutschland",
                "\u00d6sterreich",
                "Albanien",
                "Italien",
                "Niederlande",
                "Schweiz",
                "Bulgarien",
                "Frankreich"
            ],
            "category_possible_counts": [
                391,
                8,
                2,
                2,
                2,
                2,
                1,
                1
            ]
        },
        "Gefallen_HF": {
            "stats": {
                "mostFrequentValue": "0",
                "leastFrequentValue": "Mega.Wand"
            },
            "category_possible_values": [
                "0",
                "Schwung.Scheiben",
                "Flug.Wippen",
                "Doppelter.Rohrschlitten.mit.Cargo.Netz",
                "Balance.Br\u00fccken",
                "Riesenrad",
                "Bungee.Flug",
                "Hangel.Trommeln",
                "Schwung.Bretter",
                "Mega.Wand"
            ],
            "category_possible_counts": [
                37,
                27,
                26,
                14,
                12,
                12,
                9,
                7,
                6,
                5
            ]
        },
        "Geschafft": {
            "stats": {
                "mostFrequentValue": "1",
                "leastFrequentValue": "7"
            },
            "category_possible_values": [
                "1",
                "3",
                "2",
                "8",
                "6",
                "4",
                "0",
                "5",
                "9",
                "7"
            ],
            "category_possible_counts": [
                72,
                66,
                56,
                49,
                44,
                40,
                32,
                32,
                16,
                3
            ]
        },
        "Geschlecht": {
            "stats": {
                "mostFrequentValue": "m",
                "leastFrequentValue": "w"
            },
            "category_possible_values": [
                "m",
                "w"
            ],
            "category_possible_counts": [
                306,
                103
            ]
        },
        "Seasons": {
            "stats": {}
        },
        "Zeit": {
            "stats": {}
        },
        "Geschafft_HF": {
            "stats": {
                "min": 1.0,
                "average": 5.909677419354839,
                "median": 5.0,
                "max": 9.0,
                "p99": 9.0,
                "std": 2.5106726524963996
            },
            "missing_impute_with_value": 5.909677419354839
        },
        "Bezwungen": {
            "stats": {}
        },
        "Vorname": {
            "stats": {}
        }
    },
    "feature_order": [
        "Gefallen",
        "Birthday",
        "Hintergrund",
        "Gewicht",
        "Name",
        "Alter",
        "Gr\u00f6\u00dfe",
        "Bezwungen_HF",
        "Nachname",
        "Nationalit\u00e4t",
        "Gefallen_HF",
        "Geschafft",
        "Geschlecht",
        "Seasons",
        "Zeit",
        "Geschafft_HF",
        "Bezwungen",
        "Vorname"
    ]
}