{
    "details": {
        "Gefallen": {
            "levels": [
                "0",
                "Tunnel.Sprung.2.0",
                "Trommelwirbel",
                "Pfeil.Sprung",
                "Chaos.B\u00e4lle",
                "Cargonetz.mit.Schaukel",
                "Cargo.Netz.mit.Rad",
                "Sprungfedern",
                "Himmelsleiter",
                "Cargo.Netz.mit.B\u00fcgeln",
                "Cargo.Netz.mit.Stange",
                "Flug.Wippen",
                "Domino.Weg",
                "Zeit.Sprung",
                "Einraster",
                "Klacker",
                "Schwingende.K\u00f6rbe",
                "Balance.Br\u00fccken",
                "Hangel.Kurven",
                "Drehende.Bretter",
                "Doppelter.Rohrschlitten.mit.Cargo.Netz",
                "Power.Tower",
                "Riesenrad",
                "Schwebende.Keile",
                "Bungee.Flug",
                "Block.Lauf.2.0",
                "Mega.Wand"
            ],
            "with_others": true
        },
        "Bezwungen_HF": {
            "levels": [
                "Sprung.Tritte Schwingende.K\u00f6rbe Balance.Br\u00fccken",
                "Sprung.Tritte Schwung.Bretter Balance.Br\u00fccken",
                "Sprung.Tritte Schwingende.K\u00f6rbe",
                "Sprung.Tritte"
            ],
            "with_others": true
        },
        "Nationalit\u00e4t": {
            "levels": [
                "Deutschland",
                "\u00d6sterreich",
                "Albanien",
                "Italien",
                "Niederlande",
                "Schweiz",
                "Bulgarien",
                "Frankreich"
            ],
            "with_others": true
        },
        "Gefallen_HF": {
            "levels": [
                "0",
                "Schwung.Scheiben",
                "Flug.Wippen",
                "Doppelter.Rohrschlitten.mit.Cargo.Netz",
                "Balance.Br\u00fccken",
                "Riesenrad",
                "Bungee.Flug",
                "Hangel.Trommeln",
                "Schwung.Bretter",
                "Mega.Wand"
            ],
            "with_others": true
        },
        "Geschafft": {
            "levels": [
                "1",
                "3",
                "2",
                "8",
                "6",
                "4",
                "0",
                "5",
                "9",
                "7"
            ],
            "with_others": true
        },
        "Geschlecht": {
            "levels": [
                "m",
                "w"
            ],
            "with_others": true
        }
    }
}