Name,Pfeil.Sprung,Cargo.Netz.mit.Bügeln,Domino.Weg,Schwingende.Körbe,Tunnel.Sprung.2.0,Himmelsleiter,Hangel.Kurven,Wand,Mega.Wand,Power.Tower,Zeit,Gefallen,Geschafft,Bezwungen
Kim Marschner      ,1,1,1,1,1,1,1,1,0,1,1:45.50m,0,8, Pfeil.Sprung Cargo.Netz.mit.Bügeln Domino.Weg Schwingende.Körbe Tunnel.Sprung.2.0 Himmelsleiter Hangel.Kurven Wand
Simon Brunner      ,1,1,1,1,1,1,1,1,0,0,2:21.00m,Power.Tower,8, Pfeil.Sprung Cargo.Netz.mit.Bügeln Domino.Weg Schwingende.Körbe Tunnel.Sprung.2.0 Himmelsleiter Hangel.Kurven Wand
Malte Komm     ,1,1,1,1,1,1,1,1,0,,3:33.20m ,0,8, Pfeil.Sprung Cargo.Netz.mit.Bügeln Domino.Weg Schwingende.Körbe Tunnel.Sprung.2.0 Himmelsleiter Hangel.Kurven Wand
Michael Bräuer      ,1,1,1,1,1,1,1,1,0,, 3:52.90m,0,8, Pfeil.Sprung Cargo.Netz.mit.Bügeln Domino.Weg Schwingende.Körbe Tunnel.Sprung.2.0 Himmelsleiter Hangel.Kurven Wand
David Eilenstein      ,1,1,1,1,1,1,1,1,0,, 4:04.60m,0,8, Pfeil.Sprung Cargo.Netz.mit.Bügeln Domino.Weg Schwingende.Körbe Tunnel.Sprung.2.0 Himmelsleiter Hangel.Kurven Wand
Lasse Von Freier      ,1,1,1,1,1,1,1,1,0,, 4:29.30m,0,8, Pfeil.Sprung Cargo.Netz.mit.Bügeln Domino.Weg Schwingende.Körbe Tunnel.Sprung.2.0 Himmelsleiter Hangel.Kurven Wand
Moritz Hans   ,1,1,1,1,1,1,1,0,1,,5:08.50m ,0,8, Pfeil.Sprung Cargo.Netz.mit.Bügeln Domino.Weg Schwingende.Körbe Tunnel.Sprung.2.0 Himmelsleiter Hangel.Kurven Mega.Wand
Krister Kröll      ,1,1,1,1,1,1,1,1,0,, 5:20.70m,0,8, Pfeil.Sprung Cargo.Netz.mit.Bügeln Domino.Weg Schwingende.Körbe Tunnel.Sprung.2.0 Himmelsleiter Hangel.Kurven Wand
Philipp Hans   ,1,1,1,1,1,1,1,1,0,,5:23.70m ,0,8, Pfeil.Sprung Cargo.Netz.mit.Bügeln Domino.Weg Schwingende.Körbe Tunnel.Sprung.2.0 Himmelsleiter Hangel.Kurven Wand
Tatjana Holz   ,1,1,1,1,1,1,0,0,0,,3:28.50m ,Hangel.Kurven,6, Pfeil.Sprung Cargo.Netz.mit.Bügeln Domino.Weg Schwingende.Körbe Tunnel.Sprung.2.0 Himmelsleiter
Stefan Angermeier      ,1,1,1,1,1,1,0,0,0,, 4:14.70m,Hangel.Kurven,6, Pfeil.Sprung Cargo.Netz.mit.Bügeln Domino.Weg Schwingende.Körbe Tunnel.Sprung.2.0 Himmelsleiter
Alexander Frisch      ,1,1,1,1,1,1,0,0,0,, 5:00.60m,Hangel.Kurven,6, Pfeil.Sprung Cargo.Netz.mit.Bügeln Domino.Weg Schwingende.Körbe Tunnel.Sprung.2.0 Himmelsleiter
Jörn Kröll   ,1,1,1,1,1,1,0,0,0,,4:06.80m ,Hangel.Kurven,6, Pfeil.Sprung Cargo.Netz.mit.Bügeln Domino.Weg Schwingende.Körbe Tunnel.Sprung.2.0 Himmelsleiter
Lukas Dauenheimer      ,1,1,1,1,1,1,0,0,0,, 3:42.80m,Hangel.Kurven,6, Pfeil.Sprung Cargo.Netz.mit.Bügeln Domino.Weg Schwingende.Körbe Tunnel.Sprung.2.0 Himmelsleiter
Christian Harmat   ,1,1,1,1,1,1,0,0,0,, 1:50.20m,Hangel.Kurven,6, Pfeil.Sprung Cargo.Netz.mit.Bügeln Domino.Weg Schwingende.Körbe Tunnel.Sprung.2.0 Himmelsleiter
Daniel Schmitt      ,1,1,1,1,1,0,0,0,0,,2:03.00m ,Himmelsleiter,5, Pfeil.Sprung Cargo.Netz.mit.Bügeln Domino.Weg Schwingende.Körbe Tunnel.Sprung.2.0
Mahdi Limper   ,1,1,1,1,0,0,0,0,0,,  1:22.40m ,Tunnel.Sprung.2.0,4, Pfeil.Sprung Cargo.Netz.mit.Bügeln Domino.Weg Schwingende.Körbe
Florian Böbel      ,1,1,1,1,0,0,0,0,0,,1:25.80m ,Tunnel.Sprung.2.0,4, Pfeil.Sprung Cargo.Netz.mit.Bügeln Domino.Weg Schwingende.Körbe
Fabio Helmrich      ,1,1,1,1,0,0,0,0,0,,1:39.30m ,Tunnel.Sprung.2.0,4, Pfeil.Sprung Cargo.Netz.mit.Bügeln Domino.Weg Schwingende.Körbe
Uwe Hückmann      ,1,1,1,1,0,0,0,0,0,,1:51.60m ,Tunnel.Sprung.2.0,4, Pfeil.Sprung Cargo.Netz.mit.Bügeln Domino.Weg Schwingende.Körbe
Andrea Forstmayr      ,1,1,1,1,0,0,0,0,0,,2:51.30m ,Tunnel.Sprung.2.0,4, Pfeil.Sprung Cargo.Netz.mit.Bügeln Domino.Weg Schwingende.Körbe
Alina Schwärzer      ,1,1,1,1,0,0,0,0,0,,3:03.40m ,Tunnel.Sprung.2.0,4, Pfeil.Sprung Cargo.Netz.mit.Bügeln Domino.Weg Schwingende.Körbe
Georgi Damyanov      ,1,1,1,1,0,0,0,0,0,,3:25.90m ,Tunnel.Sprung.2.0,4, Pfeil.Sprung Cargo.Netz.mit.Bügeln Domino.Weg Schwingende.Körbe
Johnny Lembke      ,1,1,1,1,0,0,0,0,0,,1:31.90m ,Tunnel.Sprung.2.0,4, Pfeil.Sprung Cargo.Netz.mit.Bügeln Domino.Weg Schwingende.Körbe
Hanjo Fritzsche      ,1,1,1,1,0,0,0,0,0,,1:48.10m ,Tunnel.Sprung.2.0,4, Pfeil.Sprung Cargo.Netz.mit.Bügeln Domino.Weg Schwingende.Körbe
Sophia Grimm   ,1,1,1,1,0,0,0,0,0,,  2:31.40m ,Tunnel.Sprung.2.0,4, Pfeil.Sprung Cargo.Netz.mit.Bügeln Domino.Weg Schwingende.Körbe
Michael Kastner      ,1,1,1,1,0,0,0,0,0,,2:45.90m ,Tunnel.Sprung.2.0,4, Pfeil.Sprung Cargo.Netz.mit.Bügeln Domino.Weg Schwingende.Körbe
Patrick Grafenauer      ,1,1,1,1,0,0,0,0,0,,2:47.80m ,Tunnel.Sprung.2.0,4, Pfeil.Sprung Cargo.Netz.mit.Bügeln Domino.Weg Schwingende.Körbe
Philip Tausch      ,1,1,1,1,0,0,0,0,0,,1:41.70m ,Tunnel.Sprung.2.0,4, Pfeil.Sprung Cargo.Netz.mit.Bügeln Domino.Weg Schwingende.Körbe
Gordon Bieling      ,1,1,1,0,0,0,0,0,0,,1:16.90m ,Schwingende.Körbe,3, Pfeil.Sprung Cargo.Netz.mit.Bügeln Domino.Weg
Elsa Culemann      ,1,1,1,0,0,0,0,0,0,,  1:27.20m ,Schwingende.Körbe,3, Pfeil.Sprung Cargo.Netz.mit.Bügeln Domino.Weg
Arash Vaezi   ,1,1,1,0,0,0,0,0,0,, 1:37.80m,Schwingende.Körbe,3, Pfeil.Sprung Cargo.Netz.mit.Bügeln Domino.Weg
Tobias Eigen   ,1,1,0,0,0,0,0,0,0,, 56.06s,Domino.Weg,2, Pfeil.Sprung Cargo.Netz.mit.Bügeln
Sebastian Vossler      ,1,1,0,0,0,0,0,0,0,,27.33s ,Domino.Weg,2, Pfeil.Sprung Cargo.Netz.mit.Bügeln
Ronja Hoffmann      ,1,1,0,0,0,0,0,0,0,,  44.00s ,Domino.Weg,2, Pfeil.Sprung Cargo.Netz.mit.Bügeln
Gunnar Sewald      ,1,1,0,0,0,0,0,0,0,, 45.80s,Domino.Weg,2, Pfeil.Sprung Cargo.Netz.mit.Bügeln
Holger Lotz   ,1,0,0,0,0,0,0,0,0,,  10.15s ,Cargo.Netz.mit.Bügeln,1, Pfeil.Sprung
Johannes Zimmermann      ,1,0,0,0,0,0,0,0,0,,14.17s ,Cargo.Netz.mit.Bügeln,1, Pfeil.Sprung
Theresa Bleibinhaus      ,1,0,0,0,0,0,0,0,0,,15.17s ,Cargo.Netz.mit.Bügeln,1, Pfeil.Sprung
Holger Schüßler      ,1,0,0,0,0,0,0,0,0,,15.58s ,Cargo.Netz.mit.Bügeln,1, Pfeil.Sprung
Sarah Schüßler      ,1,0,0,0,0,0,0,0,0,,16.18s ,Cargo.Netz.mit.Bügeln,1, Pfeil.Sprung
Sina Endejann      ,1,0,0,0,0,0,0,0,0,, 18.17s,Cargo.Netz.mit.Bügeln,1, Pfeil.Sprung
Peter Heydemann      ,1,0,0,0,0,0,0,0,0,,  19.92s ,Cargo.Netz.mit.Bügeln,1, Pfeil.Sprung
Jessica Bertermann      ,1,0,0,0,0,0,0,0,0,,21.78s ,Cargo.Netz.mit.Bügeln,1, Pfeil.Sprung
Lisa Weishaupt      ,1,0,0,0,0,0,0,0,0,, 23.64s,Cargo.Netz.mit.Bügeln,1, Pfeil.Sprung
Marcel Kaeding      ,1,0,0,0,0,0,0,0,0,, 28.46s,Cargo.Netz.mit.Bügeln,1, Pfeil.Sprung
Anne Bartelt   ,1,0,0,0,0,0,0,0,0,,  29.65s ,Cargo.Netz.mit.Bügeln,1, Pfeil.Sprung
Toni Zeus     ,1,0,0,0,0,0,0,0,0,, 30.52s,Cargo.Netz.mit.Bügeln,1, Pfeil.Sprung
Jessica Weidemann      ,1,0,0,0,0,0,0,0,0,,31.92s ,Cargo.Netz.mit.Bügeln,1, Pfeil.Sprung
Josefine Kuhn      ,1,0,0,0,0,0,0,0,0,, 40.49s,Cargo.Netz.mit.Bügeln,1, Pfeil.Sprung
Margit Staudinger      ,1,0,0,0,0,0,0,0,0,,52.28s ,Cargo.Netz.mit.Bügeln,1, Pfeil.Sprung
Julia Ernhofer      ,0,0,0,0,0,0,0,0,0,, 11.42s,Pfeil.Sprung,0,NA
Andrea Meßner      ,0,0,0,0,0,0,0,0,0,, 11.85s,Pfeil.Sprung,0,NA
Manuel Langhans      ,0,0,0,0,0,0,0,0,0,, 18.18s,Pfeil.Sprung,0,NA
Hussein Chahrour      ,0,0,0,0,0,0,0,0,0,,  22.39s ,Pfeil.Sprung,0,NA
Özcan Dag     ,0,0,0,0,0,0,0,0,0,, 36.62s,Pfeil.Sprung,0,NA
Jeffrey Dörpinghaus      ,0,0,0,0,0,0,0,0,0,,3.06s   ,Pfeil.Sprung,0,NA
