[
    {
        "test_score_gib": 0.6670807682577161,
        "train_score": 0.7346371237414898,
        "test_score": 0.6670807682577161,
        "num_samples": 98,
        "fit_time": 117,
        "score_time": 1149,
        "time": 1266,
        "parameters": {
            "C": 1.0,
            "penalty": "l2"
        },
        "best_iteration": null,
        "done_at": 1605796875777,
        "split_id": 0
    },
    {
        "test_score_gib": 0.6130006023388376,
        "train_score": 0.7294336777120789,
        "test_score": 0.6130006023388376,
        "num_samples": 94,
        "fit_time": 102,
        "score_time": 1145,
        "time": 1247,
        "parameters": {
            "C": 1.0,
            "penalty": "l2"
        },
        "best_iteration": null,
        "done_at": 1605796875760,
        "split_id": 1
    },
    {
        "test_score_gib": 0.6851862026862027,
        "train_score": 0.7164419863921963,
        "test_score": 0.6851862026862027,
        "num_samples": 92,
        "fit_time": 128,
        "score_time": 1188,
        "time": 1316,
        "parameters": {
            "C": 1.0,
            "penalty": "l2"
        },
        "best_iteration": null,
        "done_at": 1605796875833,
        "split_id": 2
    },
    {
        "test_score_gib": 0.6682948799354451,
        "train_score": 0.7275665901084563,
        "test_score": 0.6682948799354451,
        "num_samples": 98,
        "fit_time": 49,
        "score_time": 1245,
        "time": 1294,
        "parameters": {
            "C": 0.1,
            "penalty": "l2"
        },
        "best_iteration": null,
        "done_at": 1605796875814,
        "split_id": 0
    },
    {
        "test_score_gib": 0.6287898498560264,
        "train_score": 0.7187426068443659,
        "test_score": 0.6287898498560264,
        "num_samples": 94,
        "fit_time": 91,
        "score_time": 1188,
        "time": 1279,
        "parameters": {
            "C": 0.1,
            "penalty": "l2"
        },
        "best_iteration": null,
        "done_at": 1605796877043,
        "split_id": 1
    },
    {
        "test_score_gib": 0.6891832126207128,
        "train_score": 0.7027982034230913,
        "test_score": 0.6891832126207128,
        "num_samples": 92,
        "fit_time": 100,
        "score_time": 1218,
        "time": 1318,
        "parameters": {
            "C": 0.1,
            "penalty": "l2"
        },
        "best_iteration": null,
        "done_at": 1605796877099,
        "split_id": 2
    },
    {
        "test_score_gib": 0.6627085045450687,
        "train_score": 0.7021751163011628,
        "test_score": 0.6627085045450687,
        "num_samples": 98,
        "fit_time": 71,
        "score_time": 1191,
        "time": 1262,
        "parameters": {
            "C": 0.01,
            "penalty": "l2"
        },
        "best_iteration": null,
        "done_at": 1605796877078,
        "split_id": 0
    },
    {
        "test_score_gib": 0.6251345070370804,
        "train_score": 0.6969732722922688,
        "test_score": 0.6251345070370804,
        "num_samples": 94,
        "fit_time": 76,
        "score_time": 1208,
        "time": 1284,
        "parameters": {
            "C": 0.01,
            "penalty": "l2"
        },
        "best_iteration": null,
        "done_at": 1605796877118,
        "split_id": 1
    },
    {
        "test_score_gib": 0.6698403332778331,
        "train_score": 0.6857329540862271,
        "test_score": 0.6698403332778331,
        "num_samples": 92,
        "fit_time": 82,
        "score_time": 420,
        "time": 502,
        "parameters": {
            "C": 0.01,
            "penalty": "l2"
        },
        "best_iteration": null,
        "done_at": 1605796877551,
        "split_id": 2
    },
    {
        "test_score_gib": 0.6502579925614477,
        "train_score": 0.7434489526123795,
        "test_score": 0.6502579925614477,
        "num_samples": 98,
        "fit_time": 500,
        "score_time": 1024,
        "time": 1524,
        "parameters": {
            "C": 100.0,
            "penalty": "l2"
        },
        "best_iteration": null,
        "done_at": 1605796878609,
        "split_id": 0
    },
    {
        "test_score_gib": 0.6234734015984016,
        "train_score": 0.7435731533399486,
        "test_score": 0.6234734015984016,
        "num_samples": 94,
        "fit_time": 480,
        "score_time": 1104,
        "time": 1584,
        "parameters": {
            "C": 100.0,
            "penalty": "l2"
        },
        "best_iteration": null,
        "done_at": 1605796878685,
        "split_id": 1
    },
    {
        "test_score_gib": 0.684340694028194,
        "train_score": 0.7262343948158074,
        "test_score": 0.684340694028194,
        "num_samples": 92,
        "fit_time": 399,
        "score_time": 1032,
        "time": 1431,
        "parameters": {
            "C": 100.0,
            "penalty": "l2"
        },
        "best_iteration": null,
        "done_at": 1605796878554,
        "split_id": 2
    },
    {
        "test_score_gib": 0.6559754202251542,
        "train_score": 0.7404283752655838,
        "test_score": 0.6559754202251542,
        "num_samples": 98,
        "fit_time": 408,
        "score_time": 820,
        "time": 1228,
        "parameters": {
            "C": 10.0,
            "penalty": "l2"
        },
        "best_iteration": null,
        "done_at": 1605796878782,
        "split_id": 0
    },
    {
        "test_score_gib": 0.6184107436680965,
        "train_score": 0.7429272236526218,
        "test_score": 0.6184107436680965,
        "num_samples": 94,
        "fit_time": 256,
        "score_time": 533,
        "time": 789,
        "parameters": {
            "C": 10.0,
            "penalty": "l2"
        },
        "best_iteration": null,
        "done_at": 1605796879351,
        "split_id": 1
    },
    {
        "test_score_gib": 0.686085823898324,
        "train_score": 0.7270442245410337,
        "test_score": 0.686085823898324,
        "num_samples": 92,
        "fit_time": 222,
        "score_time": 496,
        "time": 718,
        "parameters": {
            "C": 10.0,
            "penalty": "l2"
        },
        "best_iteration": null,
        "done_at": 1605796879332,
        "split_id": 2
    }
]