{
    "startedAt": 1605796874508,
    "gridSize": 5,
    "nThreads": 4,
    "nSplits": 3,
    "metric": "ROC_AUC",
    "timeout": null,
    "gridPoints": [
        {
            "finishedAt": 1605796875833,
            "score": 0.6550461357613999,
            "testScoreGibMean": 0.6550461357613999,
            "testScoreMean": 0.6550461357613999,
            "testScoreStd": 0.03048575483065106,
            "trainScoreMean": 0.7270206569707164,
            "trainScoreStd": 0.007628691053372791,
            "time": 3829,
            "fitTimeMean": 115.66666666666667,
            "fitTimeStd": 10.656244908763854,
            "scoreTimeMean": 1160.6666666666667,
            "scoreTimeStd": 19.39644870130154,
            "best_iteration": null,
            "parameters": {
                "C": 1.0,
                "penalty": "l2"
            }
        },
        {
            "finishedAt": 1605796877099,
            "score": 0.6619859143705834,
            "testScoreGibMean": 0.6619859143705834,
            "testScoreMean": 0.6619859143705834,
            "testScoreStd": 0.024861479285344663,
            "trainScoreMean": 0.7166224140455053,
            "trainScoreStd": 0.010233628109120974,
            "time": 3891,
            "fitTimeMean": 80.0,
            "fitTimeStd": 22.22611077089287,
            "scoreTimeMean": 1217.0,
            "scoreTimeStd": 23.280893453645632,
            "best_iteration": null,
            "parameters": {
                "C": 0.1,
                "penalty": "l2"
            }
        },
        {
            "finishedAt": 1605796877551,
            "score": 0.6525823512974047,
            "testScoreGibMean": 0.6525823512974047,
            "testScoreMean": 0.6525823512974047,
            "testScoreStd": 0.019524994922938483,
            "trainScoreMean": 0.6951270449609862,
            "trainScoreStd": 0.006845242857123368,
            "time": 3048,
            "fitTimeMean": 76.33333333333333,
            "fitTimeStd": 4.496912521077347,
            "scoreTimeMean": 939.6666666666666,
            "scoreTimeStd": 367.52535815762275,
            "best_iteration": null,
            "parameters": {
                "C": 0.01,
                "penalty": "l2"
            }
        },
        {
            "finishedAt": 1605796878685,
            "score": 0.65243354532347,
            "testScoreGibMean": 0.65243354532347,
            "testScoreMean": 0.65243354532347,
            "testScoreStd": 0.024678408662729495,
            "trainScoreMean": 0.7379135144120516,
            "trainScoreStd": 0.00808466563530897,
            "time": 4539,
            "fitTimeMean": 459.6666666666667,
            "fitTimeStd": 43.667938912764,
            "scoreTimeMean": 1053.3333333333333,
            "scoreTimeStd": 35.97530016861877,
            "best_iteration": null,
            "parameters": {
                "C": 100.0,
                "penalty": "l2"
            }
        },
        {
            "finishedAt": 1605796879351,
            "score": 0.6532961157940563,
            "testScoreGibMean": 0.6532961157940563,
            "testScoreMean": 0.6532961157940563,
            "testScoreStd": 0.027451344260246247,
            "trainScoreMean": 0.736919748088552,
            "trainScoreStd": 0.006912748999115701,
            "time": 2735,
            "fitTimeMean": 295.3333333333333,
            "fitTimeStd": 80.86751854456494,
            "scoreTimeMean": 616.3333333333334,
            "scoreTimeStd": 144.80408220151193,
            "best_iteration": null,
            "parameters": {
                "C": 10.0,
                "penalty": "l2"
            }
        }
    ]
}