{
    "modelInputNRows": 284,
    "modelInputNCols": 5,
    "modelInputIsSparse": false,
    "modelInputMemory": 11360,
    "usedGridSearch": true,
    "gridSize": 5,
    "gridBestScore": 0.6619859143705834,
    "gridCells": [
        {
            "params": {
                "C": 1.0,
                "penalty": "l2"
            },
            "score": 0.6550461357613999,
            "scoreStd": 0.03048575483065106,
            "fitTime": 0.11566666666666667,
            "fitTimeStd": 0.010656244908763855,
            "scoreTime": 1.1606666666666667,
            "scoreTimeStd": 0.01939644870130154
        },
        {
            "params": {
                "C": 0.1,
                "penalty": "l2"
            },
            "score": 0.6619859143705834,
            "scoreStd": 0.024861479285344663,
            "fitTime": 0.08,
            "fitTimeStd": 0.02222611077089287,
            "scoreTime": 1.217,
            "scoreTimeStd": 0.023280893453645632
        },
        {
            "params": {
                "C": 0.01,
                "penalty": "l2"
            },
            "score": 0.6525823512974047,
            "scoreStd": 0.019524994922938483,
            "fitTime": 0.07633333333333332,
            "fitTimeStd": 0.004496912521077347,
            "scoreTime": 0.9396666666666667,
            "scoreTimeStd": 0.3675253581576228
        },
        {
            "params": {
                "C": 100.0,
                "penalty": "l2"
            },
            "score": 0.65243354532347,
            "scoreStd": 0.024678408662729495,
            "fitTime": 0.45966666666666667,
            "fitTimeStd": 0.043667938912764,
            "scoreTime": 1.0533333333333332,
            "scoreTimeStd": 0.03597530016861877
        },
        {
            "params": {
                "C": 10.0,
                "penalty": "l2"
            },
            "score": 0.6532961157940563,
            "scoreStd": 0.027451344260246247,
            "fitTime": 0.29533333333333334,
            "fitTimeStd": 0.08086751854456495,
            "scoreTime": 0.6163333333333334,
            "scoreTimeStd": 0.14480408220151192
        }
    ],
    "probaAware": true
}