{
    "metrics": {
        "mrocAUC": 0.6255658451397087,
        "mcalibrationLoss": 0.04876059948450141,
        "precision": 0.08215497737556562,
        "recall": 0.1900568181818182,
        "f1": 0.11316526610644258,
        "accuracy": 0.2054794520547945,
        "hammingLoss": 0.7945205479452054,
        "logLoss": 1.9785274529934287
    },
    "processed_feature_names": [
        "Gewicht",
        "Alter",
        "Gr\u00f6\u00dfe",
        "dummy:Geschlecht:m",
        "dummy:Geschlecht:N/A"
    ],
    "classes": [
        "0",
        "3",
        "2",
        "6",
        "4",
        "8",
        "5",
        "1"
    ],
    "confusion": {
        "totalRows": 73,
        "perActual": {
            "0": {
                "actualClassCount": 8.0,
                "perPredicted": {
                    "0": 3,
                    "3": 0,
                    "2": 0,
                    "6": 0,
                    "4": 0,
                    "8": 2,
                    "5": 0,
                    "1": 3
                }
            },
            "3": {
                "actualClassCount": 11.0,
                "perPredicted": {
                    "0": 3,
                    "3": 0,
                    "2": 0,
                    "6": 0,
                    "4": 0,
                    "8": 2,
                    "5": 0,
                    "1": 6
                }
            },
            "2": {
                "actualClassCount": 10.0,
                "perPredicted": {
                    "0": 1,
                    "3": 0,
                    "2": 0,
                    "6": 0,
                    "4": 1,
                    "8": 3,
                    "5": 0,
                    "1": 5
                }
            },
            "6": {
                "actualClassCount": 11.0,
                "perPredicted": {
                    "0": 0,
                    "3": 0,
                    "2": 0,
                    "6": 0,
                    "4": 1,
                    "8": 6,
                    "5": 0,
                    "1": 4
                }
            },
            "4": {
                "actualClassCount": 9.0,
                "perPredicted": {
                    "0": 1,
                    "3": 0,
                    "2": 0,
                    "6": 0,
                    "4": 0,
                    "8": 4,
                    "5": 0,
                    "1": 4
                }
            },
            "8": {
                "actualClassCount": 10.0,
                "perPredicted": {
                    "0": 0,
                    "3": 0,
                    "2": 0,
                    "6": 0,
                    "4": 0,
                    "8": 6,
                    "5": 0,
                    "1": 4
                }
            },
            "5": {
                "actualClassCount": 3.0,
                "perPredicted": {
                    "0": 0,
                    "3": 0,
                    "2": 0,
                    "6": 0,
                    "4": 0,
                    "8": 1,
                    "5": 0,
                    "1": 2
                }
            },
            "1": {
                "actualClassCount": 11.0,
                "perPredicted": {
                    "0": 5,
                    "3": 0,
                    "2": 0,
                    "6": 0,
                    "4": 0,
                    "8": 0,
                    "5": 0,
                    "1": 6
                }
            }
        }
    },
    "oneVsAllRocAUC": {
        "0": 0.6961538461538461,
        "3": 0.5703812316715543,
        "2": 0.5063492063492063,
        "6": 0.7243401759530792,
        "4": 0.4435763888888889,
        "8": 0.719047619047619,
        "5": 0.5857142857142856,
        "1": 0.7895894428152492
    },
    "oneVsAllRocCurves": {
        "0": [
            {
                "x": 0.0,
                "y": 0.0,
                "p": 1.3879891934097375
            },
            {
                "x": 0.15384615384615385,
                "y": 0.375,
                "p": 0.22027089092717553
            },
            {
                "x": 0.16923076923076924,
                "y": 0.5,
                "p": 0.13396654737233304
            },
            {
                "x": 0.6615384615384615,
                "y": 0.875,
                "p": 0.13120902213192712
            },
            {
                "x": 0.7384615384615385,
                "y": 0.875,
                "p": 0.09630677767252879
            },
            {
                "x": 0.7384615384615385,
                "y": 1.0,
                "p": 0.09421782000948588
            },
            {
                "x": 1.0,
                "y": 1.0,
                "p": 0.028363167462540743
            }
        ],
        "3": [
            {
                "x": 0.0,
                "y": 0.0,
                "p": 1.1659235992335097
            },
            {
                "x": 0.45161290322580644,
                "y": 0.5454545454545454,
                "p": 0.16592359923350974
            },
            {
                "x": 0.6129032258064516,
                "y": 0.7272727272727273,
                "p": 0.16079479632502866
            },
            {
                "x": 0.6129032258064516,
                "y": 0.8181818181818182,
                "p": 0.10851617574963913
            },
            {
                "x": 0.8387096774193549,
                "y": 0.8181818181818182,
                "p": 0.059908447988203946
            },
            {
                "x": 0.8387096774193549,
                "y": 0.9090909090909091,
                "p": 0.05930592880166617
            },
            {
                "x": 0.8548387096774194,
                "y": 1.0,
                "p": 0.05697479946391093
            },
            {
                "x": 1.0,
                "y": 1.0,
                "p": 0.04150847828992643
            }
        ],
        "2": [
            {
                "x": 0.0,
                "y": 0.0,
                "p": 1.1935017439664248
            },
            {
                "x": 0.1746031746031746,
                "y": 0.1,
                "p": 0.19350174396642486
            },
            {
                "x": 0.6349206349206349,
                "y": 0.6,
                "p": 0.16254191827445408
            },
            {
                "x": 0.6349206349206349,
                "y": 0.8,
                "p": 0.08184450386796015
            },
            {
                "x": 0.746031746031746,
                "y": 0.8,
                "p": 0.0661133472769456
            },
            {
                "x": 0.746031746031746,
                "y": 0.9,
                "p": 0.062497743517455316
            },
            {
                "x": 0.8095238095238095,
                "y": 0.9,
                "p": 0.04621313637957858
            },
            {
                "x": 0.8095238095238095,
                "y": 1.0,
                "p": 0.04607658921248257
            },
            {
                "x": 1.0,
                "y": 1.0,
                "p": 0.0343429034995947
            }
        ],
        "6": [
            {
                "x": 0.0,
                "y": 0.0,
                "p": 1.1977567852894957
            },
            {
                "x": 0.04838709677419355,
                "y": 0.09090909090909091,
                "p": 0.19441818529266763
            },
            {
                "x": 0.06451612903225806,
                "y": 0.18181818181818182,
                "p": 0.1938536046276434
            },
            {
                "x": 0.08064516129032258,
                "y": 0.2727272727272727,
                "p": 0.1931991499461993
            },
            {
                "x": 0.11290322580645161,
                "y": 0.36363636363636365,
                "p": 0.19177678297504677
            },
            {
                "x": 0.16129032258064516,
                "y": 0.45454545454545453,
                "p": 0.19093506058899268
            },
            {
                "x": 0.1774193548387097,
                "y": 0.5454545454545454,
                "p": 0.1625608119763755
            },
            {
                "x": 0.1935483870967742,
                "y": 0.6363636363636364,
                "p": 0.156024966680781
            },
            {
                "x": 0.3064516129032258,
                "y": 0.6363636363636364,
                "p": 0.1385395120955567
            },
            {
                "x": 0.7903225806451613,
                "y": 1.0,
                "p": 0.10564494266563801
            },
            {
                "x": 1.0,
                "y": 1.0,
                "p": 0.06160829413664122
            }
        ],
        "4": [
            {
                "x": 0.0,
                "y": 0.0,
                "p": 1.2219057115608356
            },
            {
                "x": 0.125,
                "y": 0.0,
                "p": 0.1452259588332364
            },
            {
                "x": 0.125,
                "y": 0.1111111111111111,
                "p": 0.14028523110376104
            },
            {
                "x": 0.1875,
                "y": 0.1111111111111111,
                "p": 0.13066548578133388
            },
            {
                "x": 0.65625,
                "y": 0.5555555555555556,
                "p": 0.12937980247676012
            },
            {
                "x": 0.671875,
                "y": 0.6666666666666666,
                "p": 0.12817320606750385
            },
            {
                "x": 0.796875,
                "y": 0.6666666666666666,
                "p": 0.11096873800557835
            },
            {
                "x": 0.796875,
                "y": 0.7777777777777778,
                "p": 0.10672380344258066
            },
            {
                "x": 0.8125,
                "y": 0.8888888888888888,
                "p": 0.1005767376744297
            },
            {
                "x": 1.0,
                "y": 1.0,
                "p": 0.09946035721173486
            }
        ],
        "8": [
            {
                "x": 0.0,
                "y": 0.0,
                "p": 1.371243990816685
            },
            {
                "x": 0.0,
                "y": 0.1,
                "p": 0.37124399081668497
            },
            {
                "x": 0.031746031746031744,
                "y": 0.3,
                "p": 0.332252979365179
            },
            {
                "x": 0.06349206349206349,
                "y": 0.4,
                "p": 0.30516432183308023
            },
            {
                "x": 0.20634920634920634,
                "y": 0.4,
                "p": 0.24377645837036185
            },
            {
                "x": 0.20634920634920634,
                "y": 0.5,
                "p": 0.24232009725223466
            },
            {
                "x": 0.25396825396825395,
                "y": 0.6,
                "p": 0.21661259107157002
            },
            {
                "x": 0.31746031746031744,
                "y": 0.6,
                "p": 0.08221286763529902
            },
            {
                "x": 0.7936507936507936,
                "y": 1.0,
                "p": 0.04029018912937986
            },
            {
                "x": 1.0,
                "y": 1.0,
                "p": 0.023483678843701422
            }
        ],
        "5": [
            {
                "x": 0.0,
                "y": 0.0,
                "p": 1.2065751906421283
            },
            {
                "x": 0.07142857142857142,
                "y": 0.0,
                "p": 0.20400879114979653
            },
            {
                "x": 0.07142857142857142,
                "y": 0.3333333333333333,
                "p": 0.2026497862965885
            },
            {
                "x": 0.35714285714285715,
                "y": 0.3333333333333333,
                "p": 0.15634990969625087
            },
            {
                "x": 0.8142857142857143,
                "y": 1.0,
                "p": 0.09733606376612697
            },
            {
                "x": 1.0,
                "y": 1.0,
                "p": 0.05640288652066493
            }
        ],
        "1": [
            {
                "x": 0.0,
                "y": 0.0,
                "p": 1.1844773520686287
            },
            {
                "x": 0.11290322580645161,
                "y": 0.45454545454545453,
                "p": 0.18447735206862864
            },
            {
                "x": 0.5645161290322581,
                "y": 1.0,
                "p": 0.16767446232220412
            },
            {
                "x": 1.0,
                "y": 1.0,
                "p": 0.03364899379506112
            }
        ]
    },
    "oneVsAllCalibrationCurves": {
        "0": [
            {
                "y": 0,
                "x": 0,
                "n": 0
            },
            {
                "y": 0.05,
                "x": 0.0531488230902845,
                "n": 20.0
            },
            {
                "y": 0.1,
                "x": 0.1308586609833553,
                "n": 40.0
            },
            {
                "y": 0.25,
                "x": 0.22027089092717547,
                "n": 12.0
            },
            {
                "y": 0.0,
                "x": 0.3879891934097374,
                "n": 1.0
            },
            {
                "y": 1,
                "x": 1,
                "n": 0
            }
        ],
        "3": [
            {
                "y": 0,
                "x": 0,
                "n": 0
            },
            {
                "y": 0.08,
                "x": 0.06210286940402595,
                "n": 25.0
            },
            {
                "y": 0.1875,
                "x": 0.16212576505830367,
                "n": 48.0
            },
            {
                "y": 1,
                "x": 1,
                "n": 0
            }
        ],
        "2": [
            {
                "y": 0,
                "x": 0,
                "n": 0
            },
            {
                "y": 0.14814814814814814,
                "x": 0.05507096013683066,
                "n": 27.0
            },
            {
                "y": 0.13043478260869565,
                "x": 0.1706183945419247,
                "n": 46.0
            },
            {
                "y": 1,
                "x": 1,
                "n": 0
            }
        ],
        "6": [
            {
                "y": 0,
                "x": 0,
                "n": 0
            },
            {
                "y": 0.0,
                "x": 0.062119591646349975,
                "n": 13.0
            },
            {
                "y": 0.18333333333333332,
                "x": 0.13669101625929747,
                "n": 60.0
            },
            {
                "y": 1,
                "x": 1,
                "n": 0
            }
        ],
        "4": [
            {
                "y": 0,
                "x": 0,
                "n": 0
            },
            {
                "y": 0.07692307692307693,
                "x": 0.0994804755104445,
                "n": 13.0
            },
            {
                "y": 0.13559322033898305,
                "x": 0.13087237520143,
                "n": 59.0
            },
            {
                "y": 0.0,
                "x": 0.22190571156083558,
                "n": 1.0
            },
            {
                "y": 1,
                "x": 1,
                "n": 0
            }
        ],
        "8": [
            {
                "y": 0,
                "x": 0,
                "n": 0
            },
            {
                "y": 0.08333333333333333,
                "x": 0.03679108039750086,
                "n": 48.0
            },
            {
                "y": 0.0,
                "x": 0.16372549173983877,
                "n": 3.0
            },
            {
                "y": 0.14285714285714285,
                "x": 0.25374658150324825,
                "n": 14.0
            },
            {
                "y": 0.5,
                "x": 0.3366958703131356,
                "n": 8.0
            },
            {
                "y": 1,
                "x": 1,
                "n": 0
            }
        ],
        "5": [
            {
                "y": 0,
                "x": 0,
                "n": 0
            },
            {
                "y": 0.0425531914893617,
                "x": 0.08669085541510171,
                "n": 47.0
            },
            {
                "y": 0.0,
                "x": 0.17636146110770967,
                "n": 16.0
            },
            {
                "y": 0.1,
                "x": 0.20368492449778702,
                "n": 10.0
            },
            {
                "y": 1,
                "x": 1,
                "n": 0
            }
        ],
        "1": [
            {
                "y": 0,
                "x": 0,
                "n": 0
            },
            {
                "y": 0.0,
                "x": 0.052033288071150985,
                "n": 27.0
            },
            {
                "y": 0.2391304347826087,
                "x": 0.1720578248647497,
                "n": 46.0
            },
            {
                "y": 1,
                "x": 1,
                "n": 0
            }
        ]
    },
    "oneVsAllCalibrationLoss": {
        "0": 0.027973443882514153,
        "3": 0.022813582768503766,
        "2": 0.05974698938676862,
        "6": 0.04939854405266713,
        "4": 0.010872352826195126,
        "8": 0.07649438074903925,
        "5": 0.0812753811946713,
        "1": 0.06151012101565193
    },
    "densityData": {
        "0": {
            "correct": [
                0.031306177545235514,
                0.07209466930769846,
                0.15337252393378087,
                0.30238740010303705,
                0.5545079761944675,
                0.9492096083526432,
                1.521736855711886,
                2.2901210184502525,
                3.238596551597067,
                4.301546524696894,
                5.356755152280552,
                6.2394715764499065,
                6.7838099769032505,
                6.883183774732808,
                6.5440803980790845,
                5.9015587759794705,
                5.1793498174189585,
                4.606280091371046,
                4.325947719139196,
                4.342127523642913,
                4.525307125961374,
                4.676055165671417,
                4.614018119113328,
                4.250488568141364,
                3.6131977972489304,
                2.8184127974222806,
                2.012090104450098,
                1.3131165516806471,
                0.78295576050414,
                0.42642512948697237,
                0.21211518643077654,
                0.09636122677030945,
                0.03997832407160766,
                0.015147260092990139,
                0.005241176576954286,
                0.0016561809826623874,
                0.000477937022343665,
                0.0001259555310699861,
                3.0314291182555137e-05,
                6.662867217618448e-06,
                1.3373911576195297e-06,
                2.4515416560479165e-07,
                4.103964956178823e-08,
                6.274101577192841e-09,
                8.759573925406242e-10,
                1.1168579835077711e-10,
                1.3004583810692377e-11,
                1.3828608988751434e-12,
                1.3429012247024917e-13,
                1.1909490351327284e-14,
                9.645523820748847e-16,
                7.134145999955978e-17,
                4.818831070638921e-18,
                2.9725210918767703e-19,
                1.6745253319754976e-20,
                8.614737187772485e-22,
                4.0473976743892195e-23,
                1.736573849204977e-24,
                6.804467901167244e-26,
                2.4348859105891387e-27,
                7.956949423699748e-29,
                2.3746418232141546e-30,
                6.471920315205507e-32,
                1.6108375482111948e-33,
                3.6614563515398047e-35,
                7.600453602046057e-37,
                1.440816578712478e-38,
                2.4943731091796588e-40,
                3.9436436850443235e-42,
                5.693999906225311e-44,
                7.507939710185562e-46,
                9.040816017897567e-48,
                9.942097553948204e-50,
                9.984629245350906e-52,
                9.157341277950895e-54,
                7.669912168783065e-56,
                5.866713979262624e-58,
                4.0981039883566146e-60,
                2.6142948484681915e-62,
                1.523034334326061e-64,
                8.1030469392431e-67,
                3.9370465475415896e-69,
                1.7469331182548528e-71,
                7.078896148030213e-74,
                2.6196202429248547e-76,
                8.8530857036542e-79,
                2.7323386990817413e-81,
                7.701191662225289e-84,
                1.9822793859179947e-86,
                4.6596718299835874e-89,
                1.0002978425326224e-91,
                1.9610418721063392e-94,
                3.5109766041898163e-97,
                5.740537233969489e-100,
                8.571575895289317e-103,
                1.1688326793916822e-105,
                1.4555514129938988e-108,
                1.6553364906439658e-111,
                1.7192085467132758e-114,
                1.630626020122524e-117
            ],
            "incorrect": [
                1.1705888242671834,
                1.7718699010909942,
                2.425773100091849,
                3.016439645323591,
                3.434231166670559,
                3.6367824605922157,
                3.6909344915252276,
                3.764036055194098,
                4.055610590078291,
                4.691822579229011,
                5.631454403378554,
                6.6403806154666185,
                7.368876009557738,
                7.510050667352696,
                6.956660875642381,
                5.859743738457092,
                4.551308915488213,
                3.383218534329908,
                2.580882199238727,
                2.182665298342924,
                2.0718898821285454,
                2.062742070500298,
                1.9918292172560148,
                1.7785240180692101,
                1.4360705866949983,
                1.038664697413719,
                0.6702308344075407,
                0.3852373107615188,
                0.19729985408658182,
                0.09072064760083172,
                0.039487973503479275,
                0.02128056263009258,
                0.022758462475465157,
                0.038439526494135505,
                0.06667263889120317,
                0.10519888874923182,
                0.1480612112185063,
                0.18535469323130827,
                0.20631098159568675,
                0.20416092987159376,
                0.17961843877053005,
                0.1404936480775859,
                0.0976989465637106,
                0.060401883483573324,
                0.03320003097844267,
                0.016223849310670373,
                0.007048500356547776,
                0.002722494151174464,
                0.0009348987777487232,
                0.00028542343981801456,
                7.747152175444692e-05,
                1.8694848282589826e-05,
                4.010783415006801e-06,
                7.650043119275781e-07,
                1.2972568209623384e-07,
                1.9557595065310686e-08,
                2.621394260378313e-09,
                3.123752708235737e-10,
                3.30939307914661e-11,
                3.1170765664606663e-12,
                2.610201250016873e-13,
                1.9432466317926107e-14,
                1.2862022386268561e-15,
                7.568642739774797e-17,
                3.959625913408283e-18,
                1.8416950334689043e-19,
                7.615679929116564e-21,
                2.799800307154195e-22,
                9.151090231842618e-24,
                2.6591695288370165e-25,
                6.869839974930835e-27,
                1.577882367982942e-28,
                3.222033360927159e-30,
                5.849420591509474e-32,
                9.441110346367802e-34,
                1.3547548201077336e-35,
                1.7283263184942784e-37,
                1.960280361001118e-39,
                1.976687617949574e-41,
                1.772088070282981e-43,
                1.4124073509161846e-45,
                1.0008339839718378e-47,
                6.305093415208874e-50,
                3.531412210251506e-52,
                1.7584608771457485e-54,
                7.78474540384471e-57,
                3.0639630549194268e-59,
                1.0721364026970802e-61,
                3.3353696070029586e-64,
                9.224977151602342e-67,
                2.2683707500300078e-69,
                4.95895520360918e-72,
                9.638151285540888e-75,
                1.665423543920673e-77,
                2.558486137242491e-80,
                3.4943696411447384e-83,
                4.2430878755140476e-86,
                4.580602608440854e-89,
                4.396333329060055e-92,
                3.7513364539860994e-95
            ],
            "correctMedian": 0.13258778475213007,
            "incorrectMedian": 0.13120902213192712
        },
        "3": {
            "correct": [
                0.2829652838071884,
                0.5759400722078082,
                1.0261756305799743,
                1.6032544905517363,
                2.2036729019541803,
                2.681632558637092,
                2.923812305303472,
                2.91978092352567,
                2.7752136232895137,
                2.6666524800140063,
                2.7882289369547046,
                3.324916831583326,
                4.419545343030699,
                6.079319220602746,
                8.049902810679582,
                9.791080435576207,
                10.6663890990167,
                10.277740519682421,
                8.706390188238649,
                6.465158404101471,
                4.202592526809609,
                2.3897926517841936,
                1.1884009257772596,
                0.5167139434005407,
                0.1964171432478912,
                0.06527153739108583,
                0.01896113342305163,
                0.0048148771247017,
                0.0010687422164988433,
                0.00020735524847538675,
                3.516410664246593e-05,
                5.212131278677356e-06,
                6.752296085387694e-07,
                7.645353749390821e-08,
                7.565605343650618e-09,
                6.543049324034724e-10,
                4.945360391893826e-11,
                3.2665413905049043e-12,
                1.8855691915030073e-13,
                9.51158470719752e-15,
                4.192873642442773e-16,
                1.615146493959467e-17,
                5.436838546852475e-19,
                1.5992221652176385e-20,
                4.110482701527454e-22,
                9.231933138454726e-24,
                1.8117686210178273e-25,
                3.10683245617938e-27,
                4.655142711208694e-29,
                6.094576871440713e-31,
                6.971802971137434e-33,
                6.968406590874878e-35,
                6.0856192783737675e-37,
                4.643605418445127e-39,
                3.09586209476015e-41,
                1.8033516064818505e-43,
                9.178012760557476e-46,
                4.081158532432652e-48,
                1.5855579898423187e-50,
                5.381980417876666e-53,
                1.5961034280849534e-55,
                4.135582088196551e-58,
                9.361961739736083e-61,
                1.8516108318761916e-63,
                3.199509137375886e-66,
                4.830210534206864e-69,
                6.370832870980708e-72,
                7.341288529696606e-75,
                7.39082440320843e-78,
                6.500648080658798e-81,
                4.995309064534888e-84,
                3.3535813299467936e-87,
                1.9669576278080405e-90,
                1.0079055290550528e-93,
                4.512137842434884e-97,
                1.764743962445501e-100,
                6.02999610301633e-104,
                1.800062390110379e-107,
                4.6945347085383194e-111,
                1.0696244897942302e-114,
                2.1291353490601995e-118,
                3.702608172675861e-122,
                5.6252811751003493e-126,
                7.466416085686685e-130,
                8.657871347364203e-134,
                8.770828087247948e-138,
                7.762474291192417e-142,
                6.001909724734598e-146,
                4.054227165242105e-150,
                2.392520617301192e-154,
                1.2334795779312943e-158,
                5.5556720294410474e-163,
                2.1860964303715558e-167,
                7.515014875273896e-172,
                2.2569292302806358e-176,
                5.921522372035611e-181,
                1.3573002479388842e-185,
                2.7179746504684586e-190,
                4.7549023981816734e-195,
                7.267154064283389e-200
            ],
            "incorrect": [
                0.3604044574504813,
                0.8374869198041824,
                1.6511251913345901,
                2.776838138886782,
                4.00995756832682,
                5.010449558629346,
                5.462998915184655,
                5.243112588314046,
                4.471111617598629,
                3.4441424883795557,
                2.5342724998620967,
                2.129573197630147,
                2.594260372173778,
                4.136855149027551,
                6.5469401277821655,
                9.020000313475009,
                10.426621694405679,
                10.018986515553172,
                7.983756358954181,
                5.272242994955633,
                2.8845632836069317,
                1.3073868068298131,
                0.49082285007088977,
                0.1526173671085372,
                0.03930117154862136,
                0.008380976250389404,
                0.0014799185547356157,
                0.00021637296307810635,
                2.6191445073206917e-05,
                2.6246901368037418e-06,
                2.1773642455872846e-07,
                1.4951766926462226e-08,
                8.498412346444889e-10,
                3.998010471258137e-11,
                1.5566443382472957e-12,
                5.0159610213863554e-14,
                1.3375793060379775e-15,
                2.95167300127817e-17,
                5.38994351605251e-19,
                8.14427851366947e-21,
                1.0182625058835765e-22,
                1.053399217621018e-24,
                9.016556456015908e-27,
                6.385460250658675e-29,
                3.7414303944723577e-31,
                1.8137110087428587e-33,
                7.274031938001947e-36,
                2.4135230390551075e-38,
                6.625061311496918e-41,
                1.5044724204499162e-43,
                2.826367620162312e-46,
                4.3925617013529616e-49,
                5.647380760333706e-52,
                6.006366702474906e-55,
                5.284551984135964e-58,
                3.846204760793281e-61,
                2.315694081998228e-64,
                1.1533244193218434e-67,
                4.75160724932676e-71,
                1.6193689580451066e-74,
                4.565254701412413e-78,
                1.0646235129571973e-81,
                2.053700136227734e-85,
                3.277073762983755e-89,
                4.325556954549641e-93,
                4.722838052640128e-97,
                4.265480610518519e-101,
                3.1866590983562765e-105,
                1.9692682522144454e-109,
                1.0066414604970562e-113,
                4.256420434806522e-118,
                1.4887205681241913e-122,
                4.307051713272673e-127,
                1.0307291172813629e-131,
                2.040356036927742e-136,
                3.3409022790963476e-141,
                4.524988607443133e-146,
                5.069517822562851e-151,
                4.697976624361211e-156,
                3.6012204394448525e-161,
                2.283404631022869e-166,
                1.1975952225163378e-171,
                5.195543157476069e-177,
                1.864426758050062e-182,
                5.5341755854250496e-188,
                1.3587938298315855e-193,
                2.7596056887552465e-199,
                4.635890359963808e-205,
                6.441867414080266e-211,
                7.404278830395599e-217,
                7.039567457774024e-223,
                5.5360664353967975e-229,
                3.601211365292182e-235,
                1.9377057759773253e-241,
                8.624200995134863e-248,
                3.1749847143782026e-254,
                9.668432466835174e-261,
                2.4353539569380513e-267,
                5.074107302385261e-274,
                8.744775839211203e-281
            ],
            "correctMedian": 0.16592359923350974,
            "incorrectMedian": 0.16079479632502866
        },
        "2": {
            "correct": [
                0.8013155772102892,
                1.2673946253691855,
                1.8609960439031783,
                2.540782634667905,
                3.2302198994539806,
                3.830902607668568,
                4.24976605754291,
                4.43351453165362,
                4.3977875240812585,
                4.236476970675253,
                4.100777565202222,
                4.148547722245652,
                4.479293962169621,
                5.08168826894206,
                5.820921484075071,
                6.478305532807587,
                6.830245251959389,
                6.731788756309179,
                6.166126586505275,
                5.2396851924791354,
                4.131443226260651,
                3.0260283596301325,
                2.061481710817588,
                1.3076409120548964,
                0.7727789452860672,
                0.4254608484433918,
                0.21806985443772625,
                0.10392229286489477,
                0.045968914801096765,
                0.018837755380512192,
                0.007137533908274061,
                0.00249576435852897,
                0.0008039960864596691,
                0.00023826151929939496,
                6.487227298677412e-05,
                1.6211430938688794e-05,
                3.7151677370140525e-06,
                7.802645148675179e-07,
                1.5010127704844994e-07,
                2.6437995069561912e-08,
                4.262226279979281e-09,
                6.287847229915794e-10,
                8.486783752820485e-11,
                1.0478453990122719e-11,
                1.1833580669280037e-12,
                1.2222592546520043e-13,
                1.1545445202927141e-14,
                9.9732539766827e-16,
                7.878175590470328e-17,
                5.6906861736383355e-18,
                3.7587582697977464e-19,
                2.2701668108485106e-20,
                1.2537163942999764e-21,
                6.330891281099046e-23,
                2.923151132675896e-24,
                1.2341164791424328e-25,
                4.7640650068518765e-27,
                1.6815681286040474e-28,
                5.427070515240426e-30,
                1.601510794430736e-31,
                4.3212269556065864e-33,
                1.0660967547474779e-34,
                2.4049062632468884e-36,
                4.960339545164664e-38,
                9.354835945359544e-40,
                1.6131409236871206e-41,
                2.5434294068901067e-43,
                3.6667240293377964e-45,
                4.83334560790765e-47,
                5.825437057639629e-49,
                6.419780463315594e-51,
                6.468786364781975e-53,
                5.959864512785249e-55,
                5.020660957517934e-57,
                3.867197202134055e-59,
                2.723595760495895e-61,
                1.7538800134550156e-63,
                1.0326853163099068e-65,
                5.55964438621155e-68,
                2.736761241946869e-70,
                1.2317928843888924e-72,
                5.069315862694936e-75,
                1.9075322690832995e-77,
                6.563043959424811e-80,
                2.0646650707505323e-82,
                5.9388832143318e-85,
                1.561963339033542e-87,
                3.7561918299097963e-90,
                8.259154058555355e-93,
                1.6604822835568453e-95,
                3.052416560070608e-98,
                5.130553625342299e-101,
                7.884888146960976e-104,
                1.1079947889895087e-106,
                1.423609161103429e-109,
                1.6724560177600746e-112,
                1.79650947531588e-115,
                1.764473718200307e-118,
                1.5845711731280258e-121,
                1.3011254835931125e-124
            ],
            "incorrect": [
                1.1713069297876917,
                1.9414982138714316,
                2.8460292275194488,
                3.7068282697575423,
                4.316181121763951,
                4.527249406372778,
                4.315052372329912,
                3.7742327810411087,
                3.0741578005168506,
                2.416092294378507,
                2.0114549294980377,
                2.0606795849782977,
                2.701491423946392,
                3.924783244437494,
                5.506641958250256,
                7.031974587418509,
                8.041414215044728,
                8.23229163658085,
                7.582668018167114,
                6.322222394518175,
                4.793739397292981,
                3.310560816088607,
                2.0778562044339126,
                1.1791222333607023,
                0.6008598406102152,
                0.2730439772174713,
                0.10996829809557317,
                0.039060812661324155,
                0.012191375463221951,
                0.00333467863226938,
                0.0007978964278724498,
                0.00016679600961612702,
                3.0437208707290335e-05,
                4.845732714042629e-06,
                6.728020920150544e-07,
                8.144815691739853e-08,
                8.595488877040815e-09,
                7.906946531068906e-10,
                6.339651073280901e-11,
                4.4301677029293585e-12,
                2.6981124987854385e-13,
                1.432109958959917e-14,
                6.624657381736846e-16,
                2.6706532241958266e-17,
                9.382879829080438e-19,
                2.872881952907536e-20,
                7.665867860768098e-22,
                1.7826500975851554e-23,
                3.6126980407467353e-25,
                6.3805438947431005e-27,
                9.820735715893369e-29,
                1.3173176341048724e-30,
                1.5399161064904283e-32,
                1.5687857537042162e-34,
                1.3928046098892653e-36,
                1.077647470721094e-38,
                7.266464840650759e-41,
                4.270016695379864e-43,
                2.1867336948207648e-45,
                9.759378096364911e-48,
                3.795843605254738e-50,
                1.2866321388589514e-52,
                3.800672052225635e-55,
                9.784222388040788e-58,
                2.195089078127026e-60,
                4.2917844082124993e-63,
                7.312797735366308e-66,
                1.0858982670754413e-68,
                1.4052533634033642e-71,
                1.5848203584666499e-74,
                1.5576338055250106e-77,
                1.3341682505736931e-80,
                9.959000481114287e-84,
                6.478594825777078e-87,
                3.6728720631767114e-90,
                1.8146409054802844e-93,
                7.813318113645079e-97,
                2.9318397680255344e-100,
                9.587488823813511e-104,
                2.732306558342972e-107,
                6.786000588589706e-111,
                1.4687851600327624e-114,
                2.7705281903086535e-118,
                4.5543540129575847e-122,
                6.52455523727376e-126,
                8.145822706578202e-130,
                8.862962448100615e-134,
                8.403936835333676e-138,
                6.944589261539634e-142,
                5.001154413963693e-146,
                3.138729418098411e-150,
                1.7167118558444155e-154,
                8.18277952064152e-159,
                3.3991020797546637e-163,
                1.2305166075158915e-167,
                3.8821352905820455e-172,
                1.0673669904636378e-176,
                2.557506720085551e-181,
                5.34047288036326e-186,
                9.718574294762988e-191
            ],
            "correctMedian": 0.16254191827445408,
            "incorrectMedian": 0.16254191827445408
        },
        "6": {
            "correct": [
                0.0012636501295481572,
                0.00583476154385389,
                0.023105488451176336,
                0.07847187338895387,
                0.22858313544474285,
                0.5711629580782929,
                1.2245680022621817,
                2.2541605339904773,
                3.567624598008835,
                4.870302335049195,
                5.7765706454741474,
                6.050466116827227,
                5.79318465520474,
                5.4009759529341865,
                5.316787867752168,
                5.7742494252272785,
                6.693264945959183,
                7.728037381034769,
                8.403611278427281,
                8.312611709461155,
                7.323344393521184,
                5.669445906244963,
                3.8231952954723374,
                2.2330718981155084,
                1.125636208196441,
                0.488568954387699,
                0.18233641401534723,
                0.05846052896376425,
                0.016093906730276705,
                0.003803003934282209,
                0.0007712063282026034,
                0.00013419562298799904,
                2.0035304411497807e-05,
                2.5663843849771395e-06,
                2.82034065375394e-07,
                2.6590476232423827e-08,
                2.1507441877999202e-09,
                1.4923978988314938e-10,
                8.8840278588447e-12,
                4.536923180779865e-13,
                1.9876338063395983e-14,
                7.470199367502488e-16,
                2.4084988914164244e-17,
                6.661573160763562e-19,
                1.5805962472372617e-20,
                3.2171892833162715e-22,
                5.617480183929904e-24,
                8.414213203352215e-26,
                1.08116074994566e-27,
                1.191707307653401e-29,
                1.1268063723163323e-31,
                9.139599071114988e-34,
                6.359177762682281e-36,
                3.7954963806508573e-38,
                1.9432462411583725e-40,
                8.534470671154555e-43,
                3.215235027870662e-45,
                1.0390444863196547e-47,
                2.880306930081466e-50,
                6.848958860064844e-53,
                1.3969777345777462e-55,
                2.4441708183865826e-58,
                3.668164490078687e-61,
                4.722144696611836e-64,
                5.214361222199866e-67,
                4.9389245950355374e-70,
                4.012650128609383e-73,
                2.796378787553151e-76,
                1.671570631608601e-79,
                8.570689266758995e-83,
                3.769357603863895e-86,
                1.4219287343191028e-89,
                4.600929456562371e-93,
                1.2769355123796293e-96,
                3.039809921464954e-100,
                6.20692393742704e-104,
                1.0870698348451352e-107,
                1.6330068992884183e-111,
                2.1041016134041216e-115,
                2.3253702316215826e-119,
                2.204260125929071e-123,
                1.7921632919050977e-127,
                1.2497841146072552e-131,
                7.475389683377198e-136,
                3.8350660073710093e-140,
                1.6875272954826685e-144,
                6.368930989722518e-149,
                2.061668812922882e-153,
                5.7240940088720374e-158,
                1.363104080944672e-162,
                2.7840986289692925e-167,
                4.8772218982740604e-172,
                7.328105334127246e-177,
                9.44367857563645e-182,
                1.0438066002241096e-186,
                9.895261960567485e-192,
                8.045667145450545e-197,
                5.61078274570455e-202,
                3.355912359434346e-207,
                1.721562124225955e-212
            ],
            "incorrect": [
                0.0359141277010856,
                0.1487008288864994,
                0.4791002993900696,
                1.203840946145013,
                2.3738616953655045,
                3.7380961013859877,
                4.91534415068953,
                5.906840097933487,
                7.183861464296708,
                8.886020960056523,
                10.164048674587258,
                9.916250747112286,
                8.127518911188632,
                5.922180696903547,
                4.335844051111601,
                3.5621778537246778,
                3.3440771583807343,
                3.490580462862661,
                3.793153791145411,
                3.841448193098224,
                3.3016000219102706,
                2.2900784832836703,
                1.25459932897868,
                0.5382963354197338,
                0.18030614516515517,
                0.04709283117061431,
                0.009586634939193601,
                0.001520829408563924,
                0.00018800916684035479,
                1.811166158875454e-05,
                1.3596221560840112e-06,
                7.95348351459488e-08,
                3.62552553215098e-09,
                1.2878048704581968e-10,
                3.5643579876058703e-12,
                7.686822982711771e-14,
                1.2915895090476347e-15,
                1.6907825207168673e-17,
                1.7242737331753588e-19,
                1.3697644953857035e-21,
                8.475583643256853e-24,
                4.084485189056021e-26,
                1.532874737512953e-28,
                4.479539417492102e-31,
                1.0192288029705765e-33,
                1.805406140151247e-36,
                2.4894060167270164e-39,
                2.671693636432791e-42,
                2.2315178713167003e-45,
                1.450407626859503e-48,
                7.335163028263478e-52,
                2.8861207773194755e-55,
                8.834064487845344e-59,
                2.103321616617094e-62,
                3.895015064527783e-66,
                5.6095997128091317e-70,
                6.282558493622826e-74,
                5.471262856697695e-78,
                3.7046843424671454e-82,
                1.9502731155613287e-86,
                7.981601161180836e-91,
                2.539255934317506e-95,
                6.279397604915376e-100,
                1.2069780258805304e-104,
                1.8031298756751208e-109,
                2.0935282107005032e-114,
                1.8890094127487396e-119,
                1.3245660565368912e-124,
                7.217375626398025e-130,
                3.055866639354382e-135,
                1.005363822290552e-140,
                2.5699893532014984e-146,
                5.1044043904941135e-152,
                7.876838040761484e-158,
                9.443655913140923e-164,
                8.79627756294979e-170,
                6.365289123170849e-176,
                3.578396129767424e-182,
                1.562791602515833e-188,
                5.302101318732227e-195,
                1.3974033626446176e-201,
                2.86098381345627e-208,
                4.5501154979230104e-215,
                5.621301207123165e-222,
                5.394524288611159e-229,
                4.021297024748127e-236,
                2.328472270558479e-243,
                1.0472815781176847e-250,
                3.6588045533285994e-258,
                9.928747859129522e-266,
                2.0927903431419207e-273,
                3.426333496001572e-281,
                4.357156343338661e-289,
                4.3037140598144285e-297,
                3.301777330647039e-305,
                1.9674957428e-313,
                9.1e-322,
                0.0,
                0.0,
                0.0
            ],
            "correctMedian": 0.1625608119763755,
            "incorrectMedian": 0.10564494266563801
        },
        "4": {
            "correct": [
                3.95372758686897e-23,
                1.1997162851986495e-18,
                1.2143284554967045e-14,
                4.1020449944992747e-11,
                4.628625870714569e-08,
                1.747449525343849e-05,
                0.002214366788272662,
                0.09477863342572006,
                1.3866513887042673,
                7.087663515420842,
                13.332982321437118,
                12.940765448465658,
                19.348121216322184,
                25.62332607064503,
                14.800415999063935,
                3.884976403135332,
                0.4740396337463388,
                0.023620297785821632,
                0.00042544007443131036,
                2.6199945437194894e-06,
                5.411791163623665e-09,
                3.726947744165251e-12,
                8.541710510840587e-16,
                6.511434917784178e-20,
                1.6507332463589955e-24,
                1.3916298698747138e-29,
                3.9013120786313563e-35,
                3.636936964470689e-41,
                1.1274528515964545e-47,
                1.1622467971249381e-54,
                3.984149489050079e-62,
                4.541613521878124e-70,
                1.7215593531333017e-78,
                2.1700568004662603e-87,
                9.096147156309749e-97,
                1.2678886924643335e-106,
                5.876815471089927e-117,
                9.058165569693731e-128,
                4.642754608169621e-139,
                7.913133260262466e-151,
                4.484959275716541e-163,
                8.452901398814761e-176,
                5.297736785756289e-189,
                1.10410970020713e-202,
                7.651936346235477e-217,
                1.7634686626648795e-231,
                1.3514544702437696e-246,
                3.444073145300604e-262,
                2.918640391382176e-278,
                8.224813994759314e-295,
                7.707416998394e-312,
                0.0,
                0.0,
                0.0,
                0.0,
                0.0,
                0.0,
                0.0,
                0.0,
                0.0,
                0.0,
                0.0,
                0.0,
                0.0,
                0.0,
                0.0,
                0.0,
                0.0,
                0.0,
                0.0,
                0.0,
                0.0,
                0.0,
                0.0,
                0.0,
                0.0,
                0.0,
                0.0,
                0.0,
                0.0,
                0.0,
                0.0,
                0.0,
                0.0,
                0.0,
                0.0,
                0.0,
                0.0,
                0.0,
                0.0,
                0.0,
                0.0,
                0.0,
                0.0,
                0.0,
                0.0,
                0.0,
                0.0,
                0.0,
                0.0
            ],
            "incorrect": [
                1.6124136172867462e-21,
                2.4244323535977246e-17,
                1.3034172552968707e-13,
                2.505942265850532e-10,
                1.7234233311576258e-07,
                4.24173515721334e-05,
                0.0037391865561994474,
                0.11825266139830555,
                1.347416913564867,
                5.6196277731029864,
                9.41137138614015,
                11.248962415188934,
                20.43335933578776,
                25.12809054931729,
                14.39371065276592,
                5.102056817152352,
                1.4794727471395615,
                0.6482981077515226,
                0.7486562567190629,
                0.7682426848400131,
                0.7484805199824034,
                0.6794568455843971,
                0.6749155340430453,
                0.3651552402406486,
                0.07500158909142694,
                0.00554256163632743,
                0.0001465014859753827,
                1.3841900961878138e-06,
                4.6745888007831425e-09,
                5.64263682590831e-12,
                2.43450954156404e-15,
                3.75432208373529e-19,
                2.0693894783561815e-23,
                4.077027176298437e-28,
                2.8710161612413085e-33,
                7.226338965805675e-39,
                6.501172389516611e-45,
                2.0905265929221196e-51,
                2.4027598802524745e-58,
                9.870876271826015e-66,
                1.4494115098908795e-73,
                7.607086671731338e-82,
                1.4270384807892292e-90,
                9.568495680423663e-100,
                2.293201975248698e-109,
                1.96440762103373e-119,
                6.0146668175893746e-130,
                6.582368625703566e-141,
                2.574799917249309e-152,
                3.5999414229134626e-164,
                1.79902849762507e-176,
                3.2134482677051593e-189,
                2.051612061877371e-202,
                4.681767427768383e-216,
                3.818696024094675e-230,
                1.1132969092346893e-244,
                1.1601057485869011e-259,
                4.320905969465789e-275,
                5.752315700109795e-291,
                2.737166851995028e-307,
                5e-324,
                0.0,
                0.0,
                0.0,
                0.0,
                0.0,
                0.0,
                0.0,
                0.0,
                0.0,
                0.0,
                0.0,
                0.0,
                0.0,
                0.0,
                0.0,
                0.0,
                0.0,
                0.0,
                0.0,
                0.0,
                0.0,
                0.0,
                0.0,
                0.0,
                0.0,
                0.0,
                0.0,
                0.0,
                0.0,
                0.0,
                0.0,
                0.0,
                0.0,
                0.0,
                0.0,
                0.0,
                0.0,
                0.0,
                0.0
            ],
            "correctMedian": 0.12937980247676012,
            "incorrectMedian": 0.12937980247676012
        },
        "8": {
            "correct": [
                1.6414409592039396,
                1.725899208786654,
                1.7950537357526035,
                1.8475818044715515,
                1.8829323496622488,
                1.9013830207027655,
                1.9040427151785013,
                1.8927978747410044,
                1.8702057193771948,
                1.8393422242961008,
                1.8036164844073486,
                1.7665657509599215,
                1.7316466028613102,
                1.7020373566217872,
                1.680465039447644,
                1.669067333484209,
                1.669296251531821,
                1.6818663923737165,
                1.7067469072638324,
                1.7431931790987898,
                1.7898119455330075,
                1.844652314131479,
                1.9053147987700279,
                1.9690709976500895,
                2.0329875863900773,
                2.094049622050821,
                2.1492794610340398,
                2.195848656050623,
                2.2311808745636372,
                2.2530441386028346,
                2.2596305910756267,
                2.24962169466609,
                2.2222364596089133,
                2.177260173279407,
                2.1150513279280787,
                2.0365251039564036,
                1.9431128679818217,
                1.8366986010031021,
                1.7195348205934404,
                1.5941421932546844,
                1.463198428128148,
                1.3294230053745164,
                1.1954646822763966,
                1.0637984754472953,
                0.9366379614484418,
                0.8158673724515918,
                0.7029962509579771,
                0.5991375653349673,
                0.5050083789259547,
                0.42095059064862383,
                0.346968061687768,
                0.28277569180650597,
                0.22785573031754136,
                0.18151676604638525,
                0.1429513595645314,
                0.11128905411586734,
                0.08564241325244334,
                0.0651446727103624,
                0.04897846826730944,
                0.03639584188531534,
                0.02673029480824253,
                0.01940203451159871,
                0.013917760898921864,
                0.009866380593293221,
                0.006911960915560491,
                0.00478507494928734,
                0.003273482142778532,
                0.002212866234007107,
                0.0014781378497035925,
                0.0009756191955034937,
                0.0006362719079627426,
                0.0004100094732754395,
                0.00026105124846446465,
                0.0001642217524874205,
                0.00010207071305171838,
                6.268013749763337e-05,
                3.802857419053558e-05,
                2.2794740132063675e-05,
                1.349886125527839e-05,
                7.897526232763659e-06,
                4.564678808620204e-06,
                2.6064445687268894e-06,
                1.4702797280925776e-06,
                8.193300768159089e-07,
                4.510448000176138e-07,
                2.452883219387224e-07,
                1.3177261903896306e-07,
                6.992934312260048e-08,
                3.665849914912011e-08,
                1.8983050787139123e-08,
                9.710212018998589e-09,
                4.906346344406329e-09,
                2.4487814445866364e-09,
                1.207257362648459e-09,
                5.879000843600715e-10,
                2.8278537327488034e-10,
                1.343557274638885e-10,
                6.305179214459385e-11,
                2.922651279073758e-11,
                1.3381084192488986e-11
            ],
            "incorrect": [
                4.261473989714287,
                4.823558314241456,
                5.247008736253958,
                5.486230910923971,
                5.515396425106676,
                5.3334249585633176,
                4.964227585345708,
                4.452156178328991,
                3.8538818340772822,
                3.228788195695189,
                2.6301495283865783,
                2.0988700160115297,
                1.6606325167225668,
                1.3263018220377936,
                1.0946723310548996,
                0.9563173031132037,
                0.8973827194328983,
                0.9025379119513465,
                0.956763537513069,
                1.0460674561304386,
                1.157479055723351,
                1.2787601325811866,
                1.3982128475498445,
                1.5048149932633872,
                1.5887284460905622,
                1.6420612042362999,
                1.6596567770753492,
                1.6396584617240064,
                1.5836502042205067,
                1.496289367326489,
                1.3844837391538696,
                1.2562843798121395,
                1.1197330133661139,
                0.9819000023529187,
                0.8482807858608639,
                0.7226095721190443,
                0.6070354661902883,
                0.5025236978049968,
                0.40931557079403924,
                0.3273070423500491,
                0.25626977730724565,
                0.1959116141892134,
                0.14582864253798694,
                0.10542327764585142,
                0.0738521404678283,
                0.05003672138427311,
                0.03273566440456988,
                0.02065357884272027,
                0.012553275524652047,
                0.007344198505016954,
                0.004133050379478901,
                0.0022361957642013644,
                0.0011627431402863719,
                0.000580834777810596,
                0.00027868024755662766,
                0.00012839787260798198,
                5.679880546032202e-05,
                2.4121058289389857e-05,
                9.833013136506088e-06,
                3.847478136628175e-06,
                1.4449010852736437e-06,
                5.207761754011645e-07,
                1.801349894309523e-07,
                5.979507261682254e-08,
                1.904768260932113e-08,
                5.822634856795805e-09,
                1.7080106442733163e-09,
                4.807834454431442e-10,
                1.2986488956193473e-10,
                3.365995838352537e-11,
                8.37166690563715e-12,
                1.9979488551072515e-12,
                4.575397397693231e-13,
                1.0054109902333172e-13,
                2.1199587113769475e-14,
                4.289226589319596e-15,
                8.32716980796397e-16,
                1.5512502998944553e-16,
                2.7728837631169452e-17,
                4.756047453442536e-18,
                7.827532857556821e-19,
                1.236139162361753e-19,
                1.8731526400816296e-20,
                2.7235913108453113e-21,
                3.7999102829027956e-22,
                5.08706242645378e-23,
                6.5346573962674455e-24,
                8.0545324814594895e-25,
                9.526192421334076e-26,
                1.0810844246804202e-26,
                1.1772287990709165e-27,
                1.2300504283807793e-28,
                1.2332340180995635e-29,
                1.18639249145119e-30,
                1.095144365227772e-31,
                9.700055626526758e-33,
                8.243976112815441e-34,
                6.722930994028514e-35,
                5.2606546571974324e-36,
                3.949843830077383e-37
            ],
            "correctMedian": 0.22946634416190234,
            "incorrectMedian": 0.04029018912937986
        },
        "5": {
            "correct": [
                0.44280976413364537,
                0.7466288327450638,
                1.1890004461219132,
                1.7884046187998548,
                2.540894010126031,
                3.4103551235258127,
                4.325188941521143,
                5.18542111844901,
                5.8811566891381055,
                6.318674544176458,
                6.4463057199555935,
                6.2708056798433285,
                5.857409989845719,
                5.312439815866673,
                4.753802658279627,
                4.279171621076265,
                3.9421937667772986,
                3.7437646768482447,
                3.6398111385915763,
                3.561439757060559,
                3.439718340024599,
                3.226778809294958,
                2.9072262283416728,
                2.497886604993379,
                2.0380801971104003,
                1.575335507830165,
                1.151953936985399,
                0.7962995410209474,
                0.5201318762649572,
                0.320955297356012,
                0.187074077228845,
                0.10298873480151684,
                0.053549549965930164,
                0.02629677667581575,
                0.012196202344932053,
                0.005342189379469695,
                0.0022099625850325573,
                0.0008634171662873711,
                0.00031858555153407473,
                0.00011101990430023512,
                3.6538006815303735e-05,
                1.1356853079767738e-05,
                3.3338055840812128e-06,
                9.242545875030069e-07,
                2.419981409031484e-07,
                5.984136710489106e-08,
                1.397526468089559e-08,
                3.0823903261832317e-09,
                6.4207280965611e-10,
                1.2631356100744298e-10,
                2.3468467584182867e-11,
                4.118020834978745e-12,
                6.82435169205448e-13,
                1.0680788463334245e-13,
                1.5787533344189186e-14,
                2.2039122613462424e-15,
                2.905650497747669e-16,
                3.617941175167697e-17,
                4.2545015013299525e-18,
                4.725033744324886e-19,
                4.95598748264913e-20,
                4.9093561637372e-21,
                4.592909978127447e-22,
                4.0580778970759683e-23,
                3.386272304030567e-24,
                2.6686549916323904e-25,
                1.9862414318556065e-26,
                1.396177695563052e-27,
                9.268691085318118e-29,
                5.811191312397415e-30,
                3.4409708365722016e-31,
                1.9242693554831178e-32,
                1.0162949994403968e-33,
                5.069238994233676e-35,
                2.38800261711713e-36,
                1.0624191326465162e-37,
                4.4640188625791125e-39,
                1.7714349631037308e-40,
                6.638859177047351e-42,
                2.349799213486555e-43,
                7.854835692535503e-45,
                2.4797763223775724e-46,
                7.393617279413831e-48,
                2.081950869148648e-49,
                5.536726108277601e-51,
                1.3906077876650873e-52,
                3.2985671327265287e-54,
                7.389499951905685e-56,
                1.5634133900384963e-57,
                3.1239326125170323e-59,
                5.895199952046799e-61,
                1.0506655105175312e-62,
                1.7684772023366765e-64,
                2.811276150699358e-66,
                4.220623417057999e-68,
                5.984374356473827e-70,
                8.013642344455538e-72,
                1.0134683982049814e-73,
                1.2104853003379743e-75,
                1.3654565399898164e-77
            ],
            "incorrect": [
                0.15678853894116224,
                0.41311989653992065,
                0.9111624242262115,
                1.7008762000217508,
                2.7425858457833856,
                3.9460946562281376,
                5.267568206951566,
                6.690930571201246,
                8.02591947392164,
                8.792558033102223,
                8.500154845567346,
                7.1336880878168625,
                5.2893314758696075,
                3.7618809283272703,
                3.0103585265068413,
                2.993333585477378,
                3.398617979326129,
                3.929426276778444,
                4.382647783291031,
                4.571951498459845,
                4.3202963435023705,
                3.588383618075713,
                2.5621805559692254,
                1.551031639201387,
                0.7897581536151774,
                0.3367701749338788,
                0.11997183299779082,
                0.03565367369744619,
                0.008830820252793338,
                0.0018216842465100086,
                0.0003128109728060965,
                4.4691184763519544e-05,
                5.3101639160683636e-06,
                5.245308429361842e-07,
                4.3058159410332176e-08,
                2.936417841529905e-09,
                1.6631314806027332e-10,
                7.820981659602153e-12,
                3.052897570432248e-13,
                9.889627482284986e-15,
                2.658118215873831e-16,
                5.9267146754152086e-18,
                1.09603876178772e-19,
                1.6809088186151887e-21,
                2.137517321300553e-23,
                2.2535611156649542e-25,
                1.9695893263207092e-27,
                1.4268752654804484e-29,
                8.567656817643502e-32,
                4.263531829849177e-34,
                1.7582374667436232e-36,
                6.008394397662046e-39,
                1.7013251171464694e-41,
                3.9915516826067485e-44,
                7.758925113046435e-47,
                1.2495352029331108e-49,
                1.6671170650177044e-52,
                1.8426356432769123e-55,
                1.687155512637834e-58,
                1.279678288065781e-61,
                8.040173315281895e-65,
                4.1844543343205176e-68,
                1.803897514073739e-71,
                6.441338097450918e-75,
                1.905126727021381e-78,
                4.667111442932969e-82,
                9.469838648801057e-86,
                1.591480084880594e-89,
                2.2152291421715623e-93,
                2.5538180838797735e-97,
                2.4384314247400096e-101,
                1.9283071660328217e-105,
                1.2629410655128019e-109,
                6.85058367616174e-114,
                3.077558935648887e-118,
                1.1450288642351963e-122,
                3.5282139389705547e-127,
                9.003662022932185e-132,
                1.9028599211123088e-136,
                3.33054691862413e-141,
                4.827733595196725e-146,
                5.795462358061287e-151,
                5.761666520555334e-156,
                4.743748896123646e-161,
                3.234500599188945e-166,
                1.8264310436359162e-171,
                8.540994732965042e-177,
                3.3076646922198206e-182,
                1.0608186692011114e-187,
                2.817515840306151e-193,
                6.19720792876485e-199,
                1.1288319151610222e-204,
                1.7028056587448343e-210,
                2.1271720800485872e-216,
                2.2005999161498768e-222,
                1.8852968119669598e-228,
                1.337574061122333e-234,
                7.858772942249259e-241,
                3.823752877820315e-247,
                1.5407155903955923e-253
            ],
            "correctMedian": 0.09733606376612697,
            "incorrectMedian": 0.09733606376612697
        },
        "1": {
            "correct": [
                1.1201966927860416e-201,
                5.224378456559604e-178,
                8.253649792895667e-156,
                4.417011287754443e-135,
                8.007225227567117e-116,
                4.917072862648836e-98,
                1.0228272903338029e-81,
                7.207240827751796e-67,
                1.7203104405829138e-53,
                1.390963327151321e-41,
                3.809742288717375e-31,
                3.5346513408468315e-22,
                1.110883785417539e-14,
                1.1826649830923002e-08,
                0.0004265067550443168,
                0.521028596558696,
                21.566599183841575,
                32.44107395530497,
                30.809246552067307,
                13.182545959139622,
                0.2003332774792612,
                0.00010314625733675875,
                1.7989752433544594e-09,
                1.0628401800692382e-15,
                2.1270701140199837e-23,
                1.442004816245358e-32,
                3.3114841450786185e-43,
                2.576022862182319e-55,
                6.788093410254323e-69,
                6.059223480693343e-84,
                1.832133836233355e-100,
                1.876586051768698e-118,
                6.511047091790681e-138,
                7.65251611393868e-159,
                3.046693268229768e-181,
                4.108887750714252e-205,
                1.8771150212534674e-230,
                2.9048824110271354e-257,
                1.522780450519627e-285,
                2.704064787e-315,
                0.0,
                0.0,
                0.0,
                0.0,
                0.0,
                0.0,
                0.0,
                0.0,
                0.0,
                0.0,
                0.0,
                0.0,
                0.0,
                0.0,
                0.0,
                0.0,
                0.0,
                0.0,
                0.0,
                0.0,
                0.0,
                0.0,
                0.0,
                0.0,
                0.0,
                0.0,
                0.0,
                0.0,
                0.0,
                0.0,
                0.0,
                0.0,
                0.0,
                0.0,
                0.0,
                0.0,
                0.0,
                0.0,
                0.0,
                0.0,
                0.0,
                0.0,
                0.0,
                0.0,
                0.0,
                0.0,
                0.0,
                0.0,
                0.0,
                0.0,
                0.0,
                0.0,
                0.0,
                0.0,
                0.0,
                0.0,
                0.0,
                0.0,
                0.0,
                0.0
            ],
            "incorrect": [
                1.430669519297229,
                2.3480267636285617,
                3.4259857673059657,
                4.45980767845599,
                5.202163411850386,
                5.464932854401602,
                5.198922755323839,
                4.506313972608792,
                3.592190853128327,
                2.698555793373505,
                2.0576995264883924,
                1.8679466722676838,
                2.2670505288389817,
                3.279367490499196,
                4.747884169150359,
                6.309783681411119,
                7.482256609850861,
                7.856269444248506,
                7.293181002523413,
                5.987726380774961,
                4.351012741450708,
                2.800744906790509,
                1.5982474198410261,
                0.8090147485591813,
                0.3633811224036514,
                0.1448422818657761,
                0.051223308962774876,
                0.01606489821109983,
                0.0044650825486745845,
                0.001098888792268451,
                0.0002392420844645883,
                4.6030836732301465e-05,
                7.819132752703394e-06,
                1.171541615286757e-06,
                1.5469233098230906e-07,
                1.7986736795933808e-08,
                1.8403895783591953e-09,
                1.6560844669294508e-10,
                1.3099359104599443e-11,
                9.103879416983428e-13,
                5.557205205577048e-14,
                2.9785917049982348e-15,
                1.4014702259251905e-16,
                5.787459667310388e-18,
                2.0972590080835605e-19,
                6.668346356762883e-21,
                1.860112039393871e-22,
                4.551732559810941e-24,
                9.77012538579854e-26,
                1.839434476383509e-27,
                3.037449890576175e-29,
                4.3990436132757855e-31,
                5.587514271227455e-33,
                6.224144841708032e-35,
                6.080410443688064e-37,
                5.2092045963562007e-39,
                3.913719866008809e-41,
                2.578596734023577e-43,
                1.4898718819827373e-45,
                7.548894500739258e-48,
                3.3541649659132053e-50,
                1.3069237710404212e-52,
                4.4655955004864506e-55,
                1.3380446102129763e-57,
                3.515790012607627e-60,
                8.100943671616065e-63,
                1.6368467609768365e-65,
                2.9002782154073983e-68,
                4.506403979049277e-71,
                6.140151452592126e-74,
                7.336455476210306e-77,
                7.686905124398173e-80,
                7.062762777017515e-83,
                5.6905657711385284e-86,
                4.02062802670549e-89,
                2.4910926342439753e-92,
                1.3534534483664465e-95,
                6.448432755863967e-99,
                2.694153832283775e-102,
                9.87069947382206e-106,
                3.171252082779213e-109,
                8.93451277621438e-113,
                2.2073349348427095e-116,
                4.7821460766618265e-120,
                9.085203630502343e-124,
                1.5135741787989784e-127,
                2.21120986544726e-131,
                2.832783726984248e-135,
                3.182394915431508e-139,
                3.1351037544061113e-143,
                2.7083635127348795e-147,
                2.051725130086185e-151,
                1.362977186156456e-155,
                7.939902671104363e-160,
                4.0560094029321675e-164,
                1.8169371654690402e-168,
                7.13736725412266e-173,
                2.4586310325391804e-177,
                7.426870523569572e-182,
                1.9673223456033272e-186
            ],
            "correctMedian": 0.16767446232220412,
            "incorrectMedian": 0.16767446232220412
        }
    },
    "globalMetrics": {
        "testWeight": 73,
        "targetAvg": [
            0.1095890410958904,
            0.1506849315068493,
            0.136986301369863,
            0.1506849315068493,
            0.1232876712328767,
            0.136986301369863,
            0.0410958904109589,
            0.1506849315068493
        ],
        "targetStd": [
            0.3145386319505849,
            0.360217252220885,
            0.34621238235890717,
            0.360217252220885,
            0.3310423554409472,
            0.34621238235890717,
            0.19988581215169668,
            0.36021725222088496
        ],
        "predictionAvg": [
            0.12778853131062667,
            0.12787134873834552,
            0.12788167222771185,
            0.12341117352000545,
            0.12652906890521898,
            0.1164817457239742,
            0.12237127160563022,
            0.12766518796848714
        ],
        "predictionStd": [
            0.0635114620479845,
            0.04908433951234497,
            0.05776683204116238,
            0.04472111436697014,
            0.02089465608614477,
            0.11596677724018326,
            0.0512948184470708,
            0.05893528837728573
        ]
    }
}