{
  "state": "DONE",
  "preSearchDescription": {
    "gridLength": 5,
    "searchStrategy": "GRID",
    "importantParams": [
      {
        "name": "penalty",
        "vals": [
          "l2"
        ]
      },
      {
        "name": "C",
        "vals": [
          "0.01",
          "0.1",
          "1.0",
          "10.0",
          "100.0"
        ]
      }
    ]
  },
  "postSearchDescription": {
    "importantParams": [
      {
        "name": "C",
        "val": "0.1"
      },
      {
        "name": "penalty",
        "val": "l2"
      }
    ]
  },
  "resumed": false,
  "timeOrderingEnabled": false,
  "sampleWeightsEnabled": false,
  "modelId": "m1",
  "progress": {
    "top_level_todo": [],
    "stack": [],
    "top_level_done": [
      {
        "name": "Loading train set",
        "time": 17
      },
      {
        "name": "Loading test set",
        "time": 11
      },
      {
        "name": "Collecting statistics",
        "time": 15
      },
      {
        "name": "Preprocessing train set",
        "time": 46
      },
      {
        "name": "Preprocessing test set",
        "time": 20
      },
      {
        "name": "Hyperparameter searching",
        "time": 5033
      },
      {
        "name": "Fitting model",
        "time": 11
      },
      {
        "name": "Saving model",
        "time": 1
      },
      {
        "name": "Scoring model",
        "time": 158
      }
    ]
  },
  "startTime": 1605796874385,
  "endTime": 1605796879827,
  "preprocessingTime": 113,
  "trainingTime": 5329,
  "hyperparamsSearchTime": 5033
}