Nikola Wörz	40.60s	Cargo.Netz.mit.Rad	1	Pfeil.Sprung	Nikola	Wörz	w	Deutschland			5	0.0	0.0	
Jeremy Smith	46.89s	Block.Lauf.2.0	2	Pfeil.Sprung Cargo.Netz.mit.Rad	Jeremy	Smith	m	Deutschland			5	0.0	0.0	
Simon Rehrl	31.92s	Cargo.Netz.mit.Rad	1	Pfeil.Sprung	Simon	Rehrl	m	Deutschland			5	0.0	0.0	
Ali Moussa	37.96s	Trommelwirbel	3	Pfeil.Sprung Cargo.Netz.mit.Stange Domino.Weg	Ali	Moussa	m	Deutschland	30.07.1982	38.0	3 4 5	182.0	95.0	
Stacey Scheffel	39.41s	Pfeil.Sprung	0		Stacey	Scheffel	w	Deutschland			5	0.0	0.0	
Michael Bräuer	3:52.90m	0	8	Pfeil.Sprung Cargo.Netz.mit.Bügeln Domino.Weg Schwingende.Körbe Tunnel.Sprung.2.0 Himmelsleiter Hangel.Kurven Wand	Michael	Bräuer	m	Deutschland	08.06.1995	25.0	1 2 3 4 5	169.0	62.0	
Holger Schüßler	15.58s	Cargo.Netz.mit.Bügeln	1	Pfeil.Sprung	Holger	Schüßler	m	Deutschland			5	0.0	0.0	
Christopher Von Stelzer	3:48.05m	0	8	Pfeil.Sprung Cargonetz.mit.Schaukel Schwebende.Keile Sprungfedern Tunnel.Sprung.2.0 Himmelsleiter Drehende.Bretter Wand	Christopher	Von Stelzer	m	Deutschland			5	0.0	0.0	
Louis Görtz	15.86s	Pfeil.Sprung	0		Louis	Görtz	m	Deutschland			5	0.0	0.0	
Marco Layer	3:47.25m	Einraster	6	Pfeil.Sprung Cargonetz.mit.Schaukel Chaos.Bälle Trommelwirbel Tunnel.Sprung.2.0 Himmelsleiter	Marco	Layer	m	Deutschland			5	0.0	0.0	
Michael Badner	26.92s	Cargonetz.mit.Schaukel	1	Pfeil.Sprung	Michael	Badner	m	Deutschland			5	0.0	0.0	
Xhemë Krasniqi	3:03.76m	Drehende.Bretter	6	Pfeil.Sprung Cargonetz.mit.Schaukel Schwebende.Keile Sprungfedern Tunnel.Sprung.2.0 Himmelsleiter	Xhemë	Krasniqi	m	Albanien	04.08.1991	29.0	3  5	181.0	68.0	
Tabitha Eckfeld	3:34.90m	Tunnel.Sprung.2.0	4	Pfeil.Sprung Cargonetz.mit.Schaukel Schwebende.Keile Sprungfedern	Tabitha	Eckfeld	w	Deutschland	16.12.1994	26.0	3 4 5	168.0	60.0	
Manasse Heidl	3:25.82m	Klacker	6	Pfeil.Sprung Cargo.Netz.mit.Rad Block.Lauf.2.0 Sprungfedern Tunnel.Sprung.2.0 Himmelsleiter	Manasse	Heidl	m	Deutschland	17.02.1994	26.0	2 3 4 5	174.0	60.0	
Michael Kastner	2:45.90m	Tunnel.Sprung.2.0	4	Pfeil.Sprung Cargo.Netz.mit.Bügeln Domino.Weg Schwingende.Körbe	Michael	Kastner	m	Deutschland			5	0.0	0.0	
Elisa Van der Wel	3:22.64m	Tunnel.Sprung.2.0	4	Pfeil.Sprung Cargonetz.mit.Schaukel Schwebende.Keile Sprungfedern	Elisa	Van der Wel	w	Deutschland			5	0.0	0.0	
Tommy Nguyen	1:27.36m	Sprungfedern	3	Pfeil.Sprung Cargo.Netz.mit.Rad Block.Lauf.2.0	Tommy	Nguyen	m	Deutschland			5	0.0	0.0	
Viola Weiermüller	3:02.63m	Trommelwirbel	3	Pfeil.Sprung Cargo.Netz.mit.Stange Domino.Weg	Viola	Weiermüller	w	Deutschland	21.10.1967	53.0	3 4 5	167.0	52.0	
Stephan Schmid	3:10.02m	Klacker	6	Pfeil.Sprung Cargo.Netz.mit.Rad Block.Lauf.2.0 Sprungfedern Tunnel.Sprung.2.0 Himmelsleiter	Stephan	Schmid	m	Österreich	03.11.1976	44.0	4 5	173.0	66.0	
Malte Komm	3:33.20m	0	8	Pfeil.Sprung Cargo.Netz.mit.Bügeln Domino.Weg Schwingende.Körbe Tunnel.Sprung.2.0 Himmelsleiter Hangel.Kurven Wand	Malte	Komm	m	Deutschland			5	0.0	0.0	
Philipp Peter Frank	1:48.49m	Tunnel.Sprung.2.0	4	Pfeil.Sprung Cargonetz.mit.Schaukel Chaos.Bälle Trommelwirbel	Philipp	Peter Frank	m	Deutschland	18.06.1996	24.0	4 5	174.0	73.0	
Matthias Hojczyk	2.97s	Pfeil.Sprung	0		Matthias	Hojczyk	m	Deutschland			5	0.0	0.0	
Frances Stehr	40.58s	Cargo.Netz.mit.Rad	1	Pfeil.Sprung	Frances	Stehr	w	Deutschland			5	0.0	0.0	
Uwe Weitzer	4:14.72m	Einraster	6	Pfeil.Sprung Cargonetz.mit.Schaukel Chaos.Bälle Trommelwirbel Tunnel.Sprung.2.0 Himmelsleiter	Uwe	Weitzer	m	Österreich	08.01.1984	36.0	2 3 4 5	176.0	82.0	
Patricio Cataldo	50.50s	Cargo.Netz.mit.Stange	1	Pfeil.Sprung	Patricio	Cataldo	m	Deutschland			5	0.0	0.0	
Bastian Hauk	3:03.40m	Zeit.Sprung	6	Pfeil.Sprung Cargo.Netz.mit.Stange Chaos.Bälle Schwingende.Körbe Tunnel.Sprung.2.0 Himmelsleiter	Bastian	Hauk	m	Deutschland			5	0.0	0.0	
Lasse Von Freier	4:29.30m	0	8	Pfeil.Sprung Cargo.Netz.mit.Bügeln Domino.Weg Schwingende.Körbe Tunnel.Sprung.2.0 Himmelsleiter Hangel.Kurven Wand	Lasse	Von Freier	m	Deutschland			5	0.0	0.0	
Alexander Haidamak	4:44.40m	0	8	Pfeil.Sprung Cargo.Netz.mit.Stange Domino.Weg Trommelwirbel Tunnel.Sprung.2.0 Himmelsleiter Einraster Wand	Alexander	Haidamak	m	Deutschland			5	0.0	0.0	
Mario Becker	1:09.30m	Trommelwirbel	3	Pfeil.Sprung Cargo.Netz.mit.Stange Domino.Weg	Mario	Becker	m	Deutschland			5	0.0	0.0	
Gunnar Sewald	45.80s	Domino.Weg	2	Pfeil.Sprung Cargo.Netz.mit.Bügeln	Gunnar	Sewald	m	Deutschland			5	0.0	0.0	
Marco Sperdin	3:17.09m	Drehende.Bretter	6	Pfeil.Sprung Cargonetz.mit.Schaukel Schwebende.Keile Sprungfedern Tunnel.Sprung.2.0 Himmelsleiter	Marco	Sperdin	m	Deutschland			5	0.0	0.0	
Sabina Kofler	2:02.70m	Chaos.Bälle	2	Pfeil.Sprung Cargo.Netz.mit.Stange	Sabina	Kofler	w	Deutschland			5	0.0	0.0	
Hannah Mees	1:39.06m	Trommelwirbel	3	Pfeil.Sprung Cargonetz.mit.Schaukel Chaos.Bälle	Hannah	Mees	w	Deutschland			5	0.0	0.0	
Dirk Reimann	2:12.55m	Sprungfedern	3	Pfeil.Sprung Cargonetz.mit.Schaukel Schwebende.Keile	Dirk	Reimann	m	Deutschland			5	0.0	0.0	
Georgi Damyanov	3:25.90m	Tunnel.Sprung.2.0	4	Pfeil.Sprung Cargo.Netz.mit.Bügeln Domino.Weg Schwingende.Körbe	Georgi	Damyanov	m	Bulgarien	27.06.1993	27.0	4 5	183.0	80.0	
Katharina Blank	4:39.42m	Drehende.Bretter	6	Pfeil.Sprung Cargonetz.mit.Schaukel Schwebende.Keile Sprungfedern Tunnel.Sprung.2.0 Himmelsleiter	Katharina	Blank	w	Deutschland	24.01.1993	27.0	3 4 5	176.0	66.0	
Jun Kim	2:27.33m	Einraster	6	Pfeil.Sprung Cargo.Netz.mit.Stange Domino.Weg Trommelwirbel Tunnel.Sprung.2.0 Himmelsleiter	Jun	Kim	m	Deutschland	03.05.1988	32.0	2 3 4 5	169.0	74.0	
Kevin Bäcker	2:38.89m	Tunnel.Sprung.2.0	4	Pfeil.Sprung Cargonetz.mit.Schaukel Chaos.Bälle Trommelwirbel	Kevin	Bäcker	m	Deutschland			5	0.0	0.0	
Özcan Dag	36.62s	Pfeil.Sprung	0		Özcan	Dag	m	Deutschland			5	0.0	0.0	
Istemihan Tokgöz	1:58.67m	Trommelwirbel	3	Pfeil.Sprung Cargonetz.mit.Schaukel Chaos.Bälle	Istemihan	Tokgöz	m	Deutschland			5	0.0	0.0	
Josie Metinkoe	23.12s	Cargo.Netz.mit.Rad	1	Pfeil.Sprung	Josie	Metinkoe	w	Deutschland			5	0.0	0.0	
Mark Degebrodt	5:26.20m	0	8	Pfeil.Sprung Cargo.Netz.mit.Stange Domino.Weg Trommelwirbel Tunnel.Sprung.2.0 Himmelsleiter Einraster Wand	Mark	Degebrodt	m	Deutschland	15.11.1985	35.0	4 5	176.0	76.0	
Uwe Hückmann	1:51.60m	Tunnel.Sprung.2.0	4	Pfeil.Sprung Cargo.Netz.mit.Bügeln Domino.Weg Schwingende.Körbe	Uwe	Hückmann	m	Deutschland			5	0.0	0.0	
Martin Schneider	1:47.77m	Sprungfedern	3	Pfeil.Sprung Cargo.Netz.mit.Rad Block.Lauf.2.0	Martin	Schneider	m	Deutschland			5	0.0	0.0	
Moses Mwanjelwa	30.18s	Cargo.Netz.mit.Rad	1	Pfeil.Sprung	Moses	Mwanjelwa	m	Deutschland			5	0.0	0.0	
Matthias Schmitz	1:23.26m	Chaos.Bälle	2	Pfeil.Sprung Cargonetz.mit.Schaukel	Matthias	Schmitz	m	Deutschland			5	0.0	0.0	
Tanja Cordewener	18.73s	Pfeil.Sprung	0		Tanja	Cordewener	w	Deutschland			5	0.0	0.0	
Stefanie Noppinger	4:55.55m	0	8	Pfeil.Sprung Cargo.Netz.mit.Stange Domino.Weg Trommelwirbel Tunnel.Sprung.2.0 Himmelsleiter Einraster Wand	Stefanie	Noppinger	w	Österreich	25.06.1993	27.0	4 5	168.0	60.0	
Max Tefke	3:02.45m	Trommelwirbel	3	Pfeil.Sprung Cargonetz.mit.Schaukel Chaos.Bälle	Max	Tefke	m	Deutschland			5	0.0	0.0	
Stefanie Ballok	18.04s	Cargo.Netz.mit.Stange	1	Pfeil.Sprung	Stefanie	Ballok	w	Deutschland			5	0.0	0.0	
Viola Riechert	51.24s	Domino.Weg	2	Pfeil.Sprung Cargo.Netz.mit.Stange	Viola	Riechert	w	Deutschland	12.05.1989	31.0	1 2   5	168.0	62.0	
Christian Harmat	1:50.20m	Hangel.Kurven	6	Pfeil.Sprung Cargo.Netz.mit.Bügeln Domino.Weg Schwingende.Körbe Tunnel.Sprung.2.0 Himmelsleiter	Christian	Harmat	m	Schweiz	25.12.1991	29.0	2 3 4 5	183.0	73.0	
Paul Hild	1:21.33m	Tunnel.Sprung.2.0	4	Pfeil.Sprung Cargonetz.mit.Schaukel Schwebende.Keile Sprungfedern	Paul	Hild	m	Deutschland			5	0.0	0.0	
Stephan Röpcke	3:35.40m	Himmelsleiter	5	Pfeil.Sprung Cargo.Netz.mit.Stange Chaos.Bälle Schwingende.Körbe Tunnel.Sprung.2.0	Stephan	Röpcke	m	Deutschland			5	0.0	0.0	
Sabrina Schlacher	2:45.60m	Trommelwirbel	3	Pfeil.Sprung Cargo.Netz.mit.Stange Domino.Weg	Sabrina	Schlacher	w	Deutschland			5	0.0	0.0	
Ricardo Lopez Lozano	1:29.80m	Chaos.Bälle	2	Pfeil.Sprung Cargo.Netz.mit.Stange	Ricardo	Lopez Lozano	m	Deutschland			5	0.0	0.0	
Tim Kruk	53.68s	Chaos.Bälle	2	Pfeil.Sprung Cargo.Netz.mit.Stange	Tim	Kruk	m	Deutschland			5	0.0	0.0	
Philipp Hans	5:23.70m	0	8	Pfeil.Sprung Cargo.Netz.mit.Bügeln Domino.Weg Schwingende.Körbe Tunnel.Sprung.2.0 Himmelsleiter Hangel.Kurven Wand	Philipp	Hans	m	Deutschland	21.09.1993	27.0	1 2  4 5	178.0	76.0	
Julia Koch	1:19.20m	Schwingende.Körbe	3	Pfeil.Sprung Cargo.Netz.mit.Stange Chaos.Bälle	Julia	Koch	w	Deutschland	24.09.2000	20.0	4 5	173.0	62.0	
Meliha Satir	44.32s	Cargonetz.mit.Schaukel	1	Pfeil.Sprung	Meliha	Satir	w	Deutschland			5	0.0	0.0	
Kevin Herzog	2:25.70m	Drehende.Bretter	6	Pfeil.Sprung Cargonetz.mit.Schaukel Schwebende.Keile Sprungfedern Tunnel.Sprung.2.0 Himmelsleiter	Kevin	Herzog	m	Deutschland			5	0.0	0.0	
Andrea Meßner	11.85s	Pfeil.Sprung	0		Andrea	Meßner	w	Deutschland	18.04.1995	25.0	4 5	165.0	60.0	
Frank Schmidpeter	3:07.46m	Himmelsleiter	5	Pfeil.Sprung Cargonetz.mit.Schaukel Chaos.Bälle Trommelwirbel Tunnel.Sprung.2.0	Frank	Schmidpeter	m	Deutschland	15.11.1990	30.0	4 5	170.0	68.0	
Giovanni Ertl	3:24.53m	0	8	Pfeil.Sprung Cargonetz.mit.Schaukel Chaos.Bälle Trommelwirbel Tunnel.Sprung.2.0 Himmelsleiter Einraster Wand	Giovanni	Ertl	m	Deutschland	21.08.1996	24.0	3 4 5	183.0	73.0	
Alicia Kummer	20.34s	Pfeil.Sprung	0		Alicia	Kummer	w	Deutschland	24.06.1988	32.0	2   5	171.0	65.0	
Julia Beuter	14.52s	Pfeil.Sprung	0		Julia	Beuter	w	Deutschland			5	0.0	0.0	
Rainer Leiber	43.16s	Chaos.Bälle	2	Pfeil.Sprung Cargo.Netz.mit.Stange	Rainer	Leiber	m	Deutschland	13.10.1970	50.0	2 3 4 5	167.0	63.0	
Tobias Burkhardt	1:55.08m	Himmelsleiter	5	Pfeil.Sprung Cargonetz.mit.Schaukel Schwebende.Keile Sprungfedern Tunnel.Sprung.2.0	Tobias	Burkhardt	m	Deutschland			5	0.0	0.0	
Lukas Kaufmann	22.04s	Chaos.Bälle	2	Pfeil.Sprung Cargo.Netz.mit.Stange	Lukas	Kaufmann	m	Deutschland	08.06.1991	29.0	3  5	176.0	65.0	
Nafiz Yilmaz	41.54s	Cargo.Netz.mit.Stange	1	Pfeil.Sprung	Nafiz	Yilmaz	m	Deutschland			5	0.0	0.0	
Kevin Meyer	6:39.86m	0	8	Pfeil.Sprung Cargonetz.mit.Schaukel Schwebende.Keile Sprungfedern Tunnel.Sprung.2.0 Himmelsleiter Drehende.Bretter Wand	Kevin	Meyer	m	Deutschland	04.02.1991	29.0	4 5	181.0	80.0	
Lilli Kiesgen	1:10.40m	Chaos.Bälle	2	Pfeil.Sprung Cargo.Netz.mit.Stange	Lilli	Kiesgen	w	Deutschland	02.07.1996	24.0	2 3 4 5	165.0	53.0	
Stephan Koitek	1:55.90m	Tunnel.Sprung.2.0	4	Pfeil.Sprung Cargo.Netz.mit.Stange Chaos.Bälle Schwingende.Körbe	Stephan	Koitek	m	Deutschland	14.03.1989	31.0	4 5	175.0	65.0	
