[
    {
        "test_score_gib": 0.6626686455278687,
        "train_score": 0.7604218180145215,
        "test_score": 0.6626686455278687,
        "num_samples": 98,
        "fit_time": 152,
        "score_time": 1252,
        "time": 1404,
        "parameters": {
            "C": 1.0,
            "penalty": "l2"
        },
        "best_iteration": null,
        "done_at": 1605796830813,
        "split_id": 0
    },
    {
        "test_score_gib": 0.6047105651701239,
        "train_score": 0.7594617343017844,
        "test_score": 0.6047105651701239,
        "num_samples": 94,
        "fit_time": 170,
        "score_time": 1335,
        "time": 1505,
        "parameters": {
            "C": 1.0,
            "penalty": "l2"
        },
        "best_iteration": null,
        "done_at": 1605796830914,
        "split_id": 1
    },
    {
        "test_score_gib": 0.6732418796481294,
        "train_score": 0.7595084698173262,
        "test_score": 0.6732418796481294,
        "num_samples": 92,
        "fit_time": 183,
        "score_time": 1269,
        "time": 1452,
        "parameters": {
            "C": 1.0,
            "penalty": "l2"
        },
        "best_iteration": null,
        "done_at": 1605796830864,
        "split_id": 2
    },
    {
        "test_score_gib": 0.6593962154420997,
        "train_score": 0.7343927379438746,
        "test_score": 0.6593962154420997,
        "num_samples": 98,
        "fit_time": 70,
        "score_time": 1288,
        "time": 1358,
        "parameters": {
            "C": 0.1,
            "penalty": "l2"
        },
        "best_iteration": null,
        "done_at": 1605796830777,
        "split_id": 0
    },
    {
        "test_score_gib": 0.63096256684492,
        "train_score": 0.7302888542753726,
        "test_score": 0.63096256684492,
        "num_samples": 94,
        "fit_time": 54,
        "score_time": 1140,
        "time": 1194,
        "parameters": {
            "C": 0.1,
            "penalty": "l2"
        },
        "best_iteration": null,
        "done_at": 1605796831974,
        "split_id": 1
    },
    {
        "test_score_gib": 0.682510757471695,
        "train_score": 0.7161935541467347,
        "test_score": 0.682510757471695,
        "num_samples": 92,
        "fit_time": 153,
        "score_time": 1245,
        "time": 1398,
        "parameters": {
            "C": 0.1,
            "penalty": "l2"
        },
        "best_iteration": null,
        "done_at": 1605796832215,
        "split_id": 2
    },
    {
        "test_score_gib": 0.6562348183074882,
        "train_score": 0.7163020732507125,
        "test_score": 0.6562348183074882,
        "num_samples": 98,
        "fit_time": 99,
        "score_time": 1263,
        "time": 1362,
        "parameters": {
            "C": 0.01,
            "penalty": "l2"
        },
        "best_iteration": null,
        "done_at": 1605796832227,
        "split_id": 0
    },
    {
        "test_score_gib": 0.6258969798583769,
        "train_score": 0.7002663334945329,
        "test_score": 0.6258969798583769,
        "num_samples": 94,
        "fit_time": 101,
        "score_time": 1263,
        "time": 1364,
        "parameters": {
            "C": 0.01,
            "penalty": "l2"
        },
        "best_iteration": null,
        "done_at": 1605796832283,
        "split_id": 1
    },
    {
        "test_score_gib": 0.6690158105783105,
        "train_score": 0.6929798228251186,
        "test_score": 0.6690158105783105,
        "num_samples": 92,
        "fit_time": 114,
        "score_time": 523,
        "time": 637,
        "parameters": {
            "C": 0.01,
            "penalty": "l2"
        },
        "best_iteration": null,
        "done_at": 1605796832620,
        "split_id": 2
    },
    {
        "test_score_gib": 0.6192001653081537,
        "train_score": 0.793698395217721,
        "test_score": 0.6192001653081537,
        "num_samples": 98,
        "fit_time": 445,
        "score_time": 972,
        "time": 1417,
        "parameters": {
            "C": 100.0,
            "penalty": "l2"
        },
        "best_iteration": null,
        "done_at": 1605796833639,
        "split_id": 0
    },
    {
        "test_score_gib": 0.5868611535523298,
        "train_score": 0.7797608690857001,
        "test_score": 0.5868611535523298,
        "num_samples": 94,
        "fit_time": 445,
        "score_time": 1003,
        "time": 1448,
        "parameters": {
            "C": 100.0,
            "penalty": "l2"
        },
        "best_iteration": null,
        "done_at": 1605796833679,
        "split_id": 1
    },
    {
        "test_score_gib": 0.6157627442002441,
        "train_score": 0.7840323149172393,
        "test_score": 0.6157627442002441,
        "num_samples": 92,
        "fit_time": 435,
        "score_time": 1023,
        "time": 1458,
        "parameters": {
            "C": 100.0,
            "penalty": "l2"
        },
        "best_iteration": null,
        "done_at": 1605796833748,
        "split_id": 2
    },
    {
        "test_score_gib": 0.6383271780770553,
        "train_score": 0.7814719362201795,
        "test_score": 0.6383271780770553,
        "num_samples": 98,
        "fit_time": 866,
        "score_time": 521,
        "time": 1387,
        "parameters": {
            "C": 10.0,
            "penalty": "l2"
        },
        "best_iteration": null,
        "done_at": 1605796834009,
        "split_id": 0
    },
    {
        "test_score_gib": 0.5942396206734444,
        "train_score": 0.7749103232584835,
        "test_score": 0.5942396206734444,
        "num_samples": 94,
        "fit_time": 399,
        "score_time": 546,
        "time": 945,
        "parameters": {
            "C": 10.0,
            "penalty": "l2"
        },
        "best_iteration": null,
        "done_at": 1605796834586,
        "split_id": 1
    },
    {
        "test_score_gib": 0.64294681013431,
        "train_score": 0.7814591266116665,
        "test_score": 0.64294681013431,
        "num_samples": 92,
        "fit_time": 351,
        "score_time": 513,
        "time": 864,
        "parameters": {
            "C": 10.0,
            "penalty": "l2"
        },
        "best_iteration": null,
        "done_at": 1605796834549,
        "split_id": 2
    }
]