{
    "startedAt": 1605796829404,
    "gridSize": 5,
    "nThreads": 4,
    "nSplits": 3,
    "metric": "ROC_AUC",
    "timeout": null,
    "gridPoints": [
        {
            "finishedAt": 1605796830914,
            "score": 0.646910469420249,
            "testScoreGibMean": 0.646910469420249,
            "testScoreMean": 0.646910469420249,
            "testScoreStd": 0.02999537186702249,
            "trainScoreMean": 0.7598081704682565,
            "trainScoreStd": 0.0004458272193288378,
            "time": 4361,
            "fitTimeMean": 168.33333333333334,
            "fitTimeStd": 12.710450643291747,
            "scoreTimeMean": 1285.3333333333333,
            "scoreTimeStd": 35.798820588890294,
            "best_iteration": null,
            "parameters": {
                "C": 1.0,
                "penalty": "l2"
            }
        },
        {
            "finishedAt": 1605796832215,
            "score": 0.657472887620226,
            "testScoreGibMean": 0.657472887620226,
            "testScoreMean": 0.657472887620226,
            "testScoreStd": 0.020903852834342738,
            "trainScoreMean": 0.727138900006635,
            "trainScoreStd": 0.00776206986103119,
            "time": 3950,
            "fitTimeMean": 92.33333333333333,
            "fitTimeStd": 43.39226761634944,
            "scoreTimeMean": 1224.3333333333333,
            "scoreTimeStd": 62.16286851668143,
            "best_iteration": null,
            "parameters": {
                "C": 0.1,
                "penalty": "l2"
            }
        },
        {
            "finishedAt": 1605796832620,
            "score": 0.6503337425141754,
            "testScoreGibMean": 0.6503337425141754,
            "testScoreMean": 0.6503337425141754,
            "testScoreStd": 0.017964659970781515,
            "trainScoreMean": 0.7034393740386156,
            "trainScoreStd": 0.009791023845848651,
            "time": 3363,
            "fitTimeMean": 104.66666666666667,
            "fitTimeStd": 6.649979114420002,
            "scoreTimeMean": 1016.3333333333334,
            "scoreTimeStd": 348.8393453853634,
            "best_iteration": null,
            "parameters": {
                "C": 0.01,
                "penalty": "l2"
            }
        },
        {
            "finishedAt": 1605796833748,
            "score": 0.6073828771145794,
            "testScoreGibMean": 0.6073828771145794,
            "testScoreMean": 0.6073828771145794,
            "testScoreStd": 0.014502700119118073,
            "trainScoreMean": 0.7859540049217552,
            "trainScoreStd": 0.0058810739086360385,
            "time": 4323,
            "fitTimeMean": 441.6666666666667,
            "fitTimeStd": 4.714045207910317,
            "scoreTimeMean": 999.3333333333334,
            "scoreTimeStd": 20.98147330914162,
            "best_iteration": null,
            "parameters": {
                "C": 100.0,
                "penalty": "l2"
            }
        },
        {
            "finishedAt": 1605796834586,
            "score": 0.6252313180535624,
            "testScoreGibMean": 0.6252313180535624,
            "testScoreMean": 0.6252313180535624,
            "testScoreStd": 0.021880431106553935,
            "trainScoreMean": 0.7792959851554518,
            "trainScoreStd": 0.003084770788175126,
            "time": 3196,
            "fitTimeMean": 538.6666666666666,
            "fitTimeStd": 232.2876569160651,
            "scoreTimeMean": 526.6666666666666,
            "scoreTimeStd": 14.055445761538678,
            "best_iteration": null,
            "parameters": {
                "C": 10.0,
                "penalty": "l2"
            }
        }
    ]
}