{
    "modelInputNRows": 284,
    "modelInputNCols": 18,
    "modelInputIsSparse": false,
    "modelInputMemory": 40896,
    "usedGridSearch": true,
    "gridSize": 5,
    "gridBestScore": 0.657472887620226,
    "gridCells": [
        {
            "params": {
                "C": 1.0,
                "penalty": "l2"
            },
            "score": 0.646910469420249,
            "scoreStd": 0.02999537186702249,
            "fitTime": 0.16833333333333333,
            "fitTimeStd": 0.012710450643291746,
            "scoreTime": 1.2853333333333332,
            "scoreTimeStd": 0.03579882058889029
        },
        {
            "params": {
                "C": 0.1,
                "penalty": "l2"
            },
            "score": 0.657472887620226,
            "scoreStd": 0.020903852834342738,
            "fitTime": 0.09233333333333332,
            "fitTimeStd": 0.04339226761634944,
            "scoreTime": 1.2243333333333333,
            "scoreTimeStd": 0.06216286851668143
        },
        {
            "params": {
                "C": 0.01,
                "penalty": "l2"
            },
            "score": 0.6503337425141754,
            "scoreStd": 0.017964659970781515,
            "fitTime": 0.10466666666666667,
            "fitTimeStd": 0.0066499791144200016,
            "scoreTime": 1.0163333333333333,
            "scoreTimeStd": 0.3488393453853634
        },
        {
            "params": {
                "C": 100.0,
                "penalty": "l2"
            },
            "score": 0.6073828771145794,
            "scoreStd": 0.014502700119118073,
            "fitTime": 0.4416666666666667,
            "fitTimeStd": 0.004714045207910317,
            "scoreTime": 0.9993333333333334,
            "scoreTimeStd": 0.02098147330914162
        },
        {
            "params": {
                "C": 10.0,
                "penalty": "l2"
            },
            "score": 0.6252313180535624,
            "scoreStd": 0.021880431106553935,
            "fitTime": 0.5386666666666666,
            "fitTimeStd": 0.2322876569160651,
            "scoreTime": 0.5266666666666666,
            "scoreTimeStd": 0.014055445761538677
        }
    ],
    "probaAware": true
}