{
    "metrics": {
        "mrocAUC": 0.6268599140758231,
        "mcalibrationLoss": 0.05049751163068874,
        "precision": 0.08215497737556562,
        "recall": 0.1900568181818182,
        "f1": 0.11316526610644258,
        "accuracy": 0.2054794520547945,
        "hammingLoss": 0.7945205479452054,
        "logLoss": 1.9761438051542366
    },
    "processed_feature_names": [
        "Gewicht",
        "Alter",
        "Gr\u00f6\u00dfe",
        "dummy:Geschlecht:m",
        "dummy:Geschlecht:N/A",
        "dummy:Seasons:5",
        "dummy:Seasons:4 5",
        "dummy:Seasons:3 4 5",
        "dummy:Seasons:1 2 3 4 5",
        "dummy:Seasons:2 3 4 5",
        "dummy:Seasons:3  5",
        "dummy:Seasons:2   5",
        "dummy:Seasons:1 2  4 5",
        "dummy:Seasons:1   4 5",
        "dummy:Seasons:1  3  5",
        "dummy:Seasons:1 2 3  5",
        "dummy:Seasons:2 3  5",
        "dummy:Seasons:N/A"
    ],
    "classes": [
        "0",
        "3",
        "2",
        "6",
        "4",
        "8",
        "5",
        "1"
    ],
    "confusion": {
        "totalRows": 73,
        "perActual": {
            "0": {
                "actualClassCount": 8.0,
                "perPredicted": {
                    "0": 3,
                    "3": 0,
                    "2": 0,
                    "6": 0,
                    "4": 0,
                    "8": 2,
                    "5": 0,
                    "1": 3
                }
            },
            "3": {
                "actualClassCount": 11.0,
                "perPredicted": {
                    "0": 3,
                    "3": 0,
                    "2": 0,
                    "6": 0,
                    "4": 0,
                    "8": 2,
                    "5": 0,
                    "1": 6
                }
            },
            "2": {
                "actualClassCount": 10.0,
                "perPredicted": {
                    "0": 1,
                    "3": 0,
                    "2": 0,
                    "6": 0,
                    "4": 1,
                    "8": 3,
                    "5": 0,
                    "1": 5
                }
            },
            "6": {
                "actualClassCount": 11.0,
                "perPredicted": {
                    "0": 0,
                    "3": 0,
                    "2": 0,
                    "6": 0,
                    "4": 1,
                    "8": 6,
                    "5": 0,
                    "1": 4
                }
            },
            "4": {
                "actualClassCount": 9.0,
                "perPredicted": {
                    "0": 1,
                    "3": 0,
                    "2": 0,
                    "6": 0,
                    "4": 0,
                    "8": 4,
                    "5": 0,
                    "1": 4
                }
            },
            "8": {
                "actualClassCount": 10.0,
                "perPredicted": {
                    "0": 0,
                    "3": 0,
                    "2": 0,
                    "6": 0,
                    "4": 0,
                    "8": 6,
                    "5": 0,
                    "1": 4
                }
            },
            "5": {
                "actualClassCount": 3.0,
                "perPredicted": {
                    "0": 0,
                    "3": 0,
                    "2": 0,
                    "6": 0,
                    "4": 0,
                    "8": 1,
                    "5": 0,
                    "1": 2
                }
            },
            "1": {
                "actualClassCount": 11.0,
                "perPredicted": {
                    "0": 5,
                    "3": 0,
                    "2": 0,
                    "6": 0,
                    "4": 0,
                    "8": 0,
                    "5": 0,
                    "1": 6
                }
            }
        }
    },
    "oneVsAllRocAUC": {
        "0": 0.701923076923077,
        "3": 0.5762463343108505,
        "2": 0.49523809523809526,
        "6": 0.6935483870967741,
        "4": 0.4852430555555556,
        "8": 0.7142857142857143,
        "5": 0.6,
        "1": 0.7895894428152492
    },
    "oneVsAllRocCurves": {
        "0": [
            {
                "x": 0.0,
                "y": 0.0,
                "p": 1.3432899967806526
            },
            {
                "x": 0.15384615384615385,
                "y": 0.375,
                "p": 0.2181281505494181
            },
            {
                "x": 0.16923076923076924,
                "y": 0.5,
                "p": 0.14008049853143986
            },
            {
                "x": 0.6615384615384615,
                "y": 0.875,
                "p": 0.1308175642801932
            },
            {
                "x": 0.6923076923076923,
                "y": 1.0,
                "p": 0.10768630650693975
            },
            {
                "x": 1.0,
                "y": 1.0,
                "p": 0.024590545060736404
            }
        ],
        "3": [
            {
                "x": 0.0,
                "y": 0.0,
                "p": 1.166617764129937
            },
            {
                "x": 0.45161290322580644,
                "y": 0.5454545454545454,
                "p": 0.16661776412993698
            },
            {
                "x": 0.6129032258064516,
                "y": 0.7272727272727273,
                "p": 0.16196284735927063
            },
            {
                "x": 0.6129032258064516,
                "y": 0.8181818181818182,
                "p": 0.12655464476080502
            },
            {
                "x": 0.7580645161290323,
                "y": 0.8181818181818182,
                "p": 0.06855278500801464
            },
            {
                "x": 0.7580645161290323,
                "y": 0.9090909090909091,
                "p": 0.06362475447071973
            },
            {
                "x": 0.8709677419354839,
                "y": 0.9090909090909091,
                "p": 0.0561150902782148
            },
            {
                "x": 0.8709677419354839,
                "y": 1.0,
                "p": 0.05542642840915618
            },
            {
                "x": 1.0,
                "y": 1.0,
                "p": 0.041642108374528274
            }
        ],
        "2": [
            {
                "x": 0.0,
                "y": 0.0,
                "p": 1.194186895927612
            },
            {
                "x": 0.1746031746031746,
                "y": 0.1,
                "p": 0.19418689592761204
            },
            {
                "x": 0.6349206349206349,
                "y": 0.6,
                "p": 0.16310676210765243
            },
            {
                "x": 0.6666666666666666,
                "y": 0.7,
                "p": 0.08307106032497515
            },
            {
                "x": 0.7142857142857143,
                "y": 0.8,
                "p": 0.07541939557448717
            },
            {
                "x": 0.746031746031746,
                "y": 0.9,
                "p": 0.06216212362986837
            },
            {
                "x": 0.8095238095238095,
                "y": 0.9,
                "p": 0.045974079986658464
            },
            {
                "x": 0.8095238095238095,
                "y": 1.0,
                "p": 0.04517621956841924
            },
            {
                "x": 1.0,
                "y": 1.0,
                "p": 0.035214818907274785
            }
        ],
        "6": [
            {
                "x": 0.0,
                "y": 0.0,
                "p": 1.208608514082726
            },
            {
                "x": 0.14516129032258066,
                "y": 0.0,
                "p": 0.19187964412810496
            },
            {
                "x": 0.14516129032258066,
                "y": 0.18181818181818182,
                "p": 0.1829541631152388
            },
            {
                "x": 0.16129032258064516,
                "y": 0.36363636363636365,
                "p": 0.17769366780329215
            },
            {
                "x": 0.1774193548387097,
                "y": 0.5454545454545454,
                "p": 0.16470813957723215
            },
            {
                "x": 0.20967741935483872,
                "y": 0.6363636363636364,
                "p": 0.16074714463443243
            },
            {
                "x": 0.3064516129032258,
                "y": 0.6363636363636364,
                "p": 0.13366571938652386
            },
            {
                "x": 0.7903225806451613,
                "y": 1.0,
                "p": 0.10517108784170075
            },
            {
                "x": 1.0,
                "y": 1.0,
                "p": 0.061229711260934634
            }
        ],
        "4": [
            {
                "x": 0.0,
                "y": 0.0,
                "p": 1.2154473000351178
            },
            {
                "x": 0.0625,
                "y": 0.0,
                "p": 0.16700143261721534
            },
            {
                "x": 0.0625,
                "y": 0.1111111111111111,
                "p": 0.15664980085816968
            },
            {
                "x": 0.171875,
                "y": 0.1111111111111111,
                "p": 0.13261569736479145
            },
            {
                "x": 0.640625,
                "y": 0.5555555555555556,
                "p": 0.12964746107598052
            },
            {
                "x": 0.671875,
                "y": 0.6666666666666666,
                "p": 0.1267446843353857
            },
            {
                "x": 0.6875,
                "y": 0.7777777777777778,
                "p": 0.1225871697244516
            },
            {
                "x": 0.71875,
                "y": 0.8888888888888888,
                "p": 0.11547969246211154
            },
            {
                "x": 0.78125,
                "y": 0.8888888888888888,
                "p": 0.0993346635363234
            },
            {
                "x": 0.953125,
                "y": 1.0,
                "p": 0.09894071676095238
            },
            {
                "x": 1.0,
                "y": 1.0,
                "p": 0.08951792619817393
            }
        ],
        "8": [
            {
                "x": 0.0,
                "y": 0.0,
                "p": 1.3725829263570493
            },
            {
                "x": 0.0,
                "y": 0.1,
                "p": 0.37258292635704926
            },
            {
                "x": 0.015873015873015872,
                "y": 0.3,
                "p": 0.3578056283986469
            },
            {
                "x": 0.1111111111111111,
                "y": 0.3,
                "p": 0.29736338605597407
            },
            {
                "x": 0.1111111111111111,
                "y": 0.4,
                "p": 0.29702951941450373
            },
            {
                "x": 0.23809523809523808,
                "y": 0.4,
                "p": 0.22176517150350805
            },
            {
                "x": 0.23809523809523808,
                "y": 0.5,
                "p": 0.21361405218073523
            },
            {
                "x": 0.25396825396825395,
                "y": 0.6,
                "p": 0.1937935486023973
            },
            {
                "x": 0.31746031746031744,
                "y": 0.6,
                "p": 0.10900598884991933
            },
            {
                "x": 0.7936507936507936,
                "y": 1.0,
                "p": 0.03949056394267335
            },
            {
                "x": 1.0,
                "y": 1.0,
                "p": 0.02324284862814485
            }
        ],
        "5": [
            {
                "x": 0.0,
                "y": 0.0,
                "p": 1.226299509875484
            },
            {
                "x": 0.04285714285714286,
                "y": 0.3333333333333333,
                "p": 0.2041263789227436
            },
            {
                "x": 0.35714285714285715,
                "y": 0.3333333333333333,
                "p": 0.15271600860570614
            },
            {
                "x": 0.8,
                "y": 1.0,
                "p": 0.09614365309046613
            },
            {
                "x": 1.0,
                "y": 1.0,
                "p": 0.05578511136510021
            }
        ],
        "1": [
            {
                "x": 0.0,
                "y": 0.0,
                "p": 1.186523718148567
            },
            {
                "x": 0.11290322580645161,
                "y": 0.45454545454545453,
                "p": 0.1865237181485671
            },
            {
                "x": 0.5645161290322581,
                "y": 1.0,
                "p": 0.16900514353139653
            },
            {
                "x": 1.0,
                "y": 1.0,
                "p": 0.03356073403645813
            }
        ]
    },
    "oneVsAllCalibrationCurves": {
        "0": [
            {
                "y": 0,
                "x": 0,
                "n": 0
            },
            {
                "y": 0.0,
                "x": 0.05082343065845304,
                "n": 20.0
            },
            {
                "y": 0.125,
                "x": 0.13081686749983615,
                "n": 40.0
            },
            {
                "y": 0.25,
                "x": 0.21812815054941806,
                "n": 12.0
            },
            {
                "y": 0.0,
                "x": 0.34328999678065275,
                "n": 1.0
            },
            {
                "y": 1,
                "x": 1,
                "n": 0
            }
        ],
        "3": [
            {
                "y": 0,
                "x": 0,
                "n": 0
            },
            {
                "y": 0.08,
                "x": 0.06189438925367634,
                "n": 25.0
            },
            {
                "y": 0.1875,
                "x": 0.16347177877359484,
                "n": 48.0
            },
            {
                "y": 1,
                "x": 1,
                "n": 0
            }
        ],
        "2": [
            {
                "y": 0,
                "x": 0,
                "n": 0
            },
            {
                "y": 0.14814814814814814,
                "x": 0.054703394183836004,
                "n": 27.0
            },
            {
                "y": 0.13043478260869565,
                "x": 0.1712146231041637,
                "n": 46.0
            },
            {
                "y": 1,
                "x": 1,
                "n": 0
            }
        ],
        "6": [
            {
                "y": 0,
                "x": 0,
                "n": 0
            },
            {
                "y": 0.0,
                "x": 0.062237273900031226,
                "n": 13.0
            },
            {
                "y": 0.2037037037037037,
                "x": 0.1284017490880511,
                "n": 54.0
            },
            {
                "y": 0.0,
                "x": 0.20548429995389958,
                "n": 6.0
            },
            {
                "y": 1,
                "x": 1,
                "n": 0
            }
        ],
        "4": [
            {
                "y": 0,
                "x": 0,
                "n": 0
            },
            {
                "y": 0.0625,
                "x": 0.09817841884365479,
                "n": 16.0
            },
            {
                "y": 0.14285714285714285,
                "x": 0.1320662511193477,
                "n": 56.0
            },
            {
                "y": 0.0,
                "x": 0.21544730003511792,
                "n": 1.0
            },
            {
                "y": 1,
                "x": 1,
                "n": 0
            }
        ],
        "8": [
            {
                "y": 0,
                "x": 0,
                "n": 0
            },
            {
                "y": 0.0851063829787234,
                "x": 0.03525061354407997,
                "n": 47.0
            },
            {
                "y": 0.2,
                "x": 0.15910983878951132,
                "n": 5.0
            },
            {
                "y": 0.16666666666666666,
                "x": 0.2576374362207043,
                "n": 12.0
            },
            {
                "y": 0.3333333333333333,
                "x": 0.3430295668764264,
                "n": 9.0
            },
            {
                "y": 1,
                "x": 1,
                "n": 0
            }
        ],
        "5": [
            {
                "y": 0,
                "x": 0,
                "n": 0
            },
            {
                "y": 0.0425531914893617,
                "x": 0.08580471888924056,
                "n": 47.0
            },
            {
                "y": 0.0,
                "x": 0.18051696186010557,
                "n": 20.0
            },
            {
                "y": 0.16666666666666666,
                "x": 0.21119311705079816,
                "n": 6.0
            },
            {
                "y": 1,
                "x": 1,
                "n": 0
            }
        ],
        "1": [
            {
                "y": 0,
                "x": 0,
                "n": 0
            },
            {
                "y": 0.0,
                "x": 0.050349629541908573,
                "n": 27.0
            },
            {
                "y": 0.2391304347826087,
                "x": 0.1735752064750063,
                "n": 46.0
            },
            {
                "y": 1,
                "x": 1,
                "n": 0
            }
        ]
    },
    "oneVsAllCalibrationLoss": {
        "0": 0.027053363059590992,
        "3": 0.021999929966103275,
        "2": 0.06025864410723229,
        "6": 0.0836752864338225,
        "4": 0.01904920464178251,
        "8": 0.051049141178314716,
        "5": 0.08096328393563297,
        "1": 0.059931239723030716
    },
    "densityData": {
        "0": {
            "correct": [
                0.004710065245257646,
                0.014399340981317251,
                0.040006233437061944,
                0.10117875645313681,
                0.23330557638448018,
                0.491214569512689,
                0.9454669716369263,
                1.6649483775799456,
                2.683389957732618,
                3.95769597110353,
                5.339062048207229,
                6.584024349968781,
                7.4206856679263895,
                7.6544159872011175,
                7.264335854546288,
                6.433535620635022,
                5.485538610038356,
                4.751123354474214,
                4.42933091975326,
                4.510040682947208,
                4.793843094641277,
                4.996847422232384,
                4.886548804422889,
                4.380342481587664,
                3.5611335897690735,
                2.6136267769731973,
                1.7283406015764124,
                1.0289432346078449,
                0.551291812752363,
                0.26578933622161016,
                0.11530106805026542,
                0.045004700600042725,
                0.015805438448587963,
                0.004994331633214196,
                0.0014199384837023728,
                0.0003632307866046709,
                8.360198513742471e-05,
                1.73129582292454e-05,
                3.225868779399375e-06,
                5.408076502063259e-07,
                8.157548479040558e-08,
                1.1071263978118275e-08,
                1.3519338847442212e-09,
                1.4853691676617616e-10,
                1.4683651232188585e-11,
                1.3060338110240384e-12,
                1.0451905728499709e-13,
                7.525879348053476e-15,
                4.875730844936737e-16,
                2.842123194165207e-17,
                1.4906194318288472e-18,
                7.034145736401623e-20,
                2.9865971716670525e-21,
                1.140939565766939e-22,
                3.921654562982436e-24,
                1.2128210772050095e-25,
                3.374775123935852e-27,
                8.449162182712866e-29,
                1.903282076647207e-30,
                3.8575660698789773e-32,
                7.034679120786208e-34,
                1.1542394549605594e-35,
                1.7039947121871868e-37,
                2.2633998036528927e-39,
                2.7050482061095325e-41,
                2.9087704396987345e-43,
                2.814262417990331e-45,
                2.449855325170782e-47,
                1.918832161606448e-49,
                1.3522414495879674e-51,
                8.574172229169723e-54,
                4.8915992056116675e-56,
                2.5109047174405426e-58,
                1.1596590015601675e-60,
                4.8189351091210063e-63,
                1.8017418114274314e-65,
                6.061145920407388e-68,
                1.834584104595745e-70,
                4.9962161279789516e-73,
                1.2242370297807653e-75,
                2.6990473909424927e-78,
                5.35397344329341e-81,
                9.555702475462534e-84,
                1.5345100236275525e-86,
                2.2171625997818178e-89,
                2.8823456660946835e-92,
                3.3714388333498495e-95,
                3.5481764673932905e-98,
                3.359818688713819e-101,
                2.862511075872753e-104,
                2.1943162232582308e-107,
                1.513463516031792e-110,
                9.39215826947434e-114,
                5.244203698814483e-117,
                2.63459829601463e-120,
                1.1908853828074044e-123,
                4.843354155852896e-127,
                1.772324302641551e-130,
                5.835268748544406e-134,
                1.728618818451747e-137
            ],
            "incorrect": [
                1.221816715410782,
                1.8654227861644153,
                2.553738799986829,
                3.1534602085144243,
                3.547101101309236,
                3.6976112063494164,
                3.683946376575461,
                3.686543738334595,
                3.9232061818227413,
                4.549064633321808,
                5.550160829762618,
                6.687954658664916,
                7.559672680416428,
                7.781358195057846,
                7.198066720620596,
                5.977894517409143,
                4.520879165397632,
                3.250275903455229,
                2.4251907776823343,
                2.0702574872988184,
                2.025541814530054,
                2.060920725896323,
                1.990941054619982,
                1.7427940149113161,
                1.3568514522777517,
                0.933699790060091,
                0.5683263960733675,
                0.3104955046138309,
                0.16302319342919505,
                0.10244232960431539,
                0.09971500967653162,
                0.12960682254138822,
                0.17086716685308234,
                0.20489615061528002,
                0.2176646754756339,
                0.2036997714464703,
                0.16774182862191003,
                0.12151730933808029,
                0.07743903974516289,
                0.043411275703781,
                0.021407455079566824,
                0.009286397297238796,
                0.0035436365132418815,
                0.001189517286591046,
                0.0003512465182501314,
                9.12374162941977e-05,
                2.084748204444156e-05,
                4.190384924861032e-06,
                7.409244200648853e-07,
                1.1524274095702681e-07,
                1.576786631672716e-08,
                1.8978066294824175e-09,
                2.009327228916134e-10,
                1.871410490371507e-11,
                1.5332293695041793e-12,
                1.1050066198195099e-13,
                7.005551173679381e-15,
                3.906964092959212e-16,
                1.9167091224614834e-17,
                8.271660096225894e-19,
                3.140138689229007e-20,
                1.0486357504557547e-21,
                3.080492598655775e-23,
                7.960408588190116e-25,
                1.809548507435252e-26,
                3.618468358584533e-28,
                6.365008810841109e-30,
                9.849017723939706e-32,
                1.3406225148243042e-33,
                1.6052392809368302e-35,
                1.6908019044859265e-37,
                1.5666261016757693e-39,
                1.2769022957903412e-41,
                9.155238395874606e-44,
                5.774326373198013e-46,
                3.203706164161826e-48,
                1.5635929604009979e-50,
                6.712965513753577e-53,
                2.535273434214853e-55,
                8.422768713851327e-58,
                2.4615271191545674e-60,
                6.328110504103541e-63,
                1.431077533916608e-65,
                2.84689830210972e-68,
                4.981962140639574e-71,
                7.669173666031506e-74,
                1.0385236756700814e-76,
                1.2370974485786056e-79,
                1.2963166542275961e-82,
                1.1949176331673972e-85,
                9.68912411944572e-89,
                6.911156837187434e-92,
                4.33647311265285e-95,
                2.3935485846200152e-98,
                1.1621642629347486e-101,
                4.963779325158093e-105,
                1.8649925232079813e-108,
                6.163982602398712e-112,
                1.7921130133894083e-115,
                4.5834137433076845e-119
            ],
            "correctMedian": 0.13544903140581654,
            "incorrectMedian": 0.1308175642801932
        },
        "3": {
            "correct": [
                0.23919579693270504,
                0.5067040636583986,
                0.9339912157958024,
                1.498664323845825,
                2.0953447140153902,
                2.5588057703402747,
                2.746485214532766,
                2.6345267541717337,
                2.3564989359599005,
                2.1558635262092767,
                2.294036245125802,
                2.976567218711223,
                4.307311446418225,
                6.226772715292731,
                8.425773159117,
                10.329729111469057,
                11.275002833764846,
                10.845795699003412,
                9.137820306593424,
                6.717956810502157,
                4.300024427270239,
                2.393112895586068,
                1.1570946492147365,
                0.485827477497635,
                0.17708363049290307,
                0.05602491468422891,
                0.015383014910012177,
                0.0036654422351132705,
                0.0007579012246073681,
                0.00013598229902620404,
                2.117002017757339e-05,
                2.8596766658149053e-06,
                3.35164746374773e-07,
                3.408280676609862e-08,
                3.0070353700970922e-09,
                2.301754252058257e-10,
                1.5285798149249155e-11,
                8.806796254212068e-13,
                4.401905585244668e-14,
                1.908750118536436e-15,
                7.180190733539633e-17,
                2.3431210816131573e-18,
                6.633136601135438e-20,
                1.6289304009886672e-21,
                3.4700817794774144e-23,
                6.412464711170026e-25,
                1.0279053919649812e-26,
                1.4292862864874879e-28,
                1.7239256936183107e-30,
                1.8036266567587643e-32,
                1.6368139854246696e-34,
                1.288464944376963e-36,
                8.797569817014356e-39,
                5.210340631622697e-41,
                2.6765751022083486e-43,
                1.1926129062405603e-45,
                4.609176523324787e-48,
                1.545069873176201e-50,
                4.492325317234227e-53,
                1.1328960475758771e-55,
                2.4780060180285238e-58,
                4.701169020209881e-61,
                7.735680074324519e-64,
                1.1040234460844622e-66,
                1.3666062640718693e-69,
                1.4672093790852308e-72,
                1.366226566685489e-75,
                1.103402000205998e-78,
                7.729008323457815e-82,
                4.695603262555664e-85,
                2.474203156813849e-88,
                1.1307184096227455e-91,
                4.481749650396108e-95,
                1.540684431469145e-98,
                4.593585212677947e-102,
                1.1878481204284831e-105,
                2.6640369050487782e-109,
                5.181898792875724e-113,
                8.741907724046031e-117,
                1.2790613987186594e-120,
                1.6230943873602827e-124,
                1.7863342970311136e-128,
                1.7050914695329938e-132,
                1.4115558145819367e-136,
                1.0134756918194658e-140,
                6.3109252617214016e-145,
                3.408291241590004e-149,
                1.5964079871841696e-153,
                6.4850632319499275e-158,
                2.284795266777555e-162,
                6.981403908502292e-167,
                1.8501217423260132e-171,
                4.252257995095152e-176,
                8.476183931615437e-181,
                1.4653532502871184e-185,
                2.1970767591574634e-190,
                2.8569907045113753e-195,
                3.222054629188374e-200,
                3.1514994556449774e-205,
                2.6733858273229862e-210
            ],
            "incorrect": [
                0.3964341587677486,
                0.89928786436999,
                1.7346876189104181,
                2.8594187926162014,
                4.052582073710484,
                4.97559750817533,
                5.339296933984126,
                5.059239187923067,
                4.2857808063210605,
                3.3159214459553086,
                2.489310479347515,
                2.1454468941029736,
                2.608634261953315,
                4.081156625523902,
                6.395099298058273,
                8.822548100564664,
                10.290747754126173,
                10.032923355809368,
                8.148385805155177,
                5.506943284037916,
                3.0958123353282443,
                1.4474006137495432,
                0.5627427404959541,
                0.1819307876911099,
                0.0489046380557453,
                0.010929889498725599,
                0.002030854627081848,
                0.00031370080793795925,
                4.028129689470613e-05,
                4.299524497302935e-06,
                3.8145707972038243e-07,
                2.8129320482804716e-08,
                1.7240192662092187e-09,
                8.781652965866647e-11,
                3.717445761552995e-12,
                1.3077692098539882e-13,
                3.823142511683202e-15,
                9.28749300537385e-17,
                1.8747861935211264e-18,
                3.1446164020962004e-20,
                4.382627362237837e-22,
                5.075062490410865e-24,
                4.882901856821453e-26,
                3.903326009499297e-28,
                2.592406037892563e-30,
                1.430455518321574e-32,
                6.55754349904709e-35,
                2.4974476933399908e-37,
                7.901934914714975e-40,
                2.0770465751318912e-42,
                4.5355413353011996e-45,
                8.227671082277997e-48,
                1.2398946819974738e-50,
                1.5522022505667234e-53,
                1.6142223257638724e-56,
                1.3945244398137465e-59,
                1.0007674092777818e-62,
                5.965971818486114e-66,
                2.954386360578297e-69,
                1.2153145346987396e-72,
                4.152817844203173e-76,
                1.1787658268029562e-79,
                2.7793325767807626e-83,
                5.4435204180595546e-87,
                8.856125052537895e-91,
                1.1968245887662434e-94,
                1.3435029095625974e-98,
                1.2527564695406073e-102,
                9.703163175697108e-107,
                6.2427718093564025e-111,
                3.336244991092903e-115,
                1.4809955360802693e-119,
                5.460896912267979e-124,
                1.6725833509376747e-128,
                4.25524275136809e-133,
                8.992345245284953e-138,
                1.5784579053545373e-142,
                2.3014621112520378e-147,
                2.78730754143576e-152,
                2.803984916324086e-157,
                2.3430184507253575e-162,
                1.62623971919904e-167,
                9.375659842847867e-173,
                4.4898018943806106e-178,
                1.7859127528304928e-183,
                5.9006616662e-189,
                1.6193783241123736e-194,
                3.691499411286251e-200,
                6.98978665825398e-206,
                1.0993385408990982e-211,
                1.43616785787812e-217,
                1.5584216853287543e-223,
                1.4046580884972003e-229,
                1.0516275911605465e-235,
                6.5397159133944545e-242,
                3.3780122943097967e-248,
                1.4493353349502185e-254,
                5.165135703306923e-261,
                1.5289725605714011e-267,
                3.7594356303193455e-274
            ],
            "correctMedian": 0.16661776412993698,
            "incorrectMedian": 0.16196284735927063
        },
        "2": {
            "correct": [
                0.8858615777568383,
                1.374043626031019,
                1.9823950681388272,
                2.6630999978397685,
                3.334831172178226,
                3.8986479669452194,
                4.266927234092375,
                4.39713979945696,
                4.31725880512716,
                4.129425754022903,
                3.9846105700478742,
                4.0321290975861865,
                4.360130265613191,
                4.950991155524654,
                5.673709825767749,
                6.321892825930431,
                6.685111190845859,
                6.623819039771347,
                6.114954242164621,
                5.250145072858188,
                4.192556583009035,
                3.1168893633905186,
                2.159780901979115,
                1.396353475976871,
                0.8428732011355613,
                0.4750764874060304,
                0.24992068182615151,
                0.12258889909126675,
                0.05598913273879928,
                0.023770595044656225,
                0.009364703155849006,
                0.0034175136725388858,
                0.001153413477786534,
                0.0003594930234057801,
                0.00010334394841580797,
                2.737245507032796e-05,
                6.674242510494909e-06,
                1.4970842462662674e-06,
                3.087476317094e-07,
                5.851694433636696e-08,
                1.018893461050218e-08,
                1.6293955913332317e-09,
                2.392669027503242e-10,
                3.2257106300862944e-11,
                3.992081561519746e-12,
                4.5348379889083413e-13,
                4.7280216789944466e-14,
                4.5240457079155705e-15,
                3.9726906051052856e-16,
                3.201383142434036e-17,
                2.367413494293683e-18,
                1.6065166323494816e-19,
                1.0003779922213656e-20,
                5.71617567926981e-22,
                2.997129470541171e-23,
                1.4419853118422097e-24,
                6.366037383930388e-26,
                2.57886566668259e-27,
                9.586013594289399e-29,
                3.269610869096393e-30,
                1.0232976511627196e-31,
                2.938699185400039e-33,
                7.74381639553388e-35,
                1.8724117072265715e-36,
                4.154260700790233e-38,
                8.457305626403117e-40,
                1.57985057616603e-41,
                2.7079807984289235e-43,
                4.259127377331296e-45,
                6.146686748028662e-47,
                8.139671508004337e-49,
                9.890493833336709e-51,
                1.1027430782378364e-52,
                1.1281736287551114e-54,
                1.0590653670277602e-56,
                9.12251932556307e-59,
                7.210277994337972e-61,
                5.229189843446126e-63,
                3.4798616972470674e-65,
                2.124881563617383e-67,
                1.190563704879421e-69,
                6.12090601929358e-72,
                2.887512972880414e-74,
                1.249905948438428e-76,
                4.96450419991491e-79,
                1.8093375047716244e-81,
                6.050739326257885e-84,
                1.8567030689651994e-86,
                5.2278319754449134e-89,
                1.3506596922595914e-91,
                3.201956377831269e-94,
                6.965142966908548e-97,
                1.3902401026162477e-99,
                2.5462130578991766e-102,
                4.27902498570725e-105,
                6.5984215238424e-108,
                9.336421318228887e-111,
                1.2121768323387309e-113,
                1.4440980086158165e-116,
                1.5786014991178234e-119
            ],
            "incorrect": [
                1.241867118067988,
                2.020581308411495,
                2.907972439909555,
                3.720120738532029,
                4.259521874947947,
                4.404791748519227,
                4.1594030609843795,
                3.6328517985817026,
                2.9864167113010196,
                2.3948987440880125,
                2.039653529497893,
                2.1020876736977785,
                2.7185185168062964,
                3.894218895870763,
                5.428804802303901,
                6.930479833206249,
                7.952449659028787,
                8.187496887756389,
                7.595348262392935,
                6.38485863527152,
                4.885833102922227,
                3.409312010741256,
                2.165592227072995,
                1.2462553390720459,
                0.6455885499619112,
                0.2990120870788837,
                0.12307479449274762,
                0.04479758426094177,
                0.01436544952163228,
                0.004047481094539939,
                0.0010000553570557681,
                0.00021640531284661474,
                4.097610791826162e-05,
                6.785053548943972e-06,
                9.821157275902111e-07,
                1.242349720742908e-07,
                1.3731584003211239e-08,
                1.3259969359039155e-09,
                1.1186034614090075e-10,
                8.243269937096412e-12,
                5.306376540065772e-13,
                2.983748323989995e-14,
                1.4654991132003486e-15,
                6.287297375287617e-17,
                2.3561056364664664e-18,
                7.712159641336765e-20,
                2.2049896788407128e-21,
                5.506626466013354e-23,
                1.2011926322586398e-24,
                2.2886919542080276e-26,
                3.808986561240858e-28,
                5.5370545569599966e-30,
                7.030647613638457e-32,
                7.797564221644767e-34,
                7.553872457604935e-36,
                6.391861631328689e-38,
                4.724241531767892e-40,
                3.049887502661776e-42,
                1.719818190460385e-44,
                8.470874378150158e-47,
                3.644357104370494e-49,
                1.3694954400189793e-51,
                4.495181511181269e-54,
                1.2887861255518416e-56,
                3.227464302895827e-59,
                7.059745069126931e-62,
                1.3488497181440246e-64,
                2.2510497202548915e-67,
                3.281357772675807e-70,
                4.178005980764791e-73,
                4.6465595220917894e-76,
                4.5137856061198024e-79,
                3.8299872198424515e-82,
                2.83857711604046e-85,
                1.8376002645566628e-88,
                1.0390785200403155e-91,
                5.132071100195624e-95,
                2.2140322206004616e-98,
                8.342998857772034e-102,
                2.746043460596678e-105,
                7.894772207477318e-109,
                1.9825254709504946e-112,
                4.348554554228077e-116,
                8.331401130818086e-120,
                1.394241937922475e-123,
                2.038004853150675e-127,
                2.6020717085399903e-131,
                2.9018855682876794e-135,
                2.826755718918684e-139,
                2.4051560055778333e-143,
                1.7874964912730087e-147,
                1.1603636612205582e-151,
                6.579456444921415e-156,
                3.258613766239397e-160,
                1.4096871288240302e-164,
                5.326716164683408e-169,
                1.7580991030550127e-173,
                5.068437829989892e-178,
                1.27629735765659e-182,
                2.807220918310984e-187
            ],
            "correctMedian": 0.16310676210765243,
            "incorrectMedian": 0.16310676210765243
        },
        "6": {
            "correct": [
                7.844139145804449e-05,
                0.0006233829196937818,
                0.0040192403332604066,
                0.02102388609254242,
                0.08922026775738487,
                0.3071855323141775,
                0.8581082123807178,
                1.9451171906422156,
                3.5793952011550716,
                5.355620420203449,
                6.550447311682542,
                6.669651051069475,
                5.98905473171081,
                5.461151935112541,
                5.977440737483282,
                7.63435869595452,
                9.603470709859902,
                10.678269845193512,
                10.090481220845671,
                7.99801126566171,
                5.285408193881733,
                2.898982120994057,
                1.314405631402707,
                0.4908672085890656,
                0.15052688470632541,
                0.03780851947464555,
                0.007763005768330915,
                0.0013009773213919014,
                0.00017774694991773697,
                1.978076157883681e-05,
                1.7918472302731018e-06,
                1.320547010797154e-07,
                7.914624603554537e-09,
                3.8565257141990425e-10,
                1.527371672730093e-11,
                4.915740612111472e-13,
                1.2854549159408438e-14,
                2.730784474533193e-16,
                4.712247995737098e-18,
                6.6043941950932e-20,
                7.517287562224521e-22,
                6.94826041716234e-24,
                5.214884531657122e-26,
                3.177875903662377e-28,
                1.5722635737327332e-30,
                6.315166692616614e-33,
                2.0591703208317624e-35,
                5.450376778271004e-38,
                1.1710302643285915e-40,
                2.0422041748291278e-43,
                2.8907012198810834e-46,
                3.3209715392752e-49,
                3.096500361840869e-52,
                2.3431949465825678e-55,
                1.4390150630989208e-58,
                7.1718498098780176e-62,
                2.9006555097861223e-65,
                9.520313759130404e-69,
                2.535644049064643e-72,
                5.480241645876279e-76,
                9.61122274707024e-80,
                1.3677880196625876e-83,
                1.5794810283757506e-87,
                1.479994965442926e-91,
                1.1252563208825762e-95,
                6.941985310353272e-100,
                3.4749848156809644e-104,
                1.4114173620255468e-108,
                4.651445861258866e-113,
                1.2437909498245432e-117,
                2.6985528031881716e-122,
                4.750463590280181e-127,
                6.785162777671475e-132,
                7.863241422418742e-137,
                7.393635741640072e-142,
                5.640632418511506e-147,
                3.491477216793461e-152,
                1.7534798737997786e-157,
                7.144981990647317e-163,
                2.362158340862902e-168,
                6.336117563626609e-174,
                1.3789316323122216e-179,
                2.4348182507353398e-185,
                3.488138877636826e-191,
                4.0543717044082596e-197,
                3.8234478188946173e-203,
                2.925417655531557e-209,
                1.816021739595047e-215,
                9.146481509496152e-222,
                3.7375445156243675e-228,
                1.2391316982982611e-234,
                3.333088617679731e-241,
                7.274013624452878e-248,
                1.2879494021505593e-254,
                1.850207980040459e-261,
                2.156448017995936e-268,
                2.0391717086973847e-275,
                1.5644606512333094e-282,
                9.738032945755134e-290,
                4.9178276473294744e-297
            ],
            "incorrect": [
                0.051332842475659286,
                0.18885945022677286,
                0.5519205972983287,
                1.2856196025289386,
                2.407538779161256,
                3.701348934632752,
                4.892991842676743,
                6.015069561753024,
                7.384384348206574,
                8.978400810990173,
                10.038838739214015,
                9.706568465824386,
                8.01210842737059,
                5.895744887814737,
                4.284931740028502,
                3.44133128928659,
                3.1363997571175606,
                3.1088481984891847,
                3.2165977980221157,
                3.3064932773987508,
                3.1542679098540183,
                2.6244604474350037,
                1.8288071880878438,
                1.0436834246284157,
                0.48213388822031794,
                0.1791639787730309,
                0.05336518528337548,
                0.012711630221828828,
                0.00241762774472595,
                0.0003666898742385835,
                4.4310810010143474e-05,
                4.262580134758442e-06,
                3.26205315154723e-07,
                1.984770840928197e-08,
                9.596442309790535e-10,
                3.685526081046014e-11,
                1.1238589720598389e-12,
                2.7202106436145165e-14,
                5.224510545431815e-16,
                7.960332630010258e-18,
                9.619746094858418e-20,
                9.218479360011754e-22,
                7.003987842501243e-24,
                4.2185021668685695e-26,
                2.0139207867631752e-28,
                7.619897264126642e-31,
                2.2847356610644055e-33,
                5.428323227584766e-36,
                1.0218937057463836e-38,
                1.5241490494925654e-41,
                1.8009669893851578e-44,
                1.6858488123316518e-47,
                1.2501055504124984e-50,
                7.342989197885605e-54,
                3.4165064115544473e-57,
                1.2591037524501338e-60,
                3.675353105430044e-64,
                8.497371611590246e-68,
                1.555998102628219e-71,
                2.2566510109012206e-75,
                2.5920509295721015e-79,
                2.3579803072641465e-83,
                1.6988255053056018e-87,
                9.693138157113893e-92,
                4.380086617921597e-96,
                1.5674719899435223e-100,
                4.4423445161841065e-105,
                9.970501183172055e-110,
                1.7721943062884556e-114,
                2.4945537650766757e-119,
                2.78073396201213e-124,
                2.4547606136276452e-129,
                1.7160908924903155e-134,
                9.50060688431287e-140,
                4.1652491411427594e-145,
                1.446132178765156e-150,
                3.9760450368086893e-156,
                8.657050305349601e-162,
                1.4926674871291256e-167,
                2.038120827082444e-173,
                2.203788025248793e-179,
                1.8870444815330993e-185,
                1.2795767346892467e-191,
                6.871031206707331e-198,
                2.9217863446861004e-204,
                9.838877243177654e-211,
                2.62369185484119e-217,
                5.540513159356605e-224,
                9.265241536855716e-231,
                1.2269668582077778e-237,
                1.286702119790971e-244,
                1.0685432048933254e-251,
                7.027079254180063e-259,
                3.65953695385287e-266,
                1.5091964837031685e-273,
                4.92871437128438e-281,
                1.274646047181677e-288,
                2.6104388418745274e-296,
                4.2335558977392215e-304,
                5.437068796987e-312
            ],
            "correctMedian": 0.16470813957723215,
            "incorrectMedian": 0.10517108784170075
        },
        "4": {
            "correct": [
                2.6973277038275977e-22,
                5.461819080618526e-18,
                3.805785311900523e-14,
                9.125465962405275e-11,
                7.529600971434376e-08,
                2.138004524508717e-05,
                0.002089507029660237,
                0.0703623214927416,
                0.8216488866061835,
                3.464612241699145,
                6.737981574115449,
                12.739904988660273,
                25.01102154217187,
                26.376466784303677,
                12.455313472968387,
                5.682859706228026,
                4.080421510953617,
                1.3851315526238361,
                0.16527363882049168,
                0.006794250493596847,
                9.611968366976063e-05,
                4.679377493688897e-07,
                7.839118298572681e-10,
                4.5190760680974497e-13,
                8.964692077824846e-17,
                6.119619128557319e-21,
                1.437529287381885e-25,
                1.1620165164888744e-30,
                3.232296499885856e-36,
                3.093950593780335e-42,
                1.0191048023877281e-48,
                1.1551213565491e-55,
                4.50546551703617e-63,
                6.0472095513521775e-71,
                2.793017506772969e-79,
                4.4391067503219735e-88,
                2.427844187385237e-97,
                4.569296344081166e-107,
                2.9592464190034636e-117,
                6.595021680213526e-128,
                5.057718056329597e-139,
                1.3347388314602536e-150,
                1.2121078579191035e-162,
                3.787821713673161e-175,
                4.0732501610539826e-188,
                1.5072869145244496e-201,
                1.9193495083332182e-215,
                8.410377589249587e-230,
                1.2681779973449501e-244,
                6.580338355622348e-260,
                1.1749503851723136e-275,
                7.219283920724044e-292,
                1.5264128298790954e-308,
                0.0,
                0.0,
                0.0,
                0.0,
                0.0,
                0.0,
                0.0,
                0.0,
                0.0,
                0.0,
                0.0,
                0.0,
                0.0,
                0.0,
                0.0,
                0.0,
                0.0,
                0.0,
                0.0,
                0.0,
                0.0,
                0.0,
                0.0,
                0.0,
                0.0,
                0.0,
                0.0,
                0.0,
                0.0,
                0.0,
                0.0,
                0.0,
                0.0,
                0.0,
                0.0,
                0.0,
                0.0,
                0.0,
                0.0,
                0.0,
                0.0,
                0.0,
                0.0,
                0.0,
                0.0,
                0.0,
                0.0
            ],
            "incorrect": [
                3.010794034047935e-17,
                8.983392112072746e-14,
                1.0392153721911918e-10,
                4.710972579747687e-08,
                8.559297450101805e-06,
                0.0006497534809434106,
                0.02182944797688965,
                0.33863358951306344,
                2.4039906578321477,
                7.5037137722184815,
                10.593755478280553,
                11.041353470850689,
                18.48192981162281,
                23.178427528460116,
                13.853853784840375,
                4.582411768079978,
                1.5172768681967985,
                1.0798771805438272,
                1.2490942148291881,
                1.122231648746059,
                0.7070463734136898,
                0.6516456450126417,
                0.49227203337634307,
                0.1590679649904443,
                0.01994979952308194,
                0.0009626661265016483,
                1.785922144232003e-05,
                1.273706948475872e-07,
                3.4921590417286443e-10,
                3.6807453223202364e-13,
                1.4914021310872876e-16,
                2.3231164699065013e-20,
                1.391119511714618e-24,
                3.2023967330410046e-29,
                2.834020972574219e-34,
                9.641580227760045e-40,
                1.260987009875846e-45,
                6.340014333979395e-52,
                1.2254260283469003e-58,
                9.105445415117297e-66,
                2.600953114806398e-73,
                2.8561504844317925e-81,
                1.2057211571149333e-89,
                1.956725529638848e-98,
                1.2207596746010864e-107,
                2.927842239515042e-117,
                2.6994942265038363e-127,
                9.568290838891622e-138,
                1.303777753097559e-148,
                6.829517127157835e-160,
                1.375288034650051e-171,
                1.0646688908065826e-183,
                3.168492605459094e-196,
                3.625000453662535e-209,
                1.5943389875985865e-222,
                2.6956934366459467e-236,
                1.7521753644777993e-250,
                4.3782632663573436e-265,
                4.205749562814774e-280,
                1.5531098655059223e-295,
                2.204845599077e-311,
                0.0,
                0.0,
                0.0,
                0.0,
                0.0,
                0.0,
                0.0,
                0.0,
                0.0,
                0.0,
                0.0,
                0.0,
                0.0,
                0.0,
                0.0,
                0.0,
                0.0,
                0.0,
                0.0,
                0.0,
                0.0,
                0.0,
                0.0,
                0.0,
                0.0,
                0.0,
                0.0,
                0.0,
                0.0,
                0.0,
                0.0,
                0.0,
                0.0,
                0.0,
                0.0,
                0.0,
                0.0,
                0.0,
                0.0
            ],
            "correctMedian": 0.12964746107598052,
            "incorrectMedian": 0.12964746107598052
        },
        "8": {
            "correct": [
                1.6526064645990937,
                1.7391466499623274,
                1.8126741904252541,
                1.8720256657093879,
                1.9166306011512089,
                1.9465438296117172,
                1.9624376074556464,
                1.9655540061838737,
                1.9576216276827327,
                1.9407437962433551,
                1.917267707163048,
                1.8896452989122579,
                1.8602967356778217,
                1.8314863626655888,
                1.8052189979005469,
                1.7831617430184994,
                1.7665935020233412,
                1.7563814864440899,
                1.7529815215502411,
                1.7564572331127866,
                1.7665123504826463,
                1.7825304349969018,
                1.8036172236326737,
                1.8286422448295416,
                1.856278120997359,
                1.8850376989659174,
                1.913310548110576,
                1.9394012071917133,
                1.96157171707018,
                1.9780904362461103,
                1.9872880029645095,
                1.9876197796954185,
                1.9777324529888611,
                1.9565309439731269,
                1.9232406689513986,
                1.8774596710586389,
                1.8191953288245437,
                1.7488812387625234,
                1.667371368735164,
                1.5759105044945594,
                1.47608212516485,
                1.3697368854710157,
                1.2589066099162507,
                1.1457099216663893,
                1.032256213223072,
                0.9205545776429486,
                0.8124336023168212,
                0.7094766982164898,
                0.6129760633013164,
                0.5239066522157089,
                0.44291983720304734,
                0.3703549643491961,
                0.30626585960387376,
                0.2504585930849575,
                0.20253648655556708,
                0.16194841776456279,
                0.12803686900225308,
                0.10008279450873264,
                0.0773451420051195,
                0.059093661488301114,
                0.044634387847472,
                0.03332783203513616,
                0.024600421154740582,
                0.017950076260578325,
                0.012947012485883674,
                0.009230908171056932,
                0.006505545561650806,
                0.004531906542801135,
                0.0031205431768593513,
                0.0021238610769380513,
                0.001428774803458901,
                0.00095003315744541,
                0.0006243771024626682,
                0.0004055875975603863,
                0.0002604044730592158,
                0.000165247597780308,
                0.00010364346727943671,
                6.424896435994609e-05,
                3.936455236550915e-05,
                2.3837310363767515e-05,
                1.426657979213933e-05,
                8.439005505007984e-06,
                4.933665440364084e-06,
                2.8507131850561608e-06,
                1.6279507249957797e-06,
                9.188222451409482e-07,
                5.125343489003002e-07,
                2.825624772300911e-07,
                1.5395894840255623e-07,
                8.29073989897759e-08,
                4.412437832953768e-08,
                2.3209189643657038e-08,
                1.2065257575153763e-08,
                6.198800974243183e-09,
                3.1475493192737427e-09,
                1.57953946477991e-09,
                7.833951488117757e-10,
                3.839928577450329e-10,
                1.860187564687641e-10,
                8.905968020800579e-11
            ],
            "incorrect": [
                4.197292001611018,
                4.698491579436968,
                5.069885356899601,
                5.2745902425408415,
                5.292657217813244,
                5.124612228295792,
                4.791332796736557,
                4.330314877694012,
                3.7892786757814205,
                3.2186492993606497,
                2.664562591837827,
                2.163698517301394,
                1.7406009234753324,
                1.4074458095444953,
                1.1656876829905978,
                1.0087628670094795,
                0.925056754074005,
                0.9005561633145895,
                0.9208836033247426,
                0.9726456862651622,
                1.0441737131305215,
                1.125792544547556,
                1.209756477634207,
                1.289974189806143,
                1.36163098356762,
                1.4208087913614318,
                1.4641934705086113,
                1.488934329869237,
                1.4926797683126989,
                1.4737630500867287,
                1.4314681674362948,
                1.3662817812038563,
                1.2800408579104212,
                1.1759144785384086,
                1.058201804715841,
                0.931972383666944,
                0.8026078919942774,
                0.6753196748642917,
                0.5547138976399343,
                0.44446018036934576,
                0.34709644423678804,
                0.26397814566245903,
                0.1953583570845499,
                0.1405689073681035,
                0.09826339506230615,
                0.06668072235615445,
                0.04389229272299173,
                0.028005600593787785,
                0.01730922683169154,
                0.010356525369592369,
                0.005995183072130831,
                0.0033559249634126384,
                0.0018156563493815553,
                0.000949023298857323,
                0.00047903915604039903,
                0.00023343330435193313,
                0.00010977799617298278,
                4.9808827514054576e-05,
                2.1798528977292196e-05,
                9.199862150561161e-06,
                3.743544219534684e-06,
                1.4684394327957151e-06,
                5.551789871140947e-07,
                2.0228049167238467e-07,
                7.101756626591858e-08,
                2.4022660821812766e-08,
                7.828488843059301e-09,
                2.4575300516048995e-09,
                7.431054337510218e-10,
                2.164227624135162e-10,
                6.070572953259856e-11,
                1.6398601034871556e-11,
                4.265921501430957e-12,
                1.068633033939637e-12,
                2.5777254034106215e-13,
                5.987166917751768e-14,
                1.3389630013745851e-14,
                2.8831381532284615e-15,
                5.977235287816084e-16,
                1.1930610962649228e-16,
                2.2926766443761886e-17,
                4.241621573385753e-18,
                7.554782725922424e-19,
                1.2954051577738251e-19,
                2.138336742149906e-20,
                3.398030005030216e-21,
                5.198203245547004e-22,
                7.655066915028667e-23,
                1.0851994846580244e-23,
                1.480916443815034e-24,
                1.9453950126580395e-25,
                2.46001352159283e-26,
                2.9944434428364074e-27,
                3.5086527702623168e-28,
                3.9573757830820476e-29,
                4.296491983718599e-30,
                4.490119739756512e-31,
                4.516859871205623e-32,
                4.3736883753785825e-33,
                4.076519120199879e-34
            ],
            "correctMedian": 0.20370380039156627,
            "incorrectMedian": 0.03949056394267335
        },
        "5": {
            "correct": [
                0.5228108248874932,
                0.8538327786485641,
                1.3207064302894522,
                1.9349233561496983,
                2.685213523077593,
                3.530298619688661,
                4.398135694616707,
                5.194466227641907,
                5.820583808913306,
                6.196437761395766,
                6.282157035979118,
                6.090453538925949,
                5.684832864541636,
                5.163319947188004,
                4.632547431008074,
                4.180405997656416,
                3.8557172321944826,
                3.660638476580824,
                3.557004379500547,
                3.483309690922333,
                3.376067058412302,
                3.188645662368081,
                2.902360838436762,
                2.5277394855078317,
                2.0972939631101863,
                1.653581897217208,
                1.23707599766182,
                0.8774269183161764,
                0.5897477270839873,
                0.3755331102857619,
                0.22651285901334012,
                0.1294089581351129,
                0.07002330881781063,
                0.03588529444953828,
                0.01741725566584789,
                0.008006242874920494,
                0.0034854724531767187,
                0.0014370679805165948,
                0.0005611450319019177,
                0.00020751750630057156,
                7.268017667807888e-05,
                2.410786319882533e-05,
                7.573260786301903e-06,
                2.2531417861379307e-06,
                6.348564397610938e-07,
                1.6941190404699527e-07,
                4.2814778249409406e-08,
                1.0247663409340918e-08,
                2.322936733017598e-09,
                4.986907191881937e-10,
                1.0139267117932193e-10,
                1.9523749081461797e-11,
                3.560420100870115e-12,
                6.149228690876452e-13,
                1.0058226684568068e-13,
                1.5581295615689435e-14,
                2.2859519062387677e-15,
                3.176230301492865e-16,
                4.179634004871057e-17,
                5.208898522942335e-18,
                6.148014929673622e-19,
                6.872350543594017e-20,
                7.275403218254195e-21,
                7.294410593742364e-22,
                6.926354523641615e-23,
                6.228745725952502e-24,
                5.304908054190846e-25,
                4.278942924074254e-26,
                3.268710813795834e-27,
                2.364818856789996e-28,
                1.6203194058413953e-29,
                1.0514406435910368e-30,
                6.461751640629363e-32,
                3.760946334917917e-33,
                2.0731245039237443e-34,
                1.0822684721420104e-35,
                5.350889750949137e-37,
                2.5055228768699997e-38,
                1.1110973599850455e-39,
                4.666456616838868e-41,
                1.8561100543210116e-42,
                6.992002704352607e-44,
                2.4944845915159077e-45,
                8.428328173478439e-47,
                2.697015378379277e-48,
                8.173475815746231e-50,
                2.3459109087102232e-51,
                6.37672401800676e-53,
                1.6415915258424632e-54,
                4.0023397802660144e-56,
                9.241536499565933e-58,
                2.0209510032626785e-59,
                4.1855136197079245e-61,
                8.209620999428273e-63,
                1.5250315574607073e-64,
                2.682970680671089e-66,
                4.470276605062665e-68,
                7.053980261931698e-70,
                1.0541816623878817e-71,
                1.4920316928836416e-73
            ],
            "incorrect": [
                0.1799772671612,
                0.4564969247278496,
                0.9764202790091473,
                1.7825190204462968,
                2.8365534013293696,
                4.060433718758137,
                5.411659289134268,
                6.841958606229112,
                8.116522489546421,
                8.756058542960997,
                8.334357916350667,
                6.906659091767014,
                5.079518226559977,
                3.606208542405664,
                2.9133169190118204,
                2.963914956653937,
                3.448595941694353,
                4.027143847820051,
                4.43440945444565,
                4.487533199908019,
                4.108107282439698,
                3.3653831757447694,
                2.455494816460606,
                1.5970144789472032,
                0.9286715892623658,
                0.48321248391852806,
                0.223947140203835,
                0.09153529787166483,
                0.03258462943096817,
                0.009979552977954635,
                0.0026032031021280175,
                0.0005740631437506023,
                0.00010646726678280334,
                1.6549266305168706e-05,
                2.1511562069855216e-06,
                2.3348980240122442e-07,
                2.114289665969048e-08,
                1.5962614353451195e-09,
                1.004433082031913e-10,
                5.266336854824455e-12,
                2.3003694412417377e-13,
                8.370330838568787e-15,
                2.536962290978693e-16,
                6.404601366003261e-18,
                1.3466781965459513e-19,
                2.3584161597551425e-21,
                3.4399811174244053e-23,
                4.1789454076861705e-25,
                4.228142852925494e-27,
                3.562895398539561e-29,
                2.500493265630433e-31,
                1.461559931148773e-33,
                7.115006221506878e-36,
                2.884703865841594e-38,
                9.74079026029365e-41,
                2.7393905025491196e-43,
                6.416236341623254e-46,
                1.2516223543479364e-48,
                2.0334464889132693e-51,
                2.7514309095097066e-54,
                3.100636564583934e-57,
                2.9101104845407246e-60,
                2.2747539688015286e-63,
                1.4808999206751547e-66,
                8.029403826133094e-70,
                3.625827961274829e-73,
                1.3636326185479909e-76,
                4.2712388257086635e-80,
                1.1142345244804595e-83,
                2.420837517402077e-87,
                4.3804723297751873e-91,
                6.601498150582442e-95,
                8.285721468451309e-99,
                8.661326468800039e-103,
                7.540579739485133e-107,
                5.467531700171581e-111,
                3.301749511489674e-115,
                1.6605928722475256e-119,
                6.955821782786236e-124,
                2.426609802041354e-128,
                7.050463491450041e-133,
                1.7060886845746334e-137,
                3.438363165730938e-142,
                5.771226139093275e-147,
                8.067716635264622e-152,
                9.392892933947623e-157,
                9.107816969508339e-162,
                7.355215431378295e-167,
                4.9470087155122507e-172,
                2.7711250378890407e-177,
                1.2928130641481777e-182,
                5.0232118976891e-188,
                1.6255241122696342e-193,
                4.380982090499958e-199,
                9.833671079130242e-205,
                1.8383407299644905e-210,
                2.8622164045790453e-216,
                3.711462205104265e-222,
                4.008240116768548e-228,
                3.605193039483211e-234
            ],
            "correctMedian": 0.09614365309046613,
            "incorrectMedian": 0.09614365309046613
        },
        "1": {
            "correct": [
                1.8759927098114183e-188,
                1.6817821191401066e-166,
                6.696438760075259e-146,
                1.1842779922198285e-126,
                9.302485514129087e-109,
                3.2454874382663955e-92,
                5.029171538336968e-77,
                3.461374198544829e-63,
                1.0581232118152275e-50,
                1.4366782513339708e-39,
                8.663998725116914e-30,
                2.320667009956663e-21,
                2.7608503311290628e-14,
                1.4588427631253992e-08,
                0.0003423810304773154,
                0.3569001893503738,
                16.526589327495195,
                35.09653251400864,
                25.700133803620947,
                20.329233886059264,
                0.8113337093875791,
                0.001439064469567068,
                1.1336990184279905e-07,
                3.9668966189568025e-13,
                6.165092269837472e-20,
                4.255630037769009e-28,
                1.3047392787188897e-37,
                1.7767208322887747e-48,
                1.0746084188220875e-60,
                2.8868011471085208e-74,
                3.444443665580087e-89,
                1.825395138787685e-105,
                4.296652982740373e-123,
                4.491994913488659e-142,
                2.0858535773304585e-162,
                4.30193622466185e-184,
                3.940757433194846e-207,
                1.603359928756083e-231,
                2.897463234772103e-257,
                2.325628971267958e-284,
                8.2908395483e-313,
                0.0,
                0.0,
                0.0,
                0.0,
                0.0,
                0.0,
                0.0,
                0.0,
                0.0,
                0.0,
                0.0,
                0.0,
                0.0,
                0.0,
                0.0,
                0.0,
                0.0,
                0.0,
                0.0,
                0.0,
                0.0,
                0.0,
                0.0,
                0.0,
                0.0,
                0.0,
                0.0,
                0.0,
                0.0,
                0.0,
                0.0,
                0.0,
                0.0,
                0.0,
                0.0,
                0.0,
                0.0,
                0.0,
                0.0,
                0.0,
                0.0,
                0.0,
                0.0,
                0.0,
                0.0,
                0.0,
                0.0,
                0.0,
                0.0,
                0.0,
                0.0,
                0.0,
                0.0,
                0.0,
                0.0,
                0.0,
                0.0,
                0.0,
                0.0
            ],
            "incorrect": [
                1.5799537447975953,
                2.5145246367091323,
                3.577447946071008,
                4.5635536147217515,
                5.238021659443267,
                5.4304976433806935,
                5.1060946962223035,
                4.375045131880311,
                3.4458647720960545,
                2.5593003859922243,
                1.9384609291270891,
                1.7632549106216993,
                2.1499390349960406,
                3.1120645394226543,
                4.506690653190488,
                6.0118978100841876,
                7.193241282089918,
                7.664531698734744,
                7.262885630751032,
                6.12261387371269,
                4.595252507814859,
                3.0732637789514894,
                1.8329355156270755,
                0.9754811652712271,
                0.463431353660446,
                0.19656410742006353,
                0.07442421035610162,
                0.025144404017300444,
                0.007575541587594255,
                0.0020336863302069783,
                0.0004860211524223198,
                0.00010330134536472505,
                1.9508019859919428e-05,
                3.2701631276356044e-06,
                4.8617827820466e-07,
                6.405430072914878e-08,
                7.473492390050862e-09,
                7.717150705483018e-10,
                7.048906524074898e-11,
                5.6927996675880125e-12,
                4.063575959016447e-13,
                2.5629207391753763e-14,
                1.4278923442672975e-15,
                7.02583743773446e-17,
                3.0525894815783125e-18,
                1.1709690844235318e-19,
                3.9653319469668415e-21,
                1.1853059145110948e-22,
                3.1272705082346886e-24,
                7.282124089083138e-26,
                1.4965351557066392e-27,
                2.714155328776491e-29,
                4.343976178344824e-31,
                6.135272618517237e-33,
                7.646538878114973e-35,
                8.40955888070098e-37,
                8.161179019164225e-39,
                6.988745238816776e-41,
                5.2809043079077315e-43,
                3.5210896533907134e-45,
                2.071586532042805e-47,
                1.0754352894109026e-49,
                4.926279909741115e-52,
                1.9911601190186216e-54,
                7.101409227475258e-57,
                2.234772448068756e-59,
                6.20542902936136e-62,
                1.5204057692957038e-64,
                3.286971642633121e-67,
                6.270191503827216e-70,
                1.055391928132126e-72,
                1.5674533258335378e-75,
                2.054107504613816e-78,
                2.375195024338956e-81,
                2.42338722958707e-84,
                2.181693279008089e-87,
                1.7330529573739187e-90,
                1.2147227712666624e-93,
                7.512589534993613e-97,
                4.0996733777194294e-100,
                1.9740399189401797e-103,
                8.387058143846271e-107,
                3.144201756608277e-110,
                1.0400594643692475e-113,
                3.035658638353895e-117,
                7.817982317428114e-121,
                1.7765744547260133e-124,
                3.5622066831118177e-128,
                6.302339305660383e-132,
                9.838557074089943e-136,
                1.3552143614012802e-139,
                1.6471438760379474e-143,
                1.766452764854226e-147,
                1.6715503857066272e-151,
                1.3956736017042808e-155,
                1.0282416791967234e-159,
                6.684262392646037e-164,
                3.8340583828411163e-168,
                1.940487719942263e-172,
                8.6658271089221e-177
            ],
            "correctMedian": 0.16900514353139653,
            "incorrectMedian": 0.16900514353139653
        }
    },
    "globalMetrics": {
        "testWeight": 73,
        "targetAvg": [
            0.1095890410958904,
            0.1506849315068493,
            0.136986301369863,
            0.1506849315068493,
            0.1232876712328767,
            0.136986301369863,
            0.0410958904109589,
            0.1506849315068493
        ],
        "targetStd": [
            0.3145386319505849,
            0.360217252220885,
            0.34621238235890717,
            0.360217252220885,
            0.3310423554409472,
            0.34621238235890717,
            0.19988581215169668,
            0.36021725222088496
        ],
        "predictionAvg": [
            0.12616398789775585,
            0.12868500154074602,
            0.12812142884596028,
            0.12295458645450084,
            0.1257809871810557,
            0.11823621050761103,
            0.12205917434659187,
            0.12799862322577835
        ],
        "predictionStd": [
            0.06101028794932864,
            0.04950926987083817,
            0.05832314995519139,
            0.04484595868778547,
            0.02156132726415398,
            0.1197262296087822,
            0.052106784134844514,
            0.06040189170898077
        ]
    }
}