{
  "state": "DONE",
  "preSearchDescription": {
    "gridLength": 5,
    "searchStrategy": "GRID",
    "importantParams": [
      {
        "name": "penalty",
        "vals": [
          "l2"
        ]
      },
      {
        "name": "C",
        "vals": [
          "0.01",
          "0.1",
          "1.0",
          "10.0",
          "100.0"
        ]
      }
    ]
  },
  "postSearchDescription": {
    "importantParams": [
      {
        "name": "C",
        "val": "0.1"
      },
      {
        "name": "penalty",
        "val": "l2"
      }
    ]
  },
  "resumed": false,
  "timeOrderingEnabled": false,
  "sampleWeightsEnabled": false,
  "modelId": "m1",
  "progress": {
    "top_level_todo": [],
    "stack": [],
    "top_level_done": [
      {
        "name": "Loading train set",
        "time": 14
      },
      {
        "name": "Loading test set",
        "time": 5
      },
      {
        "name": "Collecting statistics",
        "time": 10
      },
      {
        "name": "Preprocessing train set",
        "time": 34
      },
      {
        "name": "Preprocessing test set",
        "time": 21
      },
      {
        "name": "Hyperparameter searching",
        "time": 6039
      },
      {
        "name": "Fitting model",
        "time": 19
      },
      {
        "name": "Saving model",
        "time": 1
      },
      {
        "name": "Scoring model",
        "time": 161
      }
    ]
  },
  "startTime": 1605796829309,
  "endTime": 1605796835737,
  "preprocessingTime": 88,
  "trainingTime": 6340,
  "hyperparamsSearchTime": 6039
}