{
  "type": "vstack",
  "neverRecomputeExistingPartitions": false,
  "optionalDependencies": false,
  "customMeta": {
    "kv": {}
  },
  "redispatchPartitioning": false,
  "maxRunningActivities": 0,
  "inputs": {
    "main": {
      "items": [
        {
          "ref": "20_Hindernisse_Vorrunde5",
          "deps": []
        },
        {
          "ref": "20_Hindernisse_Vorrunde1",
          "deps": []
        },
        {
          "ref": "20_Hindernisse_Vorrunde3",
          "deps": []
        },
        {
          "ref": "20_Hindernisse_Vorrunde6",
          "deps": []
        },
        {
          "ref": "20_Hindernisse_Vorrunde4",
          "deps": []
        },
        {
          "ref": "20_Hindernisse_Vorrunde2",
          "deps": []
        }
      ]
    }
  },
  "outputs": {
    "main": {
      "items": [
        {
          "ref": "20_Hindernisse_Ergebnisse",
          "appendMode": false
        }
      ]
    }
  },
  "versionTag": {
    "versionNumber": 5,
    "lastModifiedBy": {
      "login": "admin"
    },
    "lastModifiedOn": 1606312331800
  },
  "creationTag": {
    "versionNumber": 0,
    "lastModifiedBy": {
      "login": "admin"
    },
    "lastModifiedOn": 1605795213481
  },
  "tags": [],
  "customFields": {},
  "checklists": {
    "checklists": []
  }
}