{
  "type": "r",
  "neverRecomputeExistingPartitions": false,
  "optionalDependencies": false,
  "params": {
    "envSelection": {
      "envMode": "INHERIT"
    },
    "containerSelection": {
      "containerMode": "INHERIT"
    },
    "skipPrerunValidate": false
  },
  "customMeta": {
    "kv": {}
  },
  "redispatchPartitioning": false,
  "maxRunningActivities": 0,
  "inputs": {
    "main": {
      "items": [
        {
          "ref": "20_Ergebnisse_Halbfinale_1_format_1",
          "deps": []
        }
      ]
    }
  },
  "outputs": {
    "main": {
      "items": [
        {
          "ref": "20_Ergebnisse_Halbfinale",
          "appendMode": false
        }
      ]
    }
  },
  "versionTag": {
    "versionNumber": 97,
    "lastModifiedBy": {
      "login": "admin"
    },
    "lastModifiedOn": 1605876669325
  },
  "creationTag": {
    "versionNumber": 0,
    "lastModifiedBy": {
      "login": "admin"
    },
    "lastModifiedOn": 1605853817328
  },
  "tags": [],
  "customFields": {},
  "checklists": {
    "checklists": []
  }
}