{
    "Gewicht": {
        "scale": [
            0.0,
            0.0,
            0.0,
            0.0,
            0.0,
            26.490000000000006,
            57.640000000000015,
            65.15,
            73.88000000000002,
            87.38000000000002
        ],
        "distribution": [
            0.0,
            0.0,
            0.0,
            0.0,
            0.0,
            0.6438356164383562,
            0.1095890410958904,
            0.0821917808219178,
            0.1095890410958904,
            0.0547945205479452
        ]
    },
    "Alter": {
        "scale": [
            23.759999999999998,
            25.240000000000002,
            26.5,
            27.64,
            28.64,
            30.0,
            31.5,
            34.52000000000001,
            43.88000000000001,
            51.86000000000001
        ],
        "distribution": [
            0.11538461538461539,
            0.07692307692307693,
            0.07692307692307693,
            0.15384615384615385,
            0.0,
            0.19230769230769232,
            0.07692307692307693,
            0.15384615384615385,
            0.11538461538461539,
            0.038461538461538464
        ]
    },
    "Gr\u00f6\u00dfe": {
        "scale": [
            0.0,
            0.0,
            0.0,
            0.0,
            0.0,
            82.5,
            167.15,
            172.46,
            178.78,
            182.47
        ],
        "distribution": [
            0.0,
            0.0,
            0.0,
            0.0,
            0.0,
            0.6301369863013698,
            0.1232876712328767,
            0.0958904109589041,
            0.0958904109589041,
            0.0547945205479452
        ]
    },
    "Geschlecht": {
        "scale": [
            "m",
            "w"
        ],
        "distribution": [
            0.7123287671232876,
            0.2876712328767123
        ]
    },
    "Seasons": {
        "scale": [
            "1 2   5",
            "1 2  4 5",
            "1 2 3 4 5",
            "2   5",
            "2 3 4 5",
            "3  5",
            "3 4 5",
            "4 5",
            "5"
        ],
        "distribution": [
            0.0136986301369863,
            0.0136986301369863,
            0.0136986301369863,
            0.0136986301369863,
            0.0821917808219178,
            0.0273972602739726,
            0.0684931506849315,
            0.136986301369863,
            0.6301369863013698
        ]
    }
}