{
  "trainedWithDSSVersion": "8.0.2",
  "backend": "PY_MEMORY",
  "isValid": true,
  "type": "MULTICLASS_PROBABILISTIC",
  "algorithm_name": "FOREST_CLASSIFIER",
  "columns": [
    "Gewicht",
    "Alter",
    "Größe",
    "dummy:Geschlecht:m",
    "dummy:Geschlecht:w",
    "dummy:Geschlecht:N/A",
    "dummy:Geschlecht:__Others__",
    "dummy:Seasons:5",
    "dummy:Seasons:4 5",
    "dummy:Seasons:3 4 5",
    "dummy:Seasons:1 2 3 4 5",
    "dummy:Seasons:2 3 4 5",
    "dummy:Seasons:3  5",
    "dummy:Seasons:2   5",
    "dummy:Seasons:1 2  4 5",
    "dummy:Seasons:1   4 5",
    "dummy:Seasons:1  3  5",
    "dummy:Seasons:1 2 3  5",
    "dummy:Seasons:2 3  5",
    "dummy:Seasons:3 4",
    "dummy:Seasons:N/A",
    "dummy:Seasons:__Others__"
  ],
  "classes": [
    "0",
    "3",
    "2",
    "6",
    "4",
    "8",
    "5",
    "1"
  ]
}