{
    "startedAt": 1605796907899,
    "gridSize": 2,
    "nThreads": 4,
    "nSplits": 3,
    "metric": "ROC_AUC",
    "timeout": null,
    "gridPoints": [
        {
            "finishedAt": 1605796910142,
            "score": 0.6538394868128972,
            "testScoreGibMean": 0.6538394868128972,
            "testScoreMean": 0.6538394868128972,
            "testScoreStd": 0.012092678053973708,
            "trainScoreMean": 0.8168758732388937,
            "trainScoreStd": 0.009082775203858454,
            "time": 6189,
            "fitTimeMean": 617.0,
            "fitTimeStd": 18.40289832245635,
            "scoreTimeMean": 1446.0,
            "scoreTimeStd": 116.93017859674492,
            "best_iteration": null,
            "parameters": {
                "max_depth": 6,
                "max_features": "auto",
                "min_samples_leaf": 1,
                "n_estimators": 100,
                "min_samples_split": 3
            }
        },
        {
            "finishedAt": 1605796910935,
            "score": 0.6522706683806118,
            "testScoreGibMean": 0.6522706683806118,
            "testScoreMean": 0.6522706683806118,
            "testScoreStd": 0.010890495735964404,
            "trainScoreMean": 0.8294933047480249,
            "trainScoreStd": 0.006408653861223996,
            "time": 4258,
            "fitTimeMean": 525.3333333333334,
            "fitTimeStd": 16.21384867602041,
            "scoreTimeMean": 894.0,
            "scoreTimeStd": 538.865474863625,
            "best_iteration": null,
            "parameters": {
                "max_depth": 13,
                "max_features": "auto",
                "min_samples_leaf": 1,
                "n_estimators": 100,
                "min_samples_split": 3
            }
        }
    ]
}