[
    {
        "test_score_gib": 0.647175945594688,
        "train_score": 0.8271832731413326,
        "test_score": 0.647175945594688,
        "num_samples": 98,
        "fit_time": 631,
        "score_time": 1611,
        "time": 2242,
        "parameters": {
            "max_depth": 6,
            "max_features": "auto",
            "min_samples_leaf": 1,
            "n_estimators": 100,
            "min_samples_split": 3
        },
        "best_iteration": null,
        "done_at": 1605796910142,
        "split_id": 0
    },
    {
        "test_score_gib": 0.6438016487189282,
        "train_score": 0.8051497990442932,
        "test_score": 0.6438016487189282,
        "num_samples": 94,
        "fit_time": 629,
        "score_time": 1373,
        "time": 2002,
        "parameters": {
            "max_depth": 6,
            "max_features": "auto",
            "min_samples_leaf": 1,
            "n_estimators": 100,
            "min_samples_split": 3
        },
        "best_iteration": null,
        "done_at": 1605796909907,
        "split_id": 1
    },
    {
        "test_score_gib": 0.6711936587717837,
        "train_score": 0.817877240454692,
        "test_score": 0.6711936587717837,
        "num_samples": 92,
        "fit_time": 591,
        "score_time": 1354,
        "time": 1945,
        "parameters": {
            "max_depth": 6,
            "max_features": "auto",
            "min_samples_leaf": 1,
            "n_estimators": 100,
            "min_samples_split": 3
        },
        "best_iteration": null,
        "done_at": 1605796909886,
        "split_id": 2
    },
    {
        "test_score_gib": 0.6468084688125544,
        "train_score": 0.8338112216730638,
        "test_score": 0.6468084688125544,
        "num_samples": 98,
        "fit_time": 548,
        "score_time": 1656,
        "time": 2204,
        "parameters": {
            "max_depth": 13,
            "max_features": "auto",
            "min_samples_leaf": 1,
            "n_estimators": 100,
            "min_samples_split": 3
        },
        "best_iteration": null,
        "done_at": 1605796910185,
        "split_id": 0
    },
    {
        "test_score_gib": 0.642749089146148,
        "train_score": 0.8203848242587085,
        "test_score": 0.642749089146148,
        "num_samples": 94,
        "fit_time": 517,
        "score_time": 522,
        "time": 1039,
        "parameters": {
            "max_depth": 13,
            "max_features": "auto",
            "min_samples_leaf": 1,
            "n_estimators": 100,
            "min_samples_split": 3
        },
        "best_iteration": null,
        "done_at": 1605796910935,
        "split_id": 1
    },
    {
        "test_score_gib": 0.6678176684426685,
        "train_score": 0.8342002754800025,
        "test_score": 0.6678176684426685,
        "num_samples": 92,
        "fit_time": 511,
        "score_time": 504,
        "time": 1015,
        "parameters": {
            "max_depth": 13,
            "max_features": "auto",
            "min_samples_leaf": 1,
            "n_estimators": 100,
            "min_samples_split": 3
        },
        "best_iteration": null,
        "done_at": 1605796910929,
        "split_id": 2
    }
]