{
    "modelInputNRows": 284,
    "modelInputNCols": 22,
    "modelInputIsSparse": false,
    "modelInputMemory": 49984,
    "usedGridSearch": true,
    "gridSize": 2,
    "gridBestScore": 0.6538394868128972,
    "gridCells": [
        {
            "params": {
                "max_depth": 6,
                "max_features": "auto",
                "min_samples_leaf": 1,
                "n_estimators": 100,
                "min_samples_split": 3
            },
            "score": 0.6538394868128972,
            "scoreStd": 0.012092678053973708,
            "fitTime": 0.617,
            "fitTimeStd": 0.018402898322456347,
            "scoreTime": 1.446,
            "scoreTimeStd": 0.11693017859674493
        },
        {
            "params": {
                "max_depth": 13,
                "max_features": "auto",
                "min_samples_leaf": 1,
                "n_estimators": 100,
                "min_samples_split": 3
            },
            "score": 0.6522706683806118,
            "scoreStd": 0.010890495735964404,
            "fitTime": 0.5253333333333333,
            "fitTimeStd": 0.016213848676020413,
            "scoreTime": 0.894,
            "scoreTimeStd": 0.538865474863625
        }
    ],
    "rawImportance": {
        "variables": [
            "Gewicht",
            "Alter",
            "Gr\u00f6\u00dfe",
            "dummy:Geschlecht:m",
            "dummy:Geschlecht:w",
            "dummy:Seasons:5",
            "dummy:Seasons:4 5",
            "dummy:Seasons:3 4 5",
            "dummy:Seasons:1 2 3 4 5",
            "dummy:Seasons:2 3 4 5",
            "dummy:Seasons:3  5",
            "dummy:Seasons:2   5",
            "dummy:Seasons:1 2  4 5",
            "dummy:Seasons:1   4 5",
            "dummy:Seasons:1  3  5",
            "dummy:Seasons:1 2 3  5",
            "dummy:Seasons:2 3  5",
            "dummy:Seasons:3 4"
        ],
        "importances": [
            0.20904167903966242,
            0.20753653423714177,
            0.2096841902860181,
            0.051838445945176205,
            0.0659201092131218,
            0.0563400419855936,
            0.048782624205489136,
            0.028906634233912258,
            0.019521721686322973,
            0.025965249577067785,
            0.02012229213553593,
            0.012260462619119067,
            0.009550823657075606,
            0.00415514895335915,
            0.008868598552650245,
            0.013678015887122407,
            0.002008135407487759,
            0.005819292378143977
        ]
    },
    "probaAware": true,
    "partialDependencies": [
        {
            "data": [
                [
                    -0.350229346049058,
                    0.8410122768814208,
                    0.29212647447510287
                ],
                [
                    -0.06205637165049094,
                    0.10365441343199722,
                    0.027049739338568246
                ],
                [
                    -0.16131036316534697,
                    0.4717382440498188,
                    0.13949113138274605
                ],
                [
                    0.5172366966041699,
                    -1.163269503674746,
                    0.13649729730044013
                ],
                [
                    0.17153199470057534,
                    -0.3591304686012209,
                    -0.018060178180273834
                ],
                [
                    0.30061347042112274,
                    -0.8443498040795809,
                    -0.22567081569099567
                ],
                [
                    0.5272077395686219,
                    -1.2623591849890294,
                    0.05105560595129077
                ],
                [
                    -0.17151676449737296,
                    0.2776868714179306,
                    0.037469419540871574
                ]
            ],
            "feature": "Geschlecht",
            "distribution": [
                0.7123287671232876,
                0.2876712328767123,
                0.0
            ],
            "computedPostTraining": true,
            "isDate": false,
            "unrepresentedModalities": [],
            "nbRecords": 73,
            "onSample": false,
            "randomState": 1337,
            "indicesToDrop": [],
            "categories": [
                "m",
                "w",
                "__DKU_UNREPRESENTED__"
            ]
        }
    ]
}