{
    "metrics": {
        "mrocAUC": 0.6358141069788799,
        "mcalibrationLoss": 0.04968340674936164,
        "precision": 0.38740079365079366,
        "recall": 0.25757575757575757,
        "f1": 0.20958252740167632,
        "accuracy": 0.2465753424657534,
        "hammingLoss": 0.7534246575342466,
        "logLoss": 1.9612149349041628
    },
    "processed_feature_names": [
        "Gewicht",
        "Alter",
        "Gr\u00f6\u00dfe",
        "dummy:Geschlecht:m",
        "dummy:Geschlecht:w",
        "dummy:Geschlecht:N/A",
        "dummy:Geschlecht:__Others__",
        "dummy:Seasons:5",
        "dummy:Seasons:4 5",
        "dummy:Seasons:3 4 5",
        "dummy:Seasons:1 2 3 4 5",
        "dummy:Seasons:2 3 4 5",
        "dummy:Seasons:3  5",
        "dummy:Seasons:2   5",
        "dummy:Seasons:1 2  4 5",
        "dummy:Seasons:1   4 5",
        "dummy:Seasons:1  3  5",
        "dummy:Seasons:1 2 3  5",
        "dummy:Seasons:2 3  5",
        "dummy:Seasons:3 4",
        "dummy:Seasons:N/A",
        "dummy:Seasons:__Others__"
    ],
    "classes": [
        "0",
        "3",
        "2",
        "6",
        "4",
        "8",
        "5",
        "1"
    ],
    "confusion": {
        "totalRows": 73,
        "perActual": {
            "0": {
                "actualClassCount": 8.0,
                "perPredicted": {
                    "0": 4,
                    "3": 3,
                    "2": 0,
                    "6": 0,
                    "4": 1,
                    "8": 0,
                    "5": 0,
                    "1": 0
                }
            },
            "3": {
                "actualClassCount": 11.0,
                "perPredicted": {
                    "0": 2,
                    "3": 7,
                    "2": 0,
                    "6": 0,
                    "4": 1,
                    "8": 1,
                    "5": 0,
                    "1": 0
                }
            },
            "2": {
                "actualClassCount": 10.0,
                "perPredicted": {
                    "0": 1,
                    "3": 6,
                    "2": 1,
                    "6": 0,
                    "4": 0,
                    "8": 1,
                    "5": 1,
                    "1": 0
                }
            },
            "6": {
                "actualClassCount": 11.0,
                "perPredicted": {
                    "0": 0,
                    "3": 4,
                    "2": 0,
                    "6": 1,
                    "4": 1,
                    "8": 5,
                    "5": 0,
                    "1": 0
                }
            },
            "4": {
                "actualClassCount": 9.0,
                "perPredicted": {
                    "0": 1,
                    "3": 4,
                    "2": 0,
                    "6": 0,
                    "4": 0,
                    "8": 3,
                    "5": 1,
                    "1": 0
                }
            },
            "8": {
                "actualClassCount": 10.0,
                "perPredicted": {
                    "0": 1,
                    "3": 4,
                    "2": 0,
                    "6": 0,
                    "4": 1,
                    "8": 4,
                    "5": 0,
                    "1": 0
                }
            },
            "5": {
                "actualClassCount": 3.0,
                "perPredicted": {
                    "0": 0,
                    "3": 2,
                    "2": 0,
                    "6": 0,
                    "4": 0,
                    "8": 0,
                    "5": 1,
                    "1": 0
                }
            },
            "1": {
                "actualClassCount": 11.0,
                "perPredicted": {
                    "0": 5,
                    "3": 6,
                    "2": 0,
                    "6": 0,
                    "4": 0,
                    "8": 0,
                    "5": 0,
                    "1": 0
                }
            }
        }
    },
    "oneVsAllRocAUC": {
        "0": 0.7057692307692307,
        "3": 0.6173020527859238,
        "2": 0.526984126984127,
        "6": 0.6510263929618768,
        "4": 0.46614583333333337,
        "8": 0.6936507936507936,
        "5": 0.6666666666666666,
        "1": 0.7719941348973607
    },
    "oneVsAllRocCurves": {
        "0": [
            {
                "x": 0.0,
                "y": 0.0,
                "p": 1.2987534360199393
            },
            {
                "x": 0.13846153846153847,
                "y": 0.375,
                "p": 0.29875343601993926
            },
            {
                "x": 0.13846153846153847,
                "y": 0.5,
                "p": 0.2863765150461719
            },
            {
                "x": 0.2,
                "y": 0.5,
                "p": 0.12668885714723777
            },
            {
                "x": 0.676923076923077,
                "y": 0.875,
                "p": 0.10735934074922851
            },
            {
                "x": 0.6923076923076923,
                "y": 1.0,
                "p": 0.09275070314021568
            },
            {
                "x": 1.0,
                "y": 1.0,
                "p": 0.0013134587630712182
            }
        ],
        "3": [
            {
                "x": 0.0,
                "y": 0.0,
                "p": 1.336979483086448
            },
            {
                "x": 0.0,
                "y": 0.09090909090909091,
                "p": 0.336979483086448
            },
            {
                "x": 0.46774193548387094,
                "y": 0.6363636363636364,
                "p": 0.17016009755647782
            },
            {
                "x": 0.6290322580645161,
                "y": 0.8181818181818182,
                "p": 0.16497963669953603
            },
            {
                "x": 0.7258064516129032,
                "y": 0.8181818181818182,
                "p": 0.11336431646015736
            },
            {
                "x": 0.7258064516129032,
                "y": 0.9090909090909091,
                "p": 0.09988380263156367
            },
            {
                "x": 0.9354838709677419,
                "y": 0.9090909090909091,
                "p": 0.03327341087558758
            },
            {
                "x": 0.9354838709677419,
                "y": 1.0,
                "p": 0.03316135407123129
            },
            {
                "x": 1.0,
                "y": 1.0,
                "p": 0.011394156983956707
            }
        ],
        "2": [
            {
                "x": 0.0,
                "y": 0.0,
                "p": 1.2419587482073164
            },
            {
                "x": 0.1746031746031746,
                "y": 0.1,
                "p": 0.24195874820731642
            },
            {
                "x": 0.1746031746031746,
                "y": 0.2,
                "p": 0.22788576194320517
            },
            {
                "x": 0.6666666666666666,
                "y": 0.7,
                "p": 0.1443462278990397
            },
            {
                "x": 0.6825396825396826,
                "y": 0.9,
                "p": 0.10344031721842344
            },
            {
                "x": 0.9206349206349206,
                "y": 0.9,
                "p": 0.011854624776492614
            },
            {
                "x": 0.9206349206349206,
                "y": 1.0,
                "p": 0.009685700431949192
            },
            {
                "x": 1.0,
                "y": 1.0,
                "p": 0.0024917977434406923
            }
        ],
        "6": [
            {
                "x": 0.0,
                "y": 0.0,
                "p": 1.3344687024101434
            },
            {
                "x": 0.016129032258064516,
                "y": 0.09090909090909091,
                "p": 0.3238255040167163
            },
            {
                "x": 0.04838709677419355,
                "y": 0.18181818181818182,
                "p": 0.26985912972317916
            },
            {
                "x": 0.06451612903225806,
                "y": 0.2727272727272727,
                "p": 0.2451291138975351
            },
            {
                "x": 0.1774193548387097,
                "y": 0.2727272727272727,
                "p": 0.17068884926303396
            },
            {
                "x": 0.1774193548387097,
                "y": 0.36363636363636365,
                "p": 0.15945436583289999
            },
            {
                "x": 0.1935483870967742,
                "y": 0.45454545454545453,
                "p": 0.1410451946541474
            },
            {
                "x": 0.7096774193548387,
                "y": 0.8181818181818182,
                "p": 0.12538419621822194
            },
            {
                "x": 0.7096774193548387,
                "y": 0.9090909090909091,
                "p": 0.11898610786100441
            },
            {
                "x": 0.7580645161290323,
                "y": 1.0,
                "p": 0.05797732190996951
            },
            {
                "x": 1.0,
                "y": 1.0,
                "p": 0.002651389016082008
            }
        ],
        "4": [
            {
                "x": 0.0,
                "y": 0.0,
                "p": 1.3609669281297343
            },
            {
                "x": 0.125,
                "y": 0.0,
                "p": 0.16341072651947794
            },
            {
                "x": 0.125,
                "y": 0.1111111111111111,
                "p": 0.16245882539951534
            },
            {
                "x": 0.609375,
                "y": 0.5555555555555556,
                "p": 0.14358391656959882
            },
            {
                "x": 0.71875,
                "y": 0.5555555555555556,
                "p": 0.09039551964311085
            },
            {
                "x": 0.71875,
                "y": 0.6666666666666666,
                "p": 0.09033101409275598
            },
            {
                "x": 0.75,
                "y": 0.7777777777777778,
                "p": 0.08034143503822028
            },
            {
                "x": 0.8125,
                "y": 0.7777777777777778,
                "p": 0.05723735267124752
            },
            {
                "x": 0.8125,
                "y": 0.8888888888888888,
                "p": 0.05658930116458981
            },
            {
                "x": 0.984375,
                "y": 1.0,
                "p": 0.0542962210986895
            },
            {
                "x": 1.0,
                "y": 1.0,
                "p": 0.024907697359477808
            }
        ],
        "8": [
            {
                "x": 0.0,
                "y": 0.0,
                "p": 1.6250063821978649
            },
            {
                "x": 0.031746031746031744,
                "y": 0.2,
                "p": 0.4424624087030377
            },
            {
                "x": 0.06349206349206349,
                "y": 0.3,
                "p": 0.43759343009877005
            },
            {
                "x": 0.1111111111111111,
                "y": 0.4,
                "p": 0.3078165921125968
            },
            {
                "x": 0.2222222222222222,
                "y": 0.4,
                "p": 0.17912619693855494
            },
            {
                "x": 0.2222222222222222,
                "y": 0.5,
                "p": 0.14967548016244991
            },
            {
                "x": 0.31746031746031744,
                "y": 0.5,
                "p": 0.0707433967070563
            },
            {
                "x": 0.31746031746031744,
                "y": 0.6,
                "p": 0.06859920536397943
            },
            {
                "x": 0.8095238095238095,
                "y": 1.0,
                "p": 0.036717480427965875
            },
            {
                "x": 1.0,
                "y": 1.0,
                "p": 0.0008944576326703996
            }
        ],
        "5": [
            {
                "x": 0.0,
                "y": 0.0,
                "p": 1.3149623972598723
            },
            {
                "x": 0.02857142857142857,
                "y": 0.3333333333333333,
                "p": 0.24973635337339103
            },
            {
                "x": 0.2571428571428571,
                "y": 0.3333333333333333,
                "p": 0.11802330101118688
            },
            {
                "x": 0.7142857142857143,
                "y": 1.0,
                "p": 0.10998743037009766
            },
            {
                "x": 0.8285714285714286,
                "y": 1.0,
                "p": 0.01587861032799613
            },
            {
                "x": 1.0,
                "y": 1.0,
                "p": 0.002020522421462696
            }
        ],
        "1": [
            {
                "x": 0.0,
                "y": 0.0,
                "p": 1.2344455889043038
            },
            {
                "x": 0.11290322580645161,
                "y": 0.45454545454545453,
                "p": 0.23444558890430378
            },
            {
                "x": 0.5967741935483871,
                "y": 1.0,
                "p": 0.16246131020936969
            },
            {
                "x": 1.0,
                "y": 1.0,
                "p": 0.0077006415263357365
            }
        ]
    },
    "oneVsAllCalibrationCurves": {
        "0": [
            {
                "y": 0,
                "x": 0,
                "n": 0
            },
            {
                "y": 0.045454545454545456,
                "x": 0.02841161792028475,
                "n": 22.0
            },
            {
                "y": 0.08108108108108109,
                "x": 0.11203307943303228,
                "n": 37.0
            },
            {
                "y": 0.2857142857142857,
                "x": 0.29218054816611044,
                "n": 14.0
            },
            {
                "y": 1,
                "x": 1,
                "n": 0
            }
        ],
        "3": [
            {
                "y": 0,
                "x": 0,
                "n": 0
            },
            {
                "y": 0.10526315789473684,
                "x": 0.049316958574512626,
                "n": 19.0
            },
            {
                "y": 0.15384615384615385,
                "x": 0.16615825944524226,
                "n": 52.0
            },
            {
                "y": 0.0,
                "x": 0.2092376557986927,
                "n": 1.0
            },
            {
                "y": 1.0,
                "x": 0.336979483086448,
                "n": 1.0
            },
            {
                "y": 1,
                "x": 1,
                "n": 0
            }
        ],
        "2": [
            {
                "y": 0,
                "x": 0,
                "n": 0
            },
            {
                "y": 0.05,
                "x": 0.03416191076740779,
                "n": 20.0
            },
            {
                "y": 0.1794871794871795,
                "x": 0.14181124555146907,
                "n": 39.0
            },
            {
                "y": 0.14285714285714285,
                "x": 0.2398932802618314,
                "n": 14.0
            },
            {
                "y": 1,
                "x": 1,
                "n": 0
            }
        ],
        "6": [
            {
                "y": 0,
                "x": 0,
                "n": 0
            },
            {
                "y": 0.058823529411764705,
                "x": 0.017152258436194685,
                "n": 17.0
            },
            {
                "y": 0.15217391304347827,
                "x": 0.13211237715438023,
                "n": 46.0
            },
            {
                "y": 0.25,
                "x": 0.254356449405054,
                "n": 8.0
            },
            {
                "y": 0.5,
                "x": 0.3291471032134298,
                "n": 2.0
            },
            {
                "y": 1,
                "x": 1,
                "n": 0
            }
        ],
        "4": [
            {
                "y": 0,
                "x": 0,
                "n": 0
            },
            {
                "y": 0.16666666666666666,
                "x": 0.06344289548574558,
                "n": 24.0
            },
            {
                "y": 0.11363636363636363,
                "x": 0.14385843741557983,
                "n": 44.0
            },
            {
                "y": 0.0,
                "x": 0.23825669967490037,
                "n": 3.0
            },
            {
                "y": 0.0,
                "x": 0.3343975950113107,
                "n": 2.0
            },
            {
                "y": 1,
                "x": 1,
                "n": 0
            }
        ],
        "8": [
            {
                "y": 0,
                "x": 0,
                "n": 0
            },
            {
                "y": 0.09803921568627451,
                "x": 0.03156731421763355,
                "n": 51.0
            },
            {
                "y": 0.2,
                "x": 0.135640309893202,
                "n": 5.0
            },
            {
                "y": 0.0,
                "x": 0.2321508063959116,
                "n": 5.0
            },
            {
                "y": 0.25,
                "x": 0.3416364492549714,
                "n": 4.0
            },
            {
                "y": 0.42857142857142855,
                "x": 0.44120725912255654,
                "n": 7.0
            },
            {
                "y": 0.0,
                "x": 0.625006382197865,
                "n": 1.0
            },
            {
                "y": 1,
                "x": 1,
                "n": 0
            }
        ],
        "5": [
            {
                "y": 0,
                "x": 0,
                "n": 0
            },
            {
                "y": 0.0,
                "x": 0.024373882499355144,
                "n": 18.0
            },
            {
                "y": 0.0392156862745098,
                "x": 0.12349281879181032,
                "n": 51.0
            },
            {
                "y": 0.3333333333333333,
                "x": 0.24986839987970644,
                "n": 3.0
            },
            {
                "y": 0.0,
                "x": 0.31496239725987224,
                "n": 1.0
            },
            {
                "y": 1,
                "x": 1,
                "n": 0
            }
        ],
        "1": [
            {
                "y": 0,
                "x": 0,
                "n": 0
            },
            {
                "y": 0.0,
                "x": 0.04262745377457779,
                "n": 24.0
            },
            {
                "y": 0.16216216216216217,
                "x": 0.16158764501148265,
                "n": 37.0
            },
            {
                "y": 0.4166666666666667,
                "x": 0.23444558890430386,
                "n": 12.0
            },
            {
                "y": 1,
                "x": 1,
                "n": 0
            }
        ]
    },
    "oneVsAllCalibrationLoss": {
        "0": 0.022064329028787348,
        "3": 0.035280348643138386,
        "2": 0.043077111394660146,
        "6": 0.027504104743791398,
        "4": 0.07110557594075262,
        "8": 0.08154277329438195,
        "5": 0.07263316220536262,
        "1": 0.04425984874401867
    },
    "densityData": {
        "0": {
            "correct": [
                0.9086411347977721,
                1.1305174432341174,
                1.375588347938758,
                1.636964043758494,
                1.905240762843691,
                2.1689665812188377,
                2.4154495129509934,
                2.6318544689754417,
                2.8064805704212152,
                2.9300667381185685,
                2.9969513311144573,
                3.0059170667047246,
                2.9605862594982653,
                2.86928845450302,
                2.744392959357174,
                2.6011703776877377,
                2.456308259907973,
                2.32624767377721,
                2.22552558322896,
                2.165302698732061,
                2.1522316416490406,
                2.187781219393906,
                2.2680846961127368,
                2.384327560329294,
                2.523636869426592,
                2.6703829966934736,
                2.8077594098374283,
                2.9194719910562745,
                2.9913520702896754,
                3.0127118079711304,
                2.9772893315358266,
                2.8836824693858265,
                2.7352376169748234,
                2.5394337247711074,
                2.306868106308851,
                2.049999024311479,
                1.7818217178477955,
                1.5146470773083793,
                1.2591189163658096,
                1.0235549929956929,
                0.8136395418357487,
                0.6324420490801637,
                0.4806969024444008,
                0.3572560806971472,
                0.2596226777873017,
                0.18448371334652613,
                0.1281811204969312,
                0.08708417845119094,
                0.057849867660322116,
                0.03757615075391789,
                0.023865360955516803,
                0.014820695231391238,
                0.00899939048014493,
                0.00534319096661571,
                0.003101919560736758,
                0.001760766532151113,
                0.000977267855729923,
                0.0005303532700157132,
                0.00028142060853824426,
                0.00014601073212769974,
                7.40714979684729e-05,
                3.674127213430045e-05,
                1.7819405810677214e-05,
                8.450209565141362e-06,
                3.918106601902599e-06,
                1.7763101949858046e-06,
                7.873982704766092e-07,
                3.41273446159433e-07,
                1.446246259812952e-07,
                5.992568894072004e-08,
                2.42780720229289e-08,
                9.617120902194894e-09,
                3.724817807465799e-09,
                1.4105660968824303e-09,
                5.222875510407609e-10,
                1.8908327847790724e-10,
                6.693036450041213e-11,
                2.3164305515035437e-11,
                7.838641951110243e-12,
                2.593505968000484e-12,
                8.389923467757619e-13,
                2.6537042666776596e-13,
                8.20673263694698e-14,
                2.4814798853904814e-14,
                7.336238277905504e-15,
                2.1205952605815525e-15,
                5.993262999053985e-16,
                1.6561115667795813e-16,
                4.474413045403312e-17,
                1.1819587359001126e-17,
                3.0527262388906974e-18,
                7.708897267740387e-19,
                1.9033342879782376e-19,
                4.594686341081125e-20,
                1.0844617316770688e-20,
                2.502590232829939e-21,
                5.646534788449785e-22,
                1.2456344927681186e-22,
                2.6866754826483915e-23,
                5.665723682710144e-24
            ],
            "incorrect": [
                2.6049430158120677,
                2.8961312478987664,
                3.1452426117105303,
                3.3796482235487892,
                3.636994976171413,
                3.949353475849931,
                4.326080111310902,
                4.742277846341432,
                5.138630675904104,
                5.434515540827771,
                5.5509549222813135,
                5.4354630152260475,
                5.079453789347862,
                4.521606513970762,
                3.8363248850618747,
                3.112425270452225,
                2.4305560567587707,
                1.8472035743457385,
                1.389281252275488,
                1.058509424029049,
                0.8413704480838297,
                0.7194925571440398,
                0.6765855981863009,
                0.700402873909847,
                0.7804852535705687,
                0.9039413688011574,
                1.0519739523001195,
                1.1993069318516283,
                1.3173252066891137,
                1.3800573161650196,
                1.3707622022028907,
                1.2864581262659482,
                1.138512866540092,
                0.9490576248784331,
                0.7446831588673869,
                0.5498023706906161,
                0.38185542519650706,
                0.24945380939102904,
                0.15326583341203467,
                0.08856126139119902,
                0.04812524651337522,
                0.024593782584833607,
                0.011819424055457663,
                0.005341744969424841,
                0.002270304695899828,
                0.0009073989624940884,
                0.00034105538688409344,
                0.00012054901551419041,
                4.006953532477493e-05,
                1.2524969679223775e-05,
                3.681719609203937e-06,
                1.0177388049506642e-06,
                2.6456568824505814e-07,
                6.467586514808149e-08,
                1.486834067149518e-08,
                3.214358269079515e-09,
                6.534879374905789e-10,
                1.249373768684641e-10,
                2.246253170828847e-11,
                3.797838856660095e-12,
                6.038455552505014e-13,
                9.028731205590592e-14,
                1.2695186433587363e-14,
                1.6786608094353093e-15,
                2.0873646712042112e-16,
                2.440873177840632e-17,
                2.6841303968428172e-18,
                2.7757063215844906e-19,
                2.6993234498851844e-20,
                2.468583657321781e-21,
                2.1230111758144244e-22,
                1.7169917960630546e-23,
                1.3058571420418407e-24,
                9.339736551055266e-26,
                6.281814279877964e-27,
                3.973260755273365e-28,
                2.3633092333568705e-29,
                1.3219211304829013e-30,
                6.953477385005171e-32,
                3.439616766177064e-33,
                1.6000353464899734e-34,
                6.999396648620101e-36,
                2.8794075730760384e-37,
                1.1139281746846461e-38,
                4.052497389793368e-40,
                1.3864359394784658e-41,
                4.46054967771407e-43,
                1.3495483924084546e-44,
                3.8397243927094405e-46,
                1.0273611818323483e-47,
                2.5849834114855844e-49,
                6.116512640904505e-51,
                1.3610105874987652e-52,
                2.8479387091823016e-54,
                5.604169759985389e-56,
                1.0370589287741013e-57,
                1.8047086358650779e-59,
                2.9533999753184737e-61,
                4.545157594990706e-63,
                6.577897992419466e-65
            ],
            "correctMedian": 0.1968679278977002,
            "incorrectMedian": 0.10735934074922851
        },
        "3": {
            "correct": [
                0.6884396648735419,
                0.8300496679610029,
                0.9694231752889562,
                1.1050623667940376,
                1.2417052016802368,
                1.39167090479283,
                1.574736528102165,
                1.8161776328234969,
                2.1427614802796136,
                2.576714410974578,
                3.128167143638044,
                3.7873906878085593,
                4.51905714010899,
                5.261254199783209,
                5.9314331482786695,
                6.439623810163369,
                6.706563083436599,
                6.6819743321055745,
                6.357364947740329,
                5.7690557149637405,
                4.990333002049438,
                4.1152925083035665,
                3.239524117704423,
                2.4432435858450154,
                1.7808392150979415,
                1.2780396709246094,
                0.9353321387791674,
                0.7348386514766587,
                0.6478427808142755,
                0.64113258819926,
                0.6815661239865375,
                0.7391550031680783,
                0.7892377387035084,
                0.8140898931642835,
                0.8039202564376569,
                0.7569558538879161,
                0.6783812451453355,
                0.5782134510327566,
                0.46856419039085645,
                0.3609559769179698,
                0.26431193633430455,
                0.1839692133494286,
                0.12171227611550432,
                0.07653892017734651,
                0.045749680768830334,
                0.025992688244795274,
                0.014036911094954694,
                0.007205249902204424,
                0.00351547215988187,
                0.0016303294733559664,
                0.0007186611912794394,
                0.0003011134118237188,
                0.00011992040846598825,
                4.5395540416173246e-05,
                1.633391811019002e-05,
                5.5863050715467814e-06,
                1.8160007186304997e-06,
                5.611312746065959e-07,
                1.6480486400530598e-07,
                4.6007927200667774e-08,
                1.2208221529026724e-08,
                3.0791385217946265e-09,
                7.381814788895102e-10,
                1.6821090742201043e-10,
                3.64336141458398e-11,
                7.500797609265584e-12,
                1.467809626510788e-12,
                2.73016633903165e-13,
                4.8268697044992127e-14,
                8.11146195144733e-15,
                1.2956562274253826e-15,
                1.9671502387499817e-16,
                2.8388494708026115e-17,
                3.894074817387918e-18,
                5.077188758469485e-19,
                6.292155108508071e-20,
                7.41195240326324e-21,
                8.2989455544574585e-22,
                8.832228591787502e-23,
                8.934593084152208e-24,
                8.590854165117118e-25,
                7.851542887508934e-26,
                6.820728451115143e-27,
                5.632012417783438e-28,
                4.420318261276569e-29,
                3.297619686065706e-30,
                2.338323995809491e-31,
                1.57603514351537e-32,
                1.0096810381353431e-33,
                6.148364336921376e-35,
                3.5587057587053634e-36,
                1.9578601149915896e-37,
                1.0238311267294262e-38,
                5.08899577668103e-40,
                2.404323735045677e-41,
                1.0797193603755513e-42,
                4.60877944740802e-44,
                1.86989858951776e-45,
                7.211195575686871e-47,
                2.643343398432114e-48
            ],
            "incorrect": [
                1.2804934000349033,
                1.9023562083373746,
                2.515923397289898,
                2.9808106789649718,
                3.194329905326468,
                3.1365388347778294,
                2.8653775949281433,
                2.4772687814392573,
                2.0748606956483204,
                1.7656091671853282,
                1.6828204408836795,
                2.0025683274766375,
                2.9180006233065794,
                4.532527680204727,
                6.689691530418275,
                8.869174170503731,
                10.320056539782843,
                10.441732717755961,
                9.157631562546769,
                6.964285414685048,
                4.608898170335116,
                2.674261545607167,
                1.377801344280031,
                0.6418047825838968,
                0.27595256601445717,
                0.11125802511635711,
                0.0421644258496598,
                0.014833014038049739,
                0.004745085992375072,
                0.0013529166894284724,
                0.0003386152599776165,
                7.365814542980723e-05,
                1.3842044007262326e-05,
                2.2394362254188973e-06,
                3.113078272990086e-07,
                3.714371398450524e-08,
                3.801601019670744e-09,
                3.336508192458704e-10,
                2.510642431006185e-11,
                1.6195791390590559e-12,
                8.956141526037617e-14,
                4.245496651006008e-15,
                1.7251143865488258e-16,
                6.0087665235104456e-18,
                1.7940259366476017e-19,
                4.591418923322779e-21,
                1.007254719101183e-22,
                1.894111527419424e-24,
                3.0531310127350866e-26,
                4.2185081064273475e-28,
                4.996269225017359e-30,
                5.072315309432046e-32,
                4.414079002114361e-34,
                3.292663885747173e-36,
                2.1053685592748476e-38,
                1.1539375270943347e-40,
                5.4213805236689e-43,
                2.183287429218797e-45,
                7.536771798652646e-48,
                2.2301457419156596e-50,
                5.656588071474692e-53,
                1.2298419117075565e-55,
                2.292014987426686e-58,
                3.661500055023611e-61,
                5.013881492436065e-64,
                5.885217430331011e-67,
                5.921399848560924e-70,
                5.106927492960459e-73,
                3.775447395204586e-76,
                2.3924924886192908e-79,
                1.2995894299263366e-82,
                6.051111922209661e-86,
                2.4151139645892617e-89,
                8.262538580184259e-93,
                2.423052363223584e-96,
                6.090956903370962e-100,
                1.312446719612049e-103,
                2.4241040922259925e-107,
                3.837905488194518e-111,
                5.208476565919394e-115,
                6.058994821593373e-119,
                6.0417656549489114e-123,
                5.164170812292049e-127,
                3.783648200286002e-131,
                2.376262026587928e-135,
                1.2792379489292592e-139,
                5.90312213483886e-144,
                2.3349932592713802e-148,
                7.917041500162636e-153,
                2.300984216711974e-157,
                5.732417139776102e-162,
                1.2241520380795442e-166,
                2.2408168523984584e-171,
                3.516015589303051e-176,
                4.728992768412336e-181,
                5.452051326986015e-186,
                5.387963556196186e-191,
                4.564180290659612e-196,
                3.31416678847638e-201,
                2.0628106193716354e-206
            ],
            "correctMedian": 0.17016009755647782,
            "incorrectMedian": 0.16497963669953603
        },
        "2": {
            "correct": [
                1.0165085460458807,
                1.1031725364217642,
                1.1735254994902151,
                1.2546737010376037,
                1.3864309246462507,
                1.6137139215261067,
                1.9756920369440218,
                2.4939108387298226,
                3.1620466651957426,
                3.940024888142664,
                4.754953333487096,
                5.5104249350825905,
                6.103896117205937,
                6.449116571983004,
                6.497823512894437,
                6.253596479289804,
                5.772191014419046,
                5.146932526616841,
                4.483325630255677,
                3.871370129179668,
                3.364995765094728,
                2.9750088723427117,
                2.676428681711358,
                2.425667061316233,
                2.1800105314468463,
                1.912268441236106,
                1.6165791905425408,
                1.3054533747677604,
                1.00131243579268,
                0.7269481142457306,
                0.4984865264269896,
                0.3224633056334003,
                0.1966360723722102,
                0.11298167126467114,
                0.06114955483539459,
                0.03117015839000511,
                0.01496195509679993,
                0.006762349833735783,
                0.0028776007547180226,
                0.0011528024424027551,
                0.0004347513474970732,
                0.00015433358988812683,
                5.156871300624033e-05,
                1.6217807814557777e-05,
                4.800124922770648e-06,
                1.337035012277968e-06,
                3.5046045574964966e-07,
                8.644070327666463e-08,
                2.0061275095688808e-08,
                4.380650807839561e-09,
                8.999916038258833e-10,
                1.7395577031838408e-10,
                3.1631632422444057e-11,
                5.410900637547644e-12,
                8.706958388373955e-13,
                1.3179442786777482e-13,
                1.8764929326819813e-14,
                2.5130587671322177e-15,
                3.165567397243349e-16,
                3.7504371788673023e-17,
                4.179098664136656e-18,
                4.379691152953026e-19,
                4.3167303603531596e-20,
                4.001363842960149e-21,
                3.4881455152186753e-22,
                2.859610685175609e-23,
                2.2046410510648413e-24,
                1.5983833544877675e-25,
                1.0897578175917431e-26,
                6.9868173263301635e-28,
                4.212344904242667e-29,
                2.388134511026274e-30,
                1.2731498583609164e-31,
                6.382370994094331e-33,
                3.0085868809136847e-34,
                1.333575390756022e-35,
                5.558324195627606e-37,
                2.1784043580647108e-38,
                8.027840073078957e-40,
                2.781775030012831e-41,
                9.063711215582304e-43,
                2.7768265162160744e-44,
                7.999228608214815e-46,
                2.166717739068065e-47,
                5.518356841780373e-49,
                1.32150529669597e-50,
                2.9756258286692727e-52,
                6.29994454025556e-54,
                1.2541311152031493e-55,
                2.347447459659915e-57,
                4.131374257281764e-59,
                6.836565807759524e-61,
                1.0637153210611314e-62,
                1.5561663175824023e-64,
                2.1405682282826326e-66,
                2.768496329226214e-68,
                3.366666057978833e-70,
                3.849433206725785e-72,
                4.1384116539479386e-74,
                4.183215854895442e-76
            ],
            "incorrect": [
                2.140986373499209,
                2.4492166086663856,
                2.6407437477755704,
                2.708402401716657,
                2.676500782540803,
                2.5945952187770582,
                2.52766492302878,
                2.5468178238690466,
                2.719497181482801,
                3.094115490742374,
                3.6768495669895356,
                4.408239237411692,
                5.156679042450443,
                5.744365754215844,
                6.004971824218986,
                5.850209068801909,
                5.311175017868994,
                4.530564130719232,
                3.708007169039654,
                3.025311759768917,
                2.5859247854296736,
                2.3917768205251244,
                2.3608685426103073,
                2.3721989426896193,
                2.3167837620382543,
                2.134796381956116,
                1.8271476165916247,
                1.4417383254622973,
                1.0451871884419786,
                0.6950337588500628,
                0.42364007225276534,
                0.23659574645454698,
                0.12104575270496347,
                0.0567248647873166,
                0.02434692194151364,
                0.00957051983381218,
                0.003445300900053342,
                0.0011357992638312358,
                0.00034288134857483074,
                9.47852965484586e-05,
                2.3992831006067768e-05,
                5.561031790232874e-06,
                1.1801949918015836e-06,
                2.2933421863993813e-07,
                4.080315805676886e-08,
                6.646950720867649e-09,
                9.9140148365394e-10,
                1.35384950782856e-10,
                1.692703137930433e-11,
                1.937658080057959e-12,
                2.0307488572062715e-13,
                1.9485663535150685e-14,
                1.711794421820902e-15,
                1.3767759078333165e-16,
                1.0137905354658068e-17,
                6.834470032448591e-19,
                4.218243127720918e-20,
                2.3835662128994316e-21,
                1.233077963626853e-22,
                5.8401035555175845e-24,
                2.5323070840029533e-25,
                1.0052572742577137e-26,
                3.6534437750368784e-28,
                1.2156019286767581e-29,
                3.7029133872781355e-31,
                1.0326626862266674e-32,
                2.6365485067632666e-34,
                6.162756939671852e-36,
                1.3187910501595392e-37,
                2.583677749131413e-39,
                4.634062196692781e-41,
                7.609328237272084e-43,
                1.1439091595197356e-44,
                1.5743357285526075e-46,
                1.9836434666352268e-48,
                2.288180101038976e-50,
                2.4164455020914536e-52,
                2.3362747747232958e-54,
                2.0679063321663705e-56,
                1.6757057472988792e-58,
                1.2431528841011998e-60,
                8.443279242513882e-63,
                5.249978693894403e-65,
                2.988571572855626e-67,
                1.5575050880444244e-69,
                7.431131473610124e-72,
                3.2459366795757693e-74,
                1.2980300384413661e-76,
                4.752137732571221e-79,
                1.5927692136637752e-81,
                4.887381319119032e-84,
                1.3729639020402528e-86,
                3.531030931486666e-89,
                8.313873674926078e-92,
                1.7921105903317542e-94,
                3.536597758004466e-97,
                6.389487076040524e-100,
                1.05683158715473e-102,
                1.6003133509419599e-105,
                2.2185218992433352e-108
            ],
            "correctMedian": 0.1443462278990397,
            "incorrectMedian": 0.1443462278990397
        },
        "6": {
            "correct": [
                0.5493744971191099,
                0.7537281837304789,
                1.0110967372795892,
                1.327548588153046,
                1.7066298990857363,
                2.1473377460636143,
                2.64178168555569,
                3.17312035212465,
                3.714603006708638,
                4.230545995313147,
                4.679730212456222,
                5.021050563545034,
                5.2204696825145644,
                5.257712547109465,
                5.130954731346602,
                4.858130210127212,
                4.474328602337428,
                4.025794704778469,
                3.561937403823271,
                3.1272161823768965,
                2.7546839789590893,
                2.4624006006205645,
                2.2531085727153304,
                2.1167485502700414,
                2.034805786393178,
                1.9852425390246882,
                1.9468870482089315,
                1.902524833404048,
                1.8404241473512002,
                1.754469284610619,
                1.6433562520122353,
                1.5093775262279352,
                1.3572151153214156,
                1.1929590500847294,
                1.023373146163137,
                0.8553162718425291,
                0.6952174780186392,
                0.5485673602392752,
                0.41946880964945743,
                0.3103364143219608,
                0.22182305680585948,
                0.15299624386712593,
                0.10171746836255958,
                0.06512795656622494,
                0.040131064158641046,
                0.02378361771644562,
                0.013550372723083886,
                0.007418799570686615,
                0.0039020385377692354,
                0.001971144847183347,
                0.0009561585944173537,
                0.0004453059590719563,
                0.00019909067573060384,
                8.544071491392694e-05,
                3.5193853675178934e-05,
                1.3913300734518807e-05,
                5.278783112166083e-06,
                1.9220337872510113e-06,
                6.715811149096981e-07,
                2.2518301467486996e-07,
                7.245428658766716e-08,
                2.2370575929593764e-08,
                6.627802485069486e-09,
                1.8842435241241352e-09,
                5.140155012392094e-10,
                1.3455022428071208e-10,
                3.379554997243369e-11,
                8.14516308024904e-12,
                1.883665826988468e-12,
                4.1799458321477836e-13,
                8.90019041711543e-14,
                1.8183986377035656e-14,
                3.564835507977849e-15,
                6.705791515305586e-16,
                1.2103762624276883e-16,
                2.096284693604185e-17,
                3.483689309437831e-18,
                5.555046176069945e-19,
                8.499529590352952e-20,
                1.247845880562817e-20,
                1.7578659677539474e-21,
                2.3761247680616847e-22,
                3.081848877818592e-23,
                3.835411822733298e-24,
                4.580060285672341e-25,
                5.247940271321169e-26,
                5.769856937593337e-27,
                6.086948947558973e-28,
                6.161588777951426e-29,
                5.9847248105421686e-30,
                5.5776861660540715e-31,
                4.987953194504193e-32,
                4.280052179737507e-33,
                3.5239858171316324e-34,
                2.784053840589989e-35,
                2.1104715116745423e-36,
                1.5351108536236286e-37,
                1.0714166026890696e-38,
                7.175222640803944e-40,
                4.61074144670584e-41
            ],
            "incorrect": [
                2.484948759243577,
                2.5468177965266263,
                2.471894564375051,
                2.3216809684574455,
                2.189561043941037,
                2.178975868355908,
                2.378550315913181,
                2.8378309632584497,
                3.546615514006751,
                4.423523813779319,
                5.322441888323725,
                6.0629786704265625,
                6.480690055732715,
                6.479668236244165,
                6.064146113906673,
                5.333586247117117,
                4.443870962972822,
                3.5540086971441305,
                2.78242293391531,
                2.1877990537850174,
                1.774498294339218,
                1.511825232517223,
                1.3547543413707468,
                1.2587579760256744,
                1.187558208900027,
                1.116001238729818,
                1.030407490915939,
                0.9274741973858198,
                0.8118711371124503,
                0.6926776424109113,
                0.5793793868168778,
                0.47859777697602085,
                0.39259727185605653,
                0.3198738115422548,
                0.2571669302054163,
                0.2016445360726105,
                0.15214938074472728,
                0.10913190436094855,
                0.07369299364620471,
                0.046521675097912316,
                0.027325277069256606,
                0.014886234851448438,
                0.007506380377401863,
                0.003498927894711949,
                0.001506390536458546,
                0.0005987003074297051,
                0.0002195864588837807,
                7.430768265026493e-05,
                2.319719671976244e-05,
                6.679958523107951e-06,
                1.774291065288584e-06,
                4.346841022981614e-07,
                9.822246996369036e-08,
                2.047057453492089e-08,
                3.934842893741581e-09,
                6.975903335536841e-10,
                1.1406374083377882e-10,
                1.720156057095889e-11,
                2.392547223033031e-12,
                3.0692000915621737e-13,
                3.631295861819012e-14,
                3.962503370720379e-15,
                3.987944660158192e-16,
                3.701689610665646e-17,
                3.1689999385497264e-18,
                2.502164087517266e-19,
                1.8221354144493204e-20,
                1.2238179149232791e-21,
                7.580960800476147e-23,
                4.3311475395558806e-24,
                2.282196235228147e-25,
                1.1091090996544349e-26,
                4.971264015549296e-28,
                2.055089137012704e-29,
                7.835483015838309e-31,
                2.755320718847199e-32,
                8.93613696181665e-34,
                2.6729987094012713e-35,
                7.3742686566598295e-37,
                1.8763352434983602e-38,
                4.403248444787932e-40,
                9.530314191788992e-42,
                1.9024467978111275e-43,
                3.5025883295947586e-45,
                5.9475341707653e-47,
                9.314425411739284e-49,
                1.3453846443021565e-50,
                1.792289405069445e-52,
                2.2021205123849797e-54,
                2.4954294774659695e-56,
                2.608079306661427e-58,
                2.514013233960382e-60,
                2.235041541358521e-62,
                1.832630513340819e-64,
                1.38591150774101e-66,
                9.66645786578307e-69,
                6.2182832025554676e-71,
                3.6893079392313064e-73,
                2.018787417385722e-75,
                1.0188436564714422e-77
            ],
            "correctMedian": 0.12538419621822194,
            "incorrectMedian": 0.12538419621822194
        },
        "4": {
            "correct": [
                0.4433460345481636,
                0.9011534699736631,
                1.617242787836989,
                2.5741817228204673,
                3.655237597354111,
                4.664178977593966,
                5.398575147277119,
                5.743503637853667,
                5.739530137890892,
                5.589896192844883,
                5.586982879958921,
                5.96316011078043,
                6.726446029102215,
                7.594985657019508,
                8.114816072806965,
                7.9133453812657235,
                6.916714146366324,
                5.376883729709011,
                3.7073461581367164,
                2.26590579404221,
                1.2278011815345693,
                0.5899246660719553,
                0.2512999667985968,
                0.09485882022864355,
                0.031698159170864104,
                0.009364811736973015,
                0.0024424127523409575,
                0.0005614403461620193,
                0.00011357227514831871,
                2.018780150346637e-05,
                3.149072854561783e-06,
                4.3058307428851823e-07,
                5.155738694165448e-08,
                5.401752819534556e-09,
                4.948824693342022e-10,
                3.962428990988728e-11,
                2.771581021053089e-12,
                1.692984367262905e-13,
                9.028614652129209e-15,
                4.2028166049272473e-16,
                1.7074148676039127e-17,
                6.05286226926322e-19,
                1.8722412148490665e-20,
                5.052518822772758e-22,
                1.1895224478799199e-23,
                2.4430663426524397e-25,
                4.377032395193049e-27,
                6.840592154705825e-29,
                9.32539887728695e-31,
                1.1089026741547445e-32,
                1.150180325064052e-34,
                1.0405918689193085e-36,
                8.211706618856021e-39,
                5.652261193291909e-41,
                3.393475573426265e-43,
                1.7770486490721183e-45,
                8.116797956030876e-48,
                3.2337020998627707e-50,
                1.1236844794820607e-52,
                3.4057853458833924e-55,
                9.00364216986206e-58,
                2.0760934299204712e-60,
                4.1754472690582287e-63,
                7.324641012617929e-66,
                1.1207190496261233e-68,
                1.4956642259653568e-71,
                1.7409981233475963e-74,
                1.7676214738120233e-77,
                1.5653337361047881e-80,
                1.2090695579971806e-83,
                8.145584584663065e-87,
                4.786519489132967e-90,
                2.4532623103110234e-93,
                1.096717332570421e-96,
                4.276337562756138e-100,
                1.4543729732294663e-103,
                4.3142583262307475e-107,
                1.1162539935139087e-110,
                2.5191059282976314e-114,
                4.958568936010636e-118,
                8.513199269583824e-122,
                1.274840227309798e-125,
                1.665118836168327e-129,
                1.8969733146753217e-133,
                1.8849668714237456e-137,
                1.6337015972065604e-141,
                1.2350036935440242e-145,
                8.143109781588037e-150,
                4.683158248876874e-154,
                2.3491669743996237e-158,
                1.027816179294563e-162,
                3.9223245159859105e-167,
                1.305563814386337e-171,
                3.790348964236225e-176,
                9.598133723478237e-181,
                2.1199269992445975e-185,
                4.083960423935428e-190,
                6.862283448731687e-195,
                1.0057320489701916e-199,
                1.2856490572554723e-204
            ],
            "incorrect": [
                0.5755633300937038,
                1.030073866124612,
                1.666246463469635,
                2.4285441064564948,
                3.1864073048009627,
                3.7753670375163573,
                4.08163315680008,
                4.1240512360340675,
                4.076654167055178,
                4.205468090699027,
                4.739153966471783,
                5.727746528169307,
                6.962470185666662,
                8.023260258938532,
                8.463117945922871,
                8.039170871381147,
                6.841382903554339,
                5.229954747427414,
                3.6342876186142954,
                2.3584712804947565,
                1.5034439743637649,
                1.0098117445912822,
                0.7523929618278118,
                0.6179052233836457,
                0.5375544922501704,
                0.4824432695268034,
                0.44413801546349985,
                0.41871745302507846,
                0.4006450203778874,
                0.38355419964752446,
                0.3631682007323074,
                0.33955876507107,
                0.3169749633895659,
                0.3001793427948751,
                0.2891694703981684,
                0.2770938817157853,
                0.25434300469800625,
                0.21586683798356188,
                0.16530227645281415,
                0.11257295336517219,
                0.06765071722435183,
                0.03573132515852479,
                0.016553214303310197,
                0.006719404282095129,
                0.0023887716627961804,
                0.000743540612234093,
                0.00020261271221151342,
                4.833188057155679e-05,
                1.0092350797080616e-05,
                1.8447434922983505e-06,
                2.9516261434047507e-07,
                4.133964921850901e-08,
                5.068173712453147e-09,
                5.438949920650803e-10,
                5.1092516218364986e-11,
                4.201245758155491e-12,
                3.023969436208431e-13,
                1.9052641605731976e-14,
                1.0507792236203482e-15,
                5.072782342232213e-17,
                2.1436774968012794e-18,
                7.929597387426158e-20,
                2.5675640875681024e-21,
                7.277293898815665e-23,
                1.8054979640569785e-24,
                3.921051603181872e-26,
                7.4539517823333125e-28,
                1.2403637535601373e-29,
                1.806716540091373e-31,
                2.3036125749458038e-33,
                2.57103108222369e-35,
                2.5117920398882176e-37,
                2.1480208809606726e-39,
                1.6079472015753167e-41,
                1.0536188596524919e-43,
                6.043294432206951e-46,
                3.034187662151494e-48,
                1.333489463913052e-50,
                5.1299744899219545e-53,
                1.727504902925405e-55,
                5.092157619908306e-58,
                1.31390163744534e-60,
                2.967579319764454e-63,
                5.867056686443599e-66,
                1.0153521645275188e-68,
                1.5381248190520215e-71,
                2.039599642770369e-74,
                2.3674277875133665e-77,
                2.4053984162249496e-80,
                2.139320076645652e-83,
                1.6654936428706808e-86,
                1.1349811745380394e-89,
                6.770376231528733e-93,
                3.5352116081419923e-96,
                1.6158330701104808e-99,
                6.464814030054924e-103,
                2.264091876947979e-106,
                6.940815867067852e-110,
                1.8625393892906538e-113,
                4.375008239234878e-117
            ],
            "correctMedian": 0.14358391656959882,
            "incorrectMedian": 0.14358391656959882
        },
        "8": {
            "correct": [
                1.720778763943827,
                1.7821286864653676,
                1.834186953977994,
                1.8762064400069491,
                1.907648888370619,
                1.9282035032898026,
                1.9377980821716703,
                1.9366022071005145,
                1.925022376833981,
                1.9036893285425085,
                1.8734381454328004,
                1.8352820524319255,
                1.7903810503130453,
                1.740006716601463,
                1.6855046022207254,
                1.628255674674458,
                1.5696382056465088,
                1.5109913821636043,
                1.453581748742876,
                1.3985733787620012,
                1.3470024434488697,
                1.299756613064856,
                1.2575595022710317,
                1.2209601729675652,
                1.1903275423292339,
                1.1658494166847169,
                1.1475357846638021,
                1.1352259532705218,
                1.1285990926539717,
                1.1271877614115515,
                1.1303940049941252,
                1.137507645650139,
                1.147726404606661,
                1.1601775088402249,
                1.1739404313102972,
                1.1880703933098928,
                1.2016222220894504,
                1.2136741104581728,
                1.2233507743520007,
                1.2298454576698483,
                1.2324401999641754,
                1.2305237703938257,
                1.223606687881199,
                1.2113327975611605,
                1.1934869593245405,
                1.1699985241924642,
                1.1409404237092715,
                1.10652386876977,
                1.0670888371344132,
                1.0230907116100416,
                0.9750836012313261,
                0.9237010240722046,
                0.8696347424378555,
                0.8136126114901909,
                0.7563763262983815,
                0.6986599287784047,
                0.6411698673551602,
                0.584567293987987,
                0.529453143606546,
                0.4763563800300305,
                0.42572562108766304,
                0.3779241849873512,
                0.3332284402651254,
                0.29182920164403603,
                0.2538358005299843,
                0.2192823759813164,
                0.18813588163667624,
                0.16030528573572947,
                0.1356514524180076,
                0.11399722869831161,
                0.09513731752924467,
                0.07884758721878488,
                0.06489354514033749,
                0.05303778348817507,
                0.043046281844715026,
                0.03469352155030265,
                0.02776642740272131,
                0.022067201276253563,
                0.017415149097705165,
                0.013647627418058457,
                0.010620249471504023,
                0.008206494544165494,
                0.006296860433352885,
                0.004797688653272029,
                0.003629777702900337,
                0.0027268828803540127,
                0.0020341832997289064,
                0.0015067791557308518,
                0.0011082658058448264,
                0.0008094165279834892,
                0.0005869932310361161,
                0.0004226940929035741,
                0.00030223904683698984,
                0.0002145880756185432,
                0.00015128316384430642,
                0.0001059022152766217,
                7.361196463467471e-05,
                5.0806610351902463e-05,
                3.481930148683336e-05,
                2.369449836126995e-05
            ],
            "incorrect": [
                3.913091218356632,
                4.146233298949067,
                4.3032885185361724,
                4.375883879690398,
                4.361002767009271,
                4.261280023657144,
                4.084696010432993,
                3.8437167663811262,
                3.55400669364142,
                3.232895407455439,
                2.897802574027303,
                2.564812172919351,
                2.2475463337621684,
                1.9564295643038634,
                1.6983697675623908,
                1.4768248116027598,
                1.2921809319541269,
                1.142345658420695,
                1.0234526317339518,
                0.9305848456981813,
                0.8584412890819062,
                0.8018945032831984,
                0.7564091212753229,
                0.7183113659723083,
                0.6849154468022983,
                0.6545244339378947,
                0.6263306828900164,
                0.6002446554962555,
                0.576681584778419,
                0.5563334940109835,
                0.5399503090331123,
                0.5281489270604466,
                0.5212637967044279,
                0.5192473471201634,
                0.5216238032970523,
                0.5274956704560119,
                0.5355984640049097,
                0.5443960623168653,
                0.5522063663185823,
                0.5573448433528798,
                0.5582721750530935,
                0.5537318255304047,
                0.5428640872127986,
                0.5252851578251744,
                0.5011230269503668,
                0.4710062011040772,
                0.43600618072389474,
                0.39753956911221733,
                0.35724010277682117,
                0.3168141275159856,
                0.27789463379803425,
                0.24190868751407446,
                0.20997102849721766,
                0.18281312094806468,
                0.16075258354315156,
                0.14370332960000545,
                0.1312224849847161,
                0.12258666364874846,
                0.11688774233903695,
                0.113137013117599,
                0.11036652147947945,
                0.1077174592961301,
                0.1045075484141388,
                0.10027221456793312,
                0.09477770588486839,
                0.08800775339486776,
                0.08012844444800671,
                0.0714382464638157,
                0.06231125539537323,
                0.053141623039186715,
                0.04429584427732064,
                0.036077474490820056,
                0.028706348722229897,
                0.022311965705870004,
                0.016938781190013068,
                0.01255997062721358,
                0.009095831749002735,
                0.0064332984467861025,
                0.004443814504840761,
                0.002997814344780431,
                0.00197504608710922,
                0.0012707832843020595,
                0.0007985207832974481,
                0.0004900276288680818,
                0.0002936797148158941,
                0.00017188817042013949,
                9.825087551877566e-05,
                5.484601765228614e-05,
                2.9900047939588146e-05,
                1.5919033957110423e-05,
                8.277125141756867e-06,
                4.203008679959771e-06,
                2.08429402144086e-06,
                1.009428572672732e-06,
                4.774304440689111e-07,
                2.2052738211352273e-07,
                9.947932457272649e-08,
                4.3824909068789264e-08,
                1.8855024763120603e-08,
                7.922296218921442e-09
            ],
            "correctMedian": 0.10913734276321467,
            "incorrectMedian": 0.036717480427965875
        },
        "5": {
            "correct": [
                0.6922992808646461,
                0.9701359082173918,
                1.3161130139258075,
                1.7285779582257847,
                2.198066028496658,
                2.7063316500712427,
                3.226715797059771,
                3.72614151594245,
                4.168702578117113,
                4.520414632966465,
                4.754338420132199,
                4.855073440349382,
                4.82164061818085,
                4.668044081386796,
                4.421270487890582,
                4.117033467117558,
                3.7940591854485306,
                3.48801341358797,
                3.226221239866152,
                3.024127818658881,
                2.8840549218792795,
                2.7963250624144376,
                2.7423631554431727,
                2.6990387861574194,
                2.6433401748188072,
                2.556493083495662,
                2.42683335738624,
                2.2510564686515373,
                2.0338260522843132,
                1.786045866081267,
                1.522319181569875,
                1.2581988263693564,
                1.0077698150109156,
                0.7819393067076413,
                0.5875920153148904,
                0.4275632277007434,
                0.3012325829395193,
                0.20547181028244088,
                0.13568538983905248,
                0.08674268575205583,
                0.05368391450711572,
                0.032163425328559314,
                0.01865452527067185,
                0.01047388915081057,
                0.005692884607214099,
                0.002995412516328143,
                0.00152573901107195,
                0.0007523204950385595,
                0.00035910740777990446,
                0.00016593749625680245,
                7.422724081529253e-05,
                3.2142574837697054e-05,
                1.3473999869700722e-05,
                5.46777859937263e-06,
                2.1479481624351825e-06,
                8.168365375963925e-07,
                3.0070800837746845e-07,
                1.0716508383072054e-07,
                3.697090611379538e-08,
                1.2347111015566881e-08,
                3.991802830979867e-09,
                1.2493130618835133e-09,
                3.7850528608813015e-10,
                1.1101229649200781e-10,
                3.15187288414516e-11,
                8.662929301607755e-12,
                2.3049383580010514e-12,
                5.936798783548215e-13,
                1.480279800225505e-13,
                3.573006160889666e-14,
                8.348764028804871e-15,
                1.8884655921388284e-15,
                4.1351801600876384e-16,
                8.765531677173953e-17,
                1.7987075622987696e-17,
                3.57306837084429e-18,
                6.871009696795392e-19,
                1.2790816406327594e-19,
                2.3050186207753227e-20,
                4.021138945706401e-21,
                6.790819555359502e-22,
                1.110180948560643e-22,
                1.7569678673816733e-23,
                2.691735216228502e-24,
                3.9920808011457003e-25,
                5.731453568283874e-26,
                7.965787245581552e-27,
                1.0717440872955293e-27,
                1.3958924508592438e-28,
                1.7599944155906938e-29,
                2.148172190363814e-30,
                2.5381971912984342e-31,
                2.9032210047155436e-32,
                3.214647106021396e-33,
                3.445759644493641e-34,
                3.5754863579691457e-35,
                3.591565071030773e-36,
                3.492455025460006e-37,
                3.287580334607354e-38,
                2.99585227607486e-39
            ],
            "incorrect": [
                2.6528156676868653,
                2.6551508825053736,
                2.4160023264203683,
                2.083313675136421,
                1.869003966024104,
                1.9864705615315505,
                2.5903770424117822,
                3.7170624304511146,
                5.230657363801801,
                6.8124601849656345,
                8.041152643303057,
                8.559545277808656,
                8.241181306241275,
                7.243609298282923,
                5.908947406545362,
                4.585304440728831,
                3.4890594621805895,
                2.674603706145601,
                2.090140361818389,
                1.654629279782335,
                1.3074183618102766,
                1.020600388946963,
                0.788588555004371,
                0.6126429852586637,
                0.4905464153639973,
                0.4136451177737016,
                0.3690984422794149,
                0.3439433185842672,
                0.32794591393878914,
                0.3137687861386113,
                0.29548832678782655,
                0.2680633612829484,
                0.22900904451903306,
                0.18051827290294797,
                0.12922987646090836,
                0.08309862607564955,
                0.04765649097958046,
                0.024268277777797564,
                0.010944565582118666,
                0.004364393033614003,
                0.0015375133396281783,
                0.00047824805002981126,
                0.00013130859278666983,
                3.181715410783474e-05,
                6.8031964131829455e-06,
                1.2835781471488469e-06,
                2.1368512975183107e-07,
                3.138776077736765e-08,
                4.067948316106258e-09,
                4.6517535504245926e-10,
                4.693345046067247e-11,
                4.178032596303539e-12,
                3.2815888156164943e-13,
                2.2741503836906848e-14,
                1.3905182413132618e-15,
                7.501646362935281e-17,
                3.5707447656906806e-18,
                1.4996272318034296e-19,
                5.556868203023072e-21,
                1.8167665740674687e-22,
                5.240713458468729e-24,
                1.3338406361489305e-25,
                2.9952957958827285e-27,
                5.934685805420269e-29,
                1.0374758283131087e-30,
                1.600222908332641e-32,
                2.177735947721323e-34,
                2.6148826109567463e-36,
                2.7702656317181944e-38,
                2.5894818503688086e-40,
                2.1356327333183355e-42,
                1.5540411205088318e-44,
                9.977475814688169e-47,
                5.651986310935348e-49,
                2.8249044253692077e-51,
                1.2457435771337752e-53,
                4.847030968050316e-56,
                1.6639687749328662e-58,
                5.04007257573289e-61,
                1.3469474368389102e-63,
                3.1760457245919176e-66,
                6.607620384386356e-69,
                1.2129018611050943e-71,
                1.9643934648749104e-74,
                2.807071914109323e-77,
                3.539165218670641e-80,
                3.937044971837789e-83,
                3.864222759658588e-86,
                3.346387063076427e-89,
                2.5568922758410452e-92,
                1.7237367062105992e-95,
                1.0253016789336121e-98,
                5.3808966077313064e-102,
                2.4916088576184643e-105,
                1.017952058635565e-108,
                3.669416622068828e-112,
                1.1670486563584981e-115,
                3.274938448787532e-119,
                8.10848207795179e-123,
                1.771324870020458e-126
            ],
            "correctMedian": 0.10998743037009766,
            "incorrectMedian": 0.10998743037009766
        },
        "1": {
            "correct": [
                4.0323038615558235e-10,
                7.142494130685031e-09,
                1.0520676446264609e-07,
                1.2886487851634675e-06,
                1.3125703961933517e-05,
                0.00011117516273892782,
                0.0007830510526787215,
                0.004586374616293529,
                0.02233809573304718,
                0.09047322350202879,
                0.3047135135794744,
                0.8534198506942265,
                1.9876469517066109,
                3.8498513793276685,
                6.202424320866726,
                8.317756583817443,
                9.309849617821257,
                8.782622253562936,
                7.224811180499756,
                5.7264136948009465,
                5.229539380376448,
                5.909638342160725,
                7.102737415631978,
                7.790967325144401,
                7.307490608799208,
                5.7438086361800424,
                3.7621707741891837,
                2.050308064493055,
                0.9293144815440544,
                0.35028465347621823,
                0.10979470601732173,
                0.02861805395549808,
                0.006202921296898139,
                0.001118020244219778,
                0.00016757152449016868,
                2.0885645985651138e-05,
                2.1646751805093188e-06,
                1.865669429403988e-07,
                1.337130468234811e-08,
                7.969113390081172e-10,
                3.9495112896231435e-11,
                1.6276980556295375e-12,
                5.578294795326209e-14,
                1.5897403975122615e-15,
                3.7674551506621954e-17,
                7.424498150917618e-19,
                1.2166992705479841e-20,
                1.6580458035104768e-22,
                1.878914126624209e-24,
                1.770575585467495e-26,
                1.3874557560518646e-28,
                9.041093204421905e-31,
                4.899140354269367e-33,
                2.2075774475352348e-35,
                8.27197375012705e-38,
                2.5775047737425376e-40,
                6.678623185816857e-43,
                1.4390355908675934e-45,
                2.578417626602925e-48,
                3.84177671077961e-51,
                4.760012677014354e-54,
                4.9043474581283815e-57,
                4.201955846285035e-60,
                2.993773018204243e-63,
                1.7737131552875084e-66,
                8.738663899451296e-70,
                3.580171384087139e-73,
                1.2197188332233024e-76,
                3.4555149333155194e-80,
                8.140722493792982e-84,
                1.5948148049658967e-87,
                2.598093034943844e-91,
                3.519624000049118e-95,
                3.96492497659183e-99,
                3.7142472423907105e-103,
                2.893368685846949e-107,
                1.8742774325282766e-111,
                1.0096273505958537e-115,
                4.5225717936753506e-120,
                1.6846394417686393e-124,
                5.2182585202542584e-129,
                1.344130231621762e-133,
                2.879083358780094e-138,
                5.128191815719161e-143,
                7.595763164739238e-148,
                9.355687362147541e-153,
                9.582462272422039e-158,
                8.16160678651851e-163,
                5.780579100835114e-168,
                3.404584842701967e-173,
                1.6674549375573062e-178,
                6.791116529816627e-184,
                2.2999870517098215e-189,
                6.477489703419809e-195,
                1.5169986816946067e-200,
                2.954342263051471e-206,
                4.784466774614813e-212,
                6.443226679600221e-218,
                7.215566107309678e-224,
                6.719462602016533e-230
            ],
            "incorrect": [
                2.2961223411093483,
                2.82419889875111,
                3.260043051323312,
                3.5510268668147544,
                3.6689457088896984,
                3.6133748995191346,
                3.411308576396503,
                3.1168113710231764,
                2.810803990233674,
                2.5964353613696205,
                2.5833723889611515,
                2.8572649803298,
                3.439393116356338,
                4.253400065184536,
                5.123072869540775,
                5.817218540572544,
                6.132561526456455,
                5.976995531686933,
                5.406664208565392,
                4.593556216931688,
                3.7421769989855003,
                3.003864316992839,
                2.4338052912080994,
                2.004066673198587,
                1.651467028089589,
                1.3250478716677359,
                1.008473649168498,
                0.7146521948584373,
                0.4662325672620003,
                0.27824920302725425,
                0.1513957147989373,
                0.07496680999204351,
                0.033752037371423696,
                0.013810201025425161,
                0.005134080565053814,
                0.001733936512405609,
                0.0005319651945229715,
                0.00014825115947102817,
                3.7529279166303185e-05,
                8.629698583136013e-06,
                1.802487406154132e-06,
                3.419786327686738e-07,
                5.89352665437259e-08,
                9.22573077520128e-09,
                1.3118234349169275e-09,
                1.6943338613601538e-10,
                1.987794783336668e-11,
                2.1183271315216267e-12,
                2.0505172317998577e-13,
                1.802946014882313e-14,
                1.4399616427554437e-15,
                1.0446432999092444e-16,
                6.8838915574058475e-18,
                4.1204904716539953e-19,
                2.2403336635382153e-20,
                1.1064336906921123e-21,
                4.9634879796543704e-23,
                2.0225415559065153e-24,
                7.486120763552359e-26,
                2.5168950113192283e-27,
                7.686387360305765e-29,
                2.1322019221711353e-30,
                5.372584933827006e-32,
                1.2296659438958493e-33,
                2.5564652670356946e-35,
                4.8277141116282024e-37,
                8.281177386437076e-39,
                1.2903024651459003e-40,
                1.8261643592121846e-42,
                2.347670236468379e-44,
                2.7414682569243975e-46,
                2.9078918161999144e-48,
                2.8017034494536865e-50,
                2.451969030105032e-52,
                1.9492012990460284e-54,
                1.4074964231092226e-56,
                9.231808849800905e-59,
                5.500158480222689e-61,
                2.9765453181812465e-63,
                1.4631831491751649e-65,
                6.533317719983533e-68,
                2.649828474521357e-70,
                9.762266123102131e-73,
                3.2668742552387425e-75,
                9.930316495172812e-78,
                2.7418434748758103e-80,
                6.876558189627381e-83,
                1.566565227323127e-85,
                3.241714312276871e-88,
                6.093262534024098e-91,
                1.0403367461048064e-93,
                1.6134179440947491e-96,
                2.2728392617950123e-99,
                2.908301713160583e-102,
                3.3803299346124606e-105,
                3.568844451437466e-108,
                3.422512506941352e-111,
                2.981339019674907e-114,
                2.3589926105938578e-117,
                1.6954722766197027e-120
            ],
            "correctMedian": 0.16246131020936969,
            "incorrectMedian": 0.16246131020936969
        }
    },
    "globalMetrics": {
        "testWeight": 73,
        "targetAvg": [
            0.1095890410958904,
            0.1506849315068493,
            0.136986301369863,
            0.1506849315068493,
            0.1232876712328767,
            0.136986301369863,
            0.0410958904109589,
            0.1506849315068493
        ],
        "targetStd": [
            0.3145386319505849,
            0.360217252220885,
            0.34621238235890717,
            0.360217252220885,
            0.3310423554409472,
            0.34621238235890717,
            0.19988581215169668,
            0.36021725222088496
        ],
        "predictionAvg": [
            0.12138092065197267,
            0.13867765538292437,
            0.13112853034960392,
            0.12413566498882318,
            0.12652008256151684,
            0.11683413150165103,
            0.10686892109958507,
            0.13445409346392287
        ],
        "predictionStd": [
            0.0935710712653547,
            0.058648530266903684,
            0.07198752752455116,
            0.07831510078645858,
            0.058123832150100446,
            0.15124302602182219,
            0.06394295140817485,
            0.07091319588018308
        ]
    }
}