{
  "state": "DONE",
  "preSearchDescription": {
    "gridLength": 2,
    "searchStrategy": "GRID",
    "importantParams": [
      {
        "name": "trees",
        "vals": [
          "100"
        ]
      },
      {
        "name": "depth",
        "vals": [
          "6",
          "13"
        ]
      },
      {
        "name": "min_samples",
        "vals": [
          "1"
        ]
      }
    ]
  },
  "postSearchDescription": {
    "importantParams": [
      {
        "name": "trees",
        "val": "100"
      },
      {
        "name": "depth",
        "val": "6"
      },
      {
        "name": "min_samples",
        "val": "1"
      }
    ]
  },
  "resumed": false,
  "timeOrderingEnabled": false,
  "sampleWeightsEnabled": false,
  "modelId": "m1",
  "progress": {
    "top_level_todo": [],
    "stack": [],
    "top_level_done": [
      {
        "name": "Loading train set",
        "time": 17
      },
      {
        "name": "Loading test set",
        "time": 10
      },
      {
        "name": "Collecting statistics",
        "time": 13
      },
      {
        "name": "Preprocessing train set",
        "time": 34
      },
      {
        "name": "Preprocessing test set",
        "time": 21
      },
      {
        "name": "Hyperparameter searching",
        "time": 4020
      },
      {
        "name": "Fitting model",
        "time": 156
      },
      {
        "name": "Saving model",
        "time": 53
      },
      {
        "name": "Scoring model",
        "time": 950
      }
    ]
  },
  "startTime": 1605796907792,
  "endTime": 1605796913257,
  "preprocessingTime": 98,
  "trainingTime": 5367,
  "hyperparamsSearchTime": 4020
}