{"global": {"size": 357, "facts": [{"type": "categorical", "feature_label": "Geschlecht", "cluster_label": "cluster_1", "category_value": "w", "global_ratio": 0.27450980392156865, "current_ratio": 1.0, "current_impact": 0.9328249818445897, "diff": -2.6428571428571423}, {"type": "numerical", "feature_label": "Gewicht", "cluster_label": "cluster_1", "mean": 57.34375, "std": 5.700081351994447, "diff": -1.0585822816057855, "global_mean": 68.22881355932203, "global_std": 10.282680664945813}, {"type": "numerical", "feature_label": "Gr\u00f6\u00dfe", "cluster_label": "cluster_1", "mean": 166.90625, "std": 4.828406369032761, "diff": -1.0516446073066963, "global_mean": 174.64705882352942, "global_std": 7.360669916193399}, {"type": "numerical", "feature_label": "Geschafft_HF", "cluster_label": "cluster_1", "mean": 4.166666666666667, "std": 2.6571800956288345, "diff": -0.6092171332150412, "global_mean": 5.676470588235294, "global_std": 2.478268977106554}, {"type": "numerical", "feature_label": "Gewicht", "cluster_label": "cluster_0", "mean": 72.27906976744185, "std": 8.513865732598928, "diff": 0.3938910815277334, "global_mean": 68.22881355932203, "global_std": 10.282680664945813}, {"type": "numerical", "feature_label": "Gr\u00f6\u00dfe", "cluster_label": "cluster_0", "mean": 177.49425287356323, "std": 5.953059723776192, "diff": 0.38681180958407174, "global_mean": 174.64705882352942, "global_std": 7.360669916193399}, {"type": "categorical", "feature_label": "Geschlecht", "cluster_label": "cluster_0", "category_value": "m", "global_ratio": 0.7254901960784313, "current_ratio": 1.0, "current_impact": 0.9897951745754063, "diff": -0.3783783783783784}, {"type": "numerical", "feature_label": "Geschafft_HF", "cluster_label": "cluster_0", "mean": 5.877777777777778, "std": 2.3976944814690055, "diff": 0.08122895109533891, "global_mean": 5.676470588235294, "global_std": 2.478268977106554}, {"type": "numerical", "feature_label": "Alter", "cluster_label": "cluster_1", "mean": 30.125, "std": 7.966664417149995, "diff": 0.015013391424472859, "global_mean": 30.008403361344538, "global_std": 7.766175899830446}, {"type": "numerical", "feature_label": "Alter", "cluster_label": "cluster_0", "mean": 29.96551724137931, "std": 7.737628198377539, "diff": -0.005522166960725739, "global_mean": 30.008403361344538, "global_std": 7.766175899830446}]}, "clusters": [{"cluster": "cluster_0", "size": 259, "facts": [{"type": "numerical", "feature_label": "Gewicht", "cluster_label": "cluster_0", "mean": 72.27906976744185, "std": 8.513865732598928, "diff": 0.3938910815277334, "global_mean": 68.22881355932203, "global_std": 10.282680664945813}, {"type": "numerical", "feature_label": "Gr\u00f6\u00dfe", "cluster_label": "cluster_0", "mean": 177.49425287356323, "std": 5.953059723776192, "diff": 0.38681180958407174, "global_mean": 174.64705882352942, "global_std": 7.360669916193399}, {"type": "categorical", "feature_label": "Geschlecht", "cluster_label": "cluster_0", "category_value": "m", "global_ratio": 0.7254901960784313, "current_ratio": 1.0, "current_impact": 0.9897951745754063, "diff": -0.3783783783783784}]}, {"cluster": "cluster_1", "size": 98, "facts": [{"type": "categorical", "feature_label": "Geschlecht", "cluster_label": "cluster_1", "category_value": "w", "global_ratio": 0.27450980392156865, "current_ratio": 1.0, "current_impact": 0.9328249818445897, "diff": -2.6428571428571423}, {"type": "numerical", "feature_label": "Gewicht", "cluster_label": "cluster_1", "mean": 57.34375, "std": 5.700081351994447, "diff": -1.0585822816057855, "global_mean": 68.22881355932203, "global_std": 10.282680664945813}, {"type": "numerical", "feature_label": "Gr\u00f6\u00dfe", "cluster_label": "cluster_1", "mean": 166.90625, "std": 4.828406369032761, "diff": -1.0516446073066963, "global_mean": 174.64705882352942, "global_std": 7.360669916193399}]}]}