[
    {
        "variable": "Geschafft_HF",
        "per_cluster": [
            {
                "min": 1.0,
                "max": 9.0,
                "median": 5.0,
                "percentile25": 5.0,
                "percentile75": 8.0,
                "percentile9": 3.0,
                "percentile91": 9.0,
                "std": 2.384336748111529,
                "distribution": [
                    3,
                    0,
                    0,
                    0,
                    0,
                    0,
                    0,
                    5,
                    0,
                    0,
                    0,
                    0,
                    0,
                    0,
                    0,
                    10,
                    0,
                    0,
                    0,
                    0,
                    0,
                    0,
                    0,
                    0,
                    0,
                    0,
                    0,
                    0,
                    0,
                    0,
                    35,
                    0,
                    0,
                    0,
                    0,
                    0,
                    0,
                    0,
                    0,
                    0,
                    0,
                    0,
                    0,
                    0,
                    0,
                    5,
                    0,
                    0,
                    0,
                    0,
                    0,
                    0,
                    12,
                    0,
                    0,
                    0,
                    0,
                    0,
                    0,
                    20
                ],
                "max_ratio": 0.3888888888888889,
                "total_no_nan": 90,
                "total": 259,
                "cluster_name": "cluster_0"
            },
            {
                "min": 1.0,
                "max": 9.0,
                "median": 5.0,
                "percentile25": 1.75,
                "percentile75": 5.0,
                "percentile9": 1.0,
                "percentile91": 8.009999999999998,
                "std": 2.544056253745625,
                "distribution": [
                    3,
                    0,
                    0,
                    0,
                    0,
                    0,
                    0,
                    1,
                    0,
                    0,
                    0,
                    0,
                    0,
                    0,
                    0,
                    1,
                    0,
                    0,
                    0,
                    0,
                    0,
                    0,
                    0,
                    0,
                    0,
                    0,
                    0,
                    0,
                    0,
                    0,
                    5,
                    0,
                    0,
                    0,
                    0,
                    0,
                    0,
                    0,
                    0,
                    0,
                    0,
                    0,
                    0,
                    0,
                    0,
                    0,
                    0,
                    0,
                    0,
                    0,
                    0,
                    0,
                    1,
                    0,
                    0,
                    0,
                    0,
                    0,
                    0,
                    1
                ],
                "max_ratio": 0.4166666666666667,
                "total_no_nan": 12,
                "total": 98,
                "cluster_name": "cluster_1"
            }
        ],
        "type": "numerical",
        "scale": {
            "min": 1.0,
            "max": 9.0,
            "max_ratio": 0.4166666666666667
        },
        "global": {
            "min": 1.0,
            "max": 9.0,
            "median": 5.0,
            "percentile25": 5.0,
            "percentile75": 8.0,
            "percentile9": 2.0,
            "percentile91": 9.0,
            "std": 2.466090677474594,
            "distribution": [
                6,
                0,
                0,
                0,
                0,
                0,
                0,
                6,
                0,
                0,
                0,
                0,
                0,
                0,
                0,
                11,
                0,
                0,
                0,
                0,
                0,
                0,
                0,
                0,
                0,
                0,
                0,
                0,
                0,
                0,
                40,
                0,
                0,
                0,
                0,
                0,
                0,
                0,
                0,
                0,
                0,
                0,
                0,
                0,
                0,
                5,
                0,
                0,
                0,
                0,
                0,
                0,
                13,
                0,
                0,
                0,
                0,
                0,
                0,
                21
            ],
            "max_ratio": 0.39215686274509803,
            "total_no_nan": 102,
            "total": 357
        }
    },
    {
        "variable": "Alter",
        "per_cluster": [
            {
                "min": 20.0,
                "max": 66.0,
                "median": 29.0,
                "percentile25": 25.0,
                "percentile75": 32.0,
                "percentile9": 21.0,
                "percentile91": 38.51999999999998,
                "std": 7.69303054623696,
                "distribution": [
                    4,
                    5,
                    1,
                    3,
                    0,
                    7,
                    4,
                    6,
                    0,
                    6,
                    6,
                    9,
                    0,
                    3,
                    6,
                    7,
                    1,
                    0,
                    1,
                    3,
                    3,
                    0,
                    3,
                    1,
                    0,
                    0,
                    1,
                    0,
                    0,
                    0,
                    0,
                    3,
                    0,
                    0,
                    0,
                    0,
                    0,
                    1,
                    0,
                    2,
                    0,
                    0,
                    0,
                    0,
                    0,
                    0,
                    0,
                    0,
                    0,
                    0,
                    0,
                    0,
                    0,
                    0,
                    0,
                    0,
                    0,
                    0,
                    0,
                    1
                ],
                "max_ratio": 0.10344827586206896,
                "total_no_nan": 87,
                "total": 259,
                "cluster_name": "cluster_0"
            },
            {
                "min": 20.0,
                "max": 53.0,
                "median": 27.5,
                "percentile25": 25.0,
                "percentile75": 33.25,
                "percentile9": 21.79,
                "percentile91": 39.42,
                "std": 7.841197293781097,
                "distribution": [
                    1,
                    2,
                    1,
                    0,
                    0,
                    2,
                    5,
                    2,
                    0,
                    3,
                    1,
                    1,
                    0,
                    1,
                    2,
                    2,
                    1,
                    0,
                    1,
                    2,
                    0,
                    0,
                    0,
                    0,
                    2,
                    0,
                    0,
                    1,
                    0,
                    0,
                    0,
                    0,
                    0,
                    0,
                    0,
                    0,
                    0,
                    0,
                    0,
                    0,
                    0,
                    1,
                    0,
                    1,
                    0,
                    0,
                    0,
                    0,
                    0,
                    0,
                    0,
                    0,
                    0,
                    0,
                    0,
                    0,
                    0,
                    0,
                    0,
                    0
                ],
                "max_ratio": 0.15625,
                "total_no_nan": 32,
                "total": 98,
                "cluster_name": "cluster_1"
            }
        ],
        "type": "numerical",
        "scale": {
            "min": 20.0,
            "max": 66.0,
            "max_ratio": 0.15625
        },
        "global": {
            "min": 20.0,
            "max": 66.0,
            "median": 29.0,
            "percentile25": 25.0,
            "percentile75": 32.0,
            "percentile9": 21.0,
            "percentile91": 39.38000000000001,
            "std": 7.733476066594747,
            "distribution": [
                5,
                7,
                2,
                3,
                0,
                9,
                9,
                8,
                0,
                9,
                7,
                10,
                0,
                4,
                8,
                9,
                2,
                0,
                2,
                5,
                3,
                0,
                3,
                1,
                2,
                0,
                1,
                1,
                0,
                0,
                0,
                3,
                0,
                0,
                0,
                0,
                0,
                1,
                0,
                2,
                0,
                1,
                0,
                1,
                0,
                0,
                0,
                0,
                0,
                0,
                0,
                0,
                0,
                0,
                0,
                0,
                0,
                0,
                0,
                1
            ],
            "max_ratio": 0.08403361344537816,
            "total_no_nan": 119,
            "total": 357
        }
    },
    {
        "variable": "Gr\u00f6\u00dfe",
        "per_cluster": [
            {
                "min": 167.0,
                "max": 200.0,
                "median": 178.0,
                "percentile25": 173.0,
                "percentile75": 181.5,
                "percentile9": 170.0,
                "percentile91": 184.26,
                "std": 5.918747854566877,
                "distribution": [
                    0,
                    0,
                    0,
                    0,
                    0,
                    0,
                    0,
                    0,
                    0,
                    0,
                    0,
                    0,
                    0,
                    0,
                    0,
                    0,
                    2,
                    3,
                    2,
                    0,
                    6,
                    2,
                    5,
                    0,
                    4,
                    3,
                    6,
                    0,
                    5,
                    5,
                    8,
                    0,
                    1,
                    11,
                    2,
                    0,
                    2,
                    10,
                    2,
                    0,
                    3,
                    1,
                    0,
                    0,
                    1,
                    1,
                    1,
                    0,
                    0,
                    0,
                    0,
                    0,
                    0,
                    0,
                    0,
                    0,
                    0,
                    0,
                    0,
                    1
                ],
                "max_ratio": 0.12643678160919541,
                "total_no_nan": 87,
                "total": 259,
                "cluster_name": "cluster_0"
            },
            {
                "min": 155.0,
                "max": 176.0,
                "median": 167.0,
                "percentile25": 164.75,
                "percentile75": 169.5,
                "percentile9": 161.16,
                "percentile91": 173.0,
                "std": 4.752363721086592,
                "distribution": [
                    1,
                    0,
                    1,
                    0,
                    1,
                    0,
                    0,
                    0,
                    0,
                    1,
                    1,
                    0,
                    3,
                    4,
                    2,
                    0,
                    3,
                    5,
                    2,
                    0,
                    0,
                    2,
                    2,
                    0,
                    2,
                    0,
                    1,
                    0,
                    1,
                    0,
                    0,
                    0,
                    0,
                    0,
                    0,
                    0,
                    0,
                    0,
                    0,
                    0,
                    0,
                    0,
                    0,
                    0,
                    0,
                    0,
                    0,
                    0,
                    0,
                    0,
                    0,
                    0,
                    0,
                    0,
                    0,
                    0,
                    0,
                    0,
                    0,
                    0
                ],
                "max_ratio": 0.15625,
                "total_no_nan": 32,
                "total": 98,
                "cluster_name": "cluster_1"
            }
        ],
        "type": "numerical",
        "scale": {
            "min": 155.0,
            "max": 200.0,
            "max_ratio": 0.15625
        },
        "global": {
            "min": 155.0,
            "max": 200.0,
            "median": 175.0,
            "percentile25": 169.0,
            "percentile75": 180.0,
            "percentile9": 165.0,
            "percentile91": 183.0,
            "std": 7.32967748415644,
            "distribution": [
                1,
                0,
                1,
                0,
                1,
                0,
                0,
                0,
                0,
                1,
                1,
                0,
                3,
                4,
                2,
                0,
                5,
                8,
                4,
                0,
                6,
                4,
                7,
                0,
                6,
                3,
                7,
                0,
                6,
                5,
                8,
                0,
                1,
                11,
                2,
                0,
                2,
                10,
                2,
                0,
                3,
                1,
                0,
                0,
                1,
                1,
                1,
                0,
                0,
                0,
                0,
                0,
                0,
                0,
                0,
                0,
                0,
                0,
                0,
                1
            ],
            "max_ratio": 0.09243697478991597,
            "total_no_nan": 119,
            "total": 357
        }
    },
    {
        "variable": "Gewicht",
        "per_cluster": [
            {
                "min": 56.0,
                "max": 98.0,
                "median": 70.0,
                "percentile25": 66.0,
                "percentile75": 75.0,
                "percentile9": 63.0,
                "percentile91": 86.0,
                "std": 8.464221777426326,
                "distribution": [
                    0,
                    0,
                    0,
                    0,
                    0,
                    0,
                    0,
                    0,
                    0,
                    0,
                    0,
                    1,
                    0,
                    1,
                    0,
                    0,
                    1,
                    0,
                    2,
                    4,
                    0,
                    12,
                    0,
                    2,
                    2,
                    7,
                    3,
                    9,
                    4,
                    0,
                    4,
                    4,
                    2,
                    7,
                    3,
                    0,
                    2,
                    0,
                    1,
                    3,
                    0,
                    2,
                    0,
                    0,
                    0,
                    1,
                    2,
                    0,
                    1,
                    0,
                    3,
                    0,
                    0,
                    0,
                    0,
                    0,
                    2,
                    0,
                    0,
                    1
                ],
                "max_ratio": 0.13953488372093023,
                "total_no_nan": 86,
                "total": 259,
                "cluster_name": "cluster_0"
            },
            {
                "min": 46.0,
                "max": 68.0,
                "median": 58.0,
                "percentile25": 53.0,
                "percentile75": 60.50000000000001,
                "percentile9": 49.370000000000005,
                "percentile91": 65.21000000000001,
                "std": 5.61031068101402,
                "distribution": [
                    1,
                    2,
                    0,
                    0,
                    1,
                    0,
                    3,
                    0,
                    2,
                    1,
                    2,
                    1,
                    1,
                    4,
                    0,
                    0,
                    6,
                    0,
                    3,
                    1,
                    0,
                    1,
                    0,
                    2,
                    0,
                    1,
                    0,
                    0,
                    0,
                    0,
                    0,
                    0,
                    0,
                    0,
                    0,
                    0,
                    0,
                    0,
                    0,
                    0,
                    0,
                    0,
                    0,
                    0,
                    0,
                    0,
                    0,
                    0,
                    0,
                    0,
                    0,
                    0,
                    0,
                    0,
                    0,
                    0,
                    0,
                    0,
                    0,
                    0
                ],
                "max_ratio": 0.1875,
                "total_no_nan": 32,
                "total": 98,
                "cluster_name": "cluster_1"
            }
        ],
        "type": "numerical",
        "scale": {
            "min": 46.0,
            "max": 98.0,
            "max_ratio": 0.1875
        },
        "global": {
            "min": 46.0,
            "max": 98.0,
            "median": 68.0,
            "percentile25": 62.0,
            "percentile75": 73.75,
            "percentile9": 55.0,
            "percentile91": 82.0,
            "std": 10.239017280166342,
            "distribution": [
                1,
                2,
                0,
                0,
                1,
                0,
                3,
                0,
                2,
                1,
                2,
                2,
                1,
                5,
                0,
                0,
                7,
                0,
                5,
                5,
                0,
                13,
                0,
                4,
                2,
                8,
                3,
                9,
                4,
                0,
                4,
                4,
                2,
                7,
                3,
                0,
                2,
                0,
                1,
                3,
                0,
                2,
                0,
                0,
                0,
                1,
                2,
                0,
                1,
                0,
                3,
                0,
                0,
                0,
                0,
                0,
                2,
                0,
                0,
                1
            ],
            "max_ratio": 0.11016949152542373,
            "total_no_nan": 118,
            "total": 357
        }
    },
    {
        "variable": "Geschlecht",
        "per_cluster": [
            {
                "distribution": [
                    {
                        "label": "m",
                        "total_no_nan": 259,
                        "ratio": 1.0
                    },
                    {
                        "label": "w",
                        "total_no_nan": 0,
                        "ratio": 0.0
                    },
                    {
                        "label": null,
                        "total_no_nan": 0,
                        "ratio": 0.0
                    }
                ],
                "max_ratio": 1.0,
                "total": 259,
                "total_no_nan": 259,
                "cluster_name": "cluster_0"
            },
            {
                "distribution": [
                    {
                        "label": "m",
                        "total_no_nan": 0,
                        "ratio": 0.0
                    },
                    {
                        "label": "w",
                        "total_no_nan": 98,
                        "ratio": 1.0
                    },
                    {
                        "label": null,
                        "total_no_nan": 0,
                        "ratio": 0.0
                    }
                ],
                "max_ratio": 1.0,
                "total": 98,
                "total_no_nan": 98,
                "cluster_name": "cluster_1"
            }
        ],
        "type": "categorical",
        "global": {
            "distribution": [
                {
                    "label": "m",
                    "total_no_nan": 259,
                    "ratio": 0.7254901960784313
                },
                {
                    "label": "w",
                    "total_no_nan": 98,
                    "ratio": 0.27450980392156865
                },
                {
                    "label": null,
                    "total_no_nan": 0,
                    "ratio": 0.0
                }
            ],
            "max_ratio": 0.7254901960784313,
            "total": 357,
            "total_no_nan": 357
        },
        "scale": {
            "max_ratio": 1.0,
            "categories": [
                "m",
                "w",
                null
            ]
        }
    }
]