{
    "metrics": {
        "inertia": 421.17679015645126,
        "silhouette": 0.4974706296147749,
        "nbClusters": 2
    },
    "processed_feature_names": [
        "Geschafft_HF",
        "Alter",
        "Gr\u00f6\u00dfe",
        "Gewicht",
        "dummy:Geschlecht:m",
        "dummy:Geschlecht:w",
        "dummy:Geschlecht:N/A",
        "dummy:Geschlecht:__Others__"
    ],
    "variables_importance": {
        "variables": [
            "Geschafft_HF",
            "Alter",
            "Gr\u00f6\u00dfe",
            "Gewicht",
            "dummy:Geschlecht:m",
            "dummy:Geschlecht:w"
        ],
        "importances": [
            0.008806596434711626,
            0.005764319462939966,
            0.02800139345544599,
            0.059172302625292564,
            0.4064492679395418,
            0.4918061200820681
        ]
    },
    "reduce_vars": [],
    "train_nb_records": 357,
    "train_nb_features": 8,
    "train_nb_outliers": 0,
    "cluster_description": [
        {
            "variable": "dummy:Geschlecht:m",
            "var": 0.5,
            "values": [
                {
                    "cluster": "cluster_0",
                    "value": 1.0
                },
                {
                    "cluster": "cluster_1",
                    "value": 0.0
                }
            ]
        },
        {
            "variable": "dummy:Geschlecht:w",
            "var": 0.5,
            "values": [
                {
                    "cluster": "cluster_0",
                    "value": 0.0
                },
                {
                    "cluster": "cluster_1",
                    "value": 1.0
                }
            ]
        },
        {
            "variable": "dummy:Geschlecht:N/A",
            "var": 0.0,
            "values": [
                {
                    "cluster": "cluster_0",
                    "value": 0.0
                },
                {
                    "cluster": "cluster_1",
                    "value": 0.0
                }
            ]
        },
        {
            "variable": "dummy:Geschlecht:__Others__",
            "var": 0.0,
            "values": [
                {
                    "cluster": "cluster_0",
                    "value": 0.0
                },
                {
                    "cluster": "cluster_1",
                    "value": 0.0
                }
            ]
        },
        {
            "variable": "Geschafft_HF",
            "var": 1.46,
            "values": [
                {
                    "cluster": "cluster_0",
                    "value": 5.877777777777778
                },
                {
                    "cluster": "cluster_1",
                    "value": 4.166666666666667
                }
            ]
        },
        {
            "variable": "Alter",
            "var": 0.01,
            "values": [
                {
                    "cluster": "cluster_0",
                    "value": 29.96551724137931
                },
                {
                    "cluster": "cluster_1",
                    "value": 30.125
                }
            ]
        },
        {
            "variable": "Gr\u00f6\u00dfe",
            "var": 56.05,
            "values": [
                {
                    "cluster": "cluster_0",
                    "value": 177.49425287356323
                },
                {
                    "cluster": "cluster_1",
                    "value": 166.90625
                }
            ]
        },
        {
            "variable": "Gewicht",
            "var": 111.53,
            "values": [
                {
                    "cluster": "cluster_0",
                    "value": 72.27906976744185
                },
                {
                    "cluster": "cluster_1",
                    "value": 57.34375
                }
            ]
        },
        {
            "variable": "cluster_size",
            "var": 12960.5,
            "values": [
                {
                    "cluster": "cluster_0",
                    "value": 259
                },
                {
                    "cluster": "cluster_1",
                    "value": 98
                }
            ]
        }
    ],
    "summary": {
        "clusters": []
    }
}