{
    "modelId": "m1",
    "state": "DONE",
    "startTime": 1606385895267,
    "endTime": 1606385896999,
    "preprocessingTime": 109,
    "trainingTime": 1623,
    "progress": {
        "stack": [],
        "top_level_todo": [],
        "top_level_done": [
            {
                "name": "Loading source dataset",
                "time": 11
            },
            {
                "name": "Collecting statistics",
                "time": 11
            },
            {
                "name": "Preprocessing data",
                "time": 86
            },
            {
                "name": "Fitting model",
                "time": 1159
            },
            {
                "name": "Saving model",
                "time": 1
            },
            {
                "name": "Scoring model",
                "time": 463
            }
        ]
    }
}