[
    {
        "test_score_gib": 0.6786869545388009,
        "train_score": 0.829327839101688,
        "test_score": 0.6786869545388009,
        "num_samples": 98,
        "fit_time": 623,
        "score_time": 1500,
        "time": 2123,
        "parameters": {
            "max_depth": 6,
            "max_features": "auto",
            "min_samples_leaf": 1,
            "n_estimators": 100,
            "min_samples_split": 3
        },
        "best_iteration": null,
        "done_at": 1605796876659,
        "split_id": 0
    },
    {
        "test_score_gib": 0.6589623841232296,
        "train_score": 0.8117007929491693,
        "test_score": 0.6589623841232296,
        "num_samples": 94,
        "fit_time": 608,
        "score_time": 1449,
        "time": 2057,
        "parameters": {
            "max_depth": 6,
            "max_features": "auto",
            "min_samples_leaf": 1,
            "n_estimators": 100,
            "min_samples_split": 3
        },
        "best_iteration": null,
        "done_at": 1605796876627,
        "split_id": 1
    },
    {
        "test_score_gib": 0.7247147990897991,
        "train_score": 0.8229036987124948,
        "test_score": 0.7247147990897991,
        "num_samples": 92,
        "fit_time": 552,
        "score_time": 1427,
        "time": 1979,
        "parameters": {
            "max_depth": 6,
            "max_features": "auto",
            "min_samples_leaf": 1,
            "n_estimators": 100,
            "min_samples_split": 3
        },
        "best_iteration": null,
        "done_at": 1605796876589,
        "split_id": 2
    },
    {
        "test_score_gib": 0.6664065487224008,
        "train_score": 0.8348243464320766,
        "test_score": 0.6664065487224008,
        "num_samples": 98,
        "fit_time": 507,
        "score_time": 1326,
        "time": 1833,
        "parameters": {
            "max_depth": 13,
            "max_features": "auto",
            "min_samples_leaf": 1,
            "n_estimators": 100,
            "min_samples_split": 3
        },
        "best_iteration": null,
        "done_at": 1605796876484,
        "split_id": 0
    },
    {
        "test_score_gib": 0.6749643738614328,
        "train_score": 0.8162099012552648,
        "test_score": 0.6749643738614328,
        "num_samples": 94,
        "fit_time": 442,
        "score_time": 485,
        "time": 927,
        "parameters": {
            "max_depth": 13,
            "max_features": "auto",
            "min_samples_leaf": 1,
            "n_estimators": 100,
            "min_samples_split": 3
        },
        "best_iteration": null,
        "done_at": 1605796877416,
        "split_id": 1
    },
    {
        "test_score_gib": 0.7273323898323898,
        "train_score": 0.8288912690198328,
        "test_score": 0.7273323898323898,
        "num_samples": 92,
        "fit_time": 296,
        "score_time": 416,
        "time": 712,
        "parameters": {
            "max_depth": 13,
            "max_features": "auto",
            "min_samples_leaf": 1,
            "n_estimators": 100,
            "min_samples_split": 3
        },
        "best_iteration": null,
        "done_at": 1605796877311,
        "split_id": 2
    }
]