{
    "startedAt": 1605796874534,
    "gridSize": 2,
    "nThreads": 4,
    "nSplits": 3,
    "metric": "ROC_AUC",
    "timeout": null,
    "gridPoints": [
        {
            "finishedAt": 1605796876659,
            "score": 0.6870688280586182,
            "testScoreGibMean": 0.6870688280586182,
            "testScoreMean": 0.6870688280586182,
            "testScoreStd": 0.027291244474911065,
            "trainScoreMean": 0.8214124755307636,
            "trainScoreStd": 0.007318304745634555,
            "time": 6159,
            "fitTimeMean": 594.3333333333334,
            "fitTimeStd": 30.554141381415967,
            "scoreTimeMean": 1458.6666666666667,
            "scoreTimeStd": 30.57595278791634,
            "best_iteration": null,
            "parameters": {
                "max_depth": 6,
                "max_features": "auto",
                "min_samples_leaf": 1,
                "n_estimators": 100,
                "min_samples_split": 3
            }
        },
        {
            "finishedAt": 1605796877416,
            "score": 0.6889756083885556,
            "testScoreGibMean": 0.6889756083885556,
            "testScoreMean": 0.6889756083885556,
            "testScoreStd": 0.026783260779280078,
            "trainScoreMean": 0.8267412444301515,
            "trainScoreStd": 0.007794392219766681,
            "time": 3472,
            "fitTimeMean": 415.0,
            "fitTimeStd": 88.230758053338,
            "scoreTimeMean": 742.3333333333334,
            "scoreTimeStd": 413.67485890357045,
            "best_iteration": null,
            "parameters": {
                "max_depth": 13,
                "max_features": "auto",
                "min_samples_leaf": 1,
                "n_estimators": 100,
                "min_samples_split": 3
            }
        }
    ]
}