{
    "modelInputNRows": 284,
    "modelInputNCols": 7,
    "modelInputIsSparse": false,
    "modelInputMemory": 15904,
    "usedGridSearch": true,
    "gridSize": 2,
    "gridBestScore": 0.6889756083885556,
    "gridCells": [
        {
            "params": {
                "max_depth": 6,
                "max_features": "auto",
                "min_samples_leaf": 1,
                "n_estimators": 100,
                "min_samples_split": 3
            },
            "score": 0.6870688280586182,
            "scoreStd": 0.027291244474911065,
            "fitTime": 0.5943333333333334,
            "fitTimeStd": 0.030554141381415968,
            "scoreTime": 1.4586666666666668,
            "scoreTimeStd": 0.03057595278791634
        },
        {
            "params": {
                "max_depth": 13,
                "max_features": "auto",
                "min_samples_leaf": 1,
                "n_estimators": 100,
                "min_samples_split": 3
            },
            "score": 0.6889756083885556,
            "scoreStd": 0.026783260779280078,
            "fitTime": 0.415,
            "fitTimeStd": 0.088230758053338,
            "scoreTime": 0.7423333333333334,
            "scoreTimeStd": 0.4136748589035705
        }
    ],
    "rawImportance": {
        "variables": [
            "Gewicht",
            "Alter",
            "Gr\u00f6\u00dfe",
            "dummy:Geschlecht:m",
            "dummy:Geschlecht:w"
        ],
        "importances": [
            0.3006249016892568,
            0.31236133368475344,
            0.30811692571441174,
            0.04365354027656092,
            0.03524329863501714
        ]
    },
    "probaAware": true
}