{
    "metrics": {
        "mrocAUC": 0.6428111881805064,
        "mcalibrationLoss": 0.05670871603887324,
        "precision": 0.2392857142857143,
        "recall": 0.2408143939393939,
        "f1": 0.20398652214508992,
        "accuracy": 0.2328767123287671,
        "hammingLoss": 0.7671232876712328,
        "logLoss": 2.4541201302447266
    },
    "processed_feature_names": [
        "Gewicht",
        "Alter",
        "Gr\u00f6\u00dfe",
        "dummy:Geschlecht:m",
        "dummy:Geschlecht:w",
        "dummy:Geschlecht:N/A",
        "dummy:Geschlecht:__Others__"
    ],
    "classes": [
        "0",
        "3",
        "2",
        "6",
        "4",
        "8",
        "5",
        "1"
    ],
    "confusion": {
        "totalRows": 73,
        "perActual": {
            "0": {
                "actualClassCount": 8.0,
                "perPredicted": {
                    "0": 3,
                    "3": 3,
                    "2": 0,
                    "6": 1,
                    "4": 0,
                    "8": 0,
                    "5": 0,
                    "1": 1
                }
            },
            "3": {
                "actualClassCount": 11.0,
                "perPredicted": {
                    "0": 2,
                    "3": 7,
                    "2": 0,
                    "6": 2,
                    "4": 0,
                    "8": 0,
                    "5": 0,
                    "1": 0
                }
            },
            "2": {
                "actualClassCount": 10.0,
                "perPredicted": {
                    "0": 1,
                    "3": 5,
                    "2": 1,
                    "6": 0,
                    "4": 0,
                    "8": 1,
                    "5": 1,
                    "1": 1
                }
            },
            "6": {
                "actualClassCount": 11.0,
                "perPredicted": {
                    "0": 0,
                    "3": 4,
                    "2": 1,
                    "6": 2,
                    "4": 1,
                    "8": 2,
                    "5": 1,
                    "1": 0
                }
            },
            "4": {
                "actualClassCount": 9.0,
                "perPredicted": {
                    "0": 1,
                    "3": 4,
                    "2": 0,
                    "6": 1,
                    "4": 0,
                    "8": 1,
                    "5": 1,
                    "1": 1
                }
            },
            "8": {
                "actualClassCount": 10.0,
                "perPredicted": {
                    "0": 0,
                    "3": 4,
                    "2": 0,
                    "6": 1,
                    "4": 2,
                    "8": 3,
                    "5": 0,
                    "1": 0
                }
            },
            "5": {
                "actualClassCount": 3.0,
                "perPredicted": {
                    "0": 0,
                    "3": 2,
                    "2": 0,
                    "6": 0,
                    "4": 0,
                    "8": 0,
                    "5": 1,
                    "1": 0
                }
            },
            "1": {
                "actualClassCount": 11.0,
                "perPredicted": {
                    "0": 5,
                    "3": 6,
                    "2": 0,
                    "6": 0,
                    "4": 0,
                    "8": 0,
                    "5": 0,
                    "1": 0
                }
            }
        }
    },
    "oneVsAllRocAUC": {
        "0": 0.6923076923076923,
        "3": 0.6085043988269795,
        "2": 0.5611111111111111,
        "6": 0.6788856304985338,
        "4": 0.4071180555555556,
        "8": 0.7365079365079366,
        "5": 0.7476190476190476,
        "1": 0.7060117302052786
    },
    "oneVsAllRocCurves": {
        "0": [
            {
                "x": 0.0,
                "y": 0.0,
                "p": 1.3018728897650547
            },
            {
                "x": 0.13846153846153847,
                "y": 0.375,
                "p": 0.3018728897650547
            },
            {
                "x": 0.16923076923076924,
                "y": 0.5,
                "p": 0.18548250916229964
            },
            {
                "x": 0.6923076923076923,
                "y": 0.875,
                "p": 0.10535864911421376
            },
            {
                "x": 0.7230769230769231,
                "y": 1.0,
                "p": 0.060647307658323574
            },
            {
                "x": 0.8615384615384616,
                "y": 1.0,
                "p": 0.001274301988758878
            },
            {
                "x": 1.0,
                "y": 1.0,
                "p": 0.0
            }
        ],
        "3": [
            {
                "x": 0.0,
                "y": 0.0,
                "p": 1.479406156175676
            },
            {
                "x": 0.0,
                "y": 0.09090909090909091,
                "p": 0.47940615617567595
            },
            {
                "x": 0.46774193548387094,
                "y": 0.6363636363636364,
                "p": 0.17390040901469284
            },
            {
                "x": 0.6451612903225806,
                "y": 0.8181818181818182,
                "p": 0.1643033316525891
            },
            {
                "x": 0.8548387096774194,
                "y": 0.8181818181818182,
                "p": 0.030364808521490542
            },
            {
                "x": 0.8548387096774194,
                "y": 0.9090909090909091,
                "p": 0.024282511128678186
            },
            {
                "x": 0.8709677419354839,
                "y": 1.0,
                "p": 0.01737338796495244
            },
            {
                "x": 0.9516129032258065,
                "y": 1.0,
                "p": 0.0034612281149627344
            },
            {
                "x": 1.0,
                "y": 1.0,
                "p": 0.0
            }
        ],
        "2": [
            {
                "x": 0.0,
                "y": 0.0,
                "p": 1.246520260592384
            },
            {
                "x": 0.1746031746031746,
                "y": 0.1,
                "p": 0.24652026059238405
            },
            {
                "x": 0.1746031746031746,
                "y": 0.2,
                "p": 0.2255212229295639
            },
            {
                "x": 0.20634920634920634,
                "y": 0.3,
                "p": 0.16228301588794308
            },
            {
                "x": 0.6666666666666666,
                "y": 0.8,
                "p": 0.14922821818259258
            },
            {
                "x": 0.7619047619047619,
                "y": 0.8,
                "p": 0.06931858569047641
            },
            {
                "x": 0.7619047619047619,
                "y": 0.9,
                "p": 0.06858787263393681
            },
            {
                "x": 0.873015873015873,
                "y": 0.9,
                "p": 0.01260149130074565
            },
            {
                "x": 0.9523809523809523,
                "y": 0.9,
                "p": 0.0026759683859150945
            },
            {
                "x": 1.0,
                "y": 1.0,
                "p": 0.0
            }
        ],
        "6": [
            {
                "x": 0.0,
                "y": 0.0,
                "p": 1.4474821543978913
            },
            {
                "x": 0.04838709677419355,
                "y": 0.18181818181818182,
                "p": 0.31986136553885464
            },
            {
                "x": 0.08064516129032258,
                "y": 0.36363636363636365,
                "p": 0.23544149863629607
            },
            {
                "x": 0.1774193548387097,
                "y": 0.36363636363636365,
                "p": 0.15410434731427
            },
            {
                "x": 0.1774193548387097,
                "y": 0.45454545454545453,
                "p": 0.12538424898410505
            },
            {
                "x": 0.6612903225806451,
                "y": 0.8181818181818182,
                "p": 0.12386842249254265
            },
            {
                "x": 0.6612903225806451,
                "y": 0.9090909090909091,
                "p": 0.1008367094405557
            },
            {
                "x": 0.7580645161290323,
                "y": 0.9090909090909091,
                "p": 0.024716772957060585
            },
            {
                "x": 0.7580645161290323,
                "y": 1.0,
                "p": 0.01864281587539726
            },
            {
                "x": 1.0,
                "y": 1.0,
                "p": 0.0
            }
        ],
        "4": [
            {
                "x": 0.0,
                "y": 0.0,
                "p": 1.5301774199880867
            },
            {
                "x": 0.109375,
                "y": 0.0,
                "p": 0.22939553253673334
            },
            {
                "x": 0.109375,
                "y": 0.1111111111111111,
                "p": 0.2048712436894411
            },
            {
                "x": 0.171875,
                "y": 0.1111111111111111,
                "p": 0.14582429159634944
            },
            {
                "x": 0.640625,
                "y": 0.5555555555555556,
                "p": 0.14351028980036562
            },
            {
                "x": 0.71875,
                "y": 0.5555555555555556,
                "p": 0.05933805549510343
            },
            {
                "x": 0.890625,
                "y": 0.6666666666666666,
                "p": 0.05034454779089463
            },
            {
                "x": 0.90625,
                "y": 0.7777777777777778,
                "p": 0.04096085036128803
            },
            {
                "x": 0.921875,
                "y": 0.8888888888888888,
                "p": 0.03269413403611098
            },
            {
                "x": 0.96875,
                "y": 1.0,
                "p": 0.003404255319148936
            },
            {
                "x": 1.0,
                "y": 1.0,
                "p": 0.0
            }
        ],
        "8": [
            {
                "x": 0.0,
                "y": 0.0,
                "p": 1.8788632935948342
            },
            {
                "x": 0.0,
                "y": 0.1,
                "p": 0.8788632935948343
            },
            {
                "x": 0.031746031746031744,
                "y": 0.2,
                "p": 0.6695075984216281
            },
            {
                "x": 0.06349206349206349,
                "y": 0.3,
                "p": 0.3664993624938295
            },
            {
                "x": 0.07936507936507936,
                "y": 0.4,
                "p": 0.3257003749824902
            },
            {
                "x": 0.1746031746031746,
                "y": 0.4,
                "p": 0.12657572110915055
            },
            {
                "x": 0.1746031746031746,
                "y": 0.5,
                "p": 0.1183172661171223
            },
            {
                "x": 0.19047619047619047,
                "y": 0.6,
                "p": 0.10856285499877409
            },
            {
                "x": 0.2857142857142857,
                "y": 0.6,
                "p": 0.037353448328202886
            },
            {
                "x": 0.7619047619047619,
                "y": 1.0,
                "p": 0.03576386226904401
            },
            {
                "x": 1.0,
                "y": 1.0,
                "p": 0.0
            }
        ],
        "5": [
            {
                "x": 0.0,
                "y": 0.0,
                "p": 1.5347675377744068
            },
            {
                "x": 0.014285714285714285,
                "y": 0.3333333333333333,
                "p": 0.36981874796208475
            },
            {
                "x": 0.14285714285714285,
                "y": 0.3333333333333333,
                "p": 0.11056522673543949
            },
            {
                "x": 0.6,
                "y": 1.0,
                "p": 0.10756524551346634
            },
            {
                "x": 0.8142857142857143,
                "y": 1.0,
                "p": 0.03119854280510018
            },
            {
                "x": 1.0,
                "y": 1.0,
                "p": 0.0
            }
        ],
        "1": [
            {
                "x": 0.0,
                "y": 0.0,
                "p": 1.4810685032125386
            },
            {
                "x": 0.16129032258064516,
                "y": 0.45454545454545453,
                "p": 0.23695897019907763
            },
            {
                "x": 0.22580645161290322,
                "y": 0.45454545454545453,
                "p": 0.1702360782002522
            },
            {
                "x": 0.6774193548387096,
                "y": 1.0,
                "p": 0.1608049036130822
            },
            {
                "x": 0.967741935483871,
                "y": 1.0,
                "p": 0.0032222222222222222
            },
            {
                "x": 1.0,
                "y": 1.0,
                "p": 0.0
            }
        ]
    },
    "oneVsAllCalibrationCurves": {
        "0": [
            {
                "y": 0,
                "x": 0,
                "n": 0
            },
            {
                "y": 0.047619047619047616,
                "x": 0.01754280982357848,
                "n": 21.0
            },
            {
                "y": 0.10256410256410256,
                "x": 0.11124977270946826,
                "n": 39.0
            },
            {
                "y": 0.0,
                "x": 0.21622835546522937,
                "n": 1.0
            },
            {
                "y": 0.25,
                "x": 0.3018728897650548,
                "n": 12.0
            },
            {
                "y": 1,
                "x": 1,
                "n": 0
            }
        ],
        "3": [
            {
                "y": 0,
                "x": 0,
                "n": 0
            },
            {
                "y": 0.1,
                "x": 0.0347581661829567,
                "n": 20.0
            },
            {
                "y": 0.1568627450980392,
                "x": 0.1682134373280179,
                "n": 51.0
            },
            {
                "y": 0.0,
                "x": 0.22154909447096013,
                "n": 1.0
            },
            {
                "y": 1.0,
                "x": 0.47940615617567595,
                "n": 1.0
            },
            {
                "y": 1,
                "x": 1,
                "n": 0
            }
        ],
        "2": [
            {
                "y": 0,
                "x": 0,
                "n": 0
            },
            {
                "y": 0.1,
                "x": 0.030525434934231554,
                "n": 20.0
            },
            {
                "y": 0.15384615384615385,
                "x": 0.1487706258057481,
                "n": 39.0
            },
            {
                "y": 0.14285714285714285,
                "x": 0.24261838687462753,
                "n": 14.0
            },
            {
                "y": 1,
                "x": 1,
                "n": 0
            }
        ],
        "6": [
            {
                "y": 0,
                "x": 0,
                "n": 0
            },
            {
                "y": 0.045454545454545456,
                "x": 0.015393016180371578,
                "n": 22.0
            },
            {
                "y": 0.15384615384615385,
                "x": 0.1269671092061572,
                "n": 39.0
            },
            {
                "y": 0.4,
                "x": 0.22934523607556617,
                "n": 5.0
            },
            {
                "y": 0.3333333333333333,
                "x": 0.3470136135098876,
                "n": 6.0
            },
            {
                "y": 0.0,
                "x": 0.4474821543978914,
                "n": 1.0
            },
            {
                "y": 1,
                "x": 1,
                "n": 0
            }
        ],
        "4": [
            {
                "y": 0,
                "x": 0,
                "n": 0
            },
            {
                "y": 0.16,
                "x": 0.04270614551903819,
                "n": 25.0
            },
            {
                "y": 0.10256410256410256,
                "x": 0.14291419303484817,
                "n": 39.0
            },
            {
                "y": 0.2,
                "x": 0.22565601889890213,
                "n": 5.0
            },
            {
                "y": 0.0,
                "x": 0.33800456463866596,
                "n": 3.0
            },
            {
                "y": 0.0,
                "x": 0.5301774199880867,
                "n": 1.0
            },
            {
                "y": 1,
                "x": 1,
                "n": 0
            }
        ],
        "8": [
            {
                "y": 0,
                "x": 0,
                "n": 0
            },
            {
                "y": 0.07547169811320754,
                "x": 0.02742394403500708,
                "n": 53.0
            },
            {
                "y": 0.2222222222222222,
                "x": 0.13155522169437206,
                "n": 9.0
            },
            {
                "y": 0.0,
                "x": 0.2417402655813978,
                "n": 1.0
            },
            {
                "y": 0.5,
                "x": 0.3355294103200587,
                "n": 4.0
            },
            {
                "y": 0.0,
                "x": 0.5048901071539502,
                "n": 2.0
            },
            {
                "y": 1.0,
                "x": 0.6695075984216281,
                "n": 1.0
            },
            {
                "y": 0.0,
                "x": 0.7520389540215116,
                "n": 2.0
            },
            {
                "y": 1.0,
                "x": 0.8788632935948343,
                "n": 1.0
            },
            {
                "y": 1,
                "x": 1,
                "n": 0
            }
        ],
        "5": [
            {
                "y": 0,
                "x": 0,
                "n": 0
            },
            {
                "y": 0.0,
                "x": 0.02862930805609856,
                "n": 27.0
            },
            {
                "y": 0.04878048780487805,
                "x": 0.1111713315508697,
                "n": 41.0
            },
            {
                "y": 0.0,
                "x": 0.24566215959826251,
                "n": 3.0
            },
            {
                "y": 1.0,
                "x": 0.36981874796208475,
                "n": 1.0
            },
            {
                "y": 0.0,
                "x": 0.5347675377744067,
                "n": 1.0
            },
            {
                "y": 1,
                "x": 1,
                "n": 0
            }
        ],
        "1": [
            {
                "y": 0,
                "x": 0,
                "n": 0
            },
            {
                "y": 0.0,
                "x": 0.03327626674251391,
                "n": 16.0
            },
            {
                "y": 0.14285714285714285,
                "x": 0.15931105035944457,
                "n": 42.0
            },
            {
                "y": 0.38461538461538464,
                "x": 0.2371543524372811,
                "n": 13.0
            },
            {
                "y": 0.0,
                "x": 0.34579932658501844,
                "n": 1.0
            },
            {
                "y": 0.0,
                "x": 0.4810685032125385,
                "n": 1.0
            },
            {
                "y": 1,
                "x": 1,
                "n": 0
            }
        ]
    },
    "oneVsAllCalibrationLoss": {
        "0": 0.02478144057561645,
        "3": 0.035970752306370736,
        "2": 0.0408780042621367,
        "6": 0.04236265808316549,
        "4": 0.08463659039427013,
        "8": 0.09900881952782054,
        "5": 0.0716842627357182,
        "1": 0.054347200425887636
    },
    "densityData": {
        "0": {
            "correct": [
                1.1718670071193478,
                1.406767944374927,
                1.6570090096900587,
                1.9153267231514017,
                2.1729346339564106,
                2.420046666118619,
                2.6465768917091057,
                2.8429526292302745,
                3.0009548063376896,
                3.1144882260459554,
                3.1801876765431114,
                3.197783795192389,
                3.170182240533256,
                3.1032456085066396,
                3.005303104885044,
                2.8864422543105253,
                2.7576559182458893,
                2.6299255092334604,
                2.513319206126086,
                2.4161756724857324,
                2.344433020495347,
                2.301152102557729,
                2.286273102946895,
                2.2966332283834943,
                2.3262583668964134,
                2.3669206946443504,
                2.408927183582087,
                2.4420735322963125,
                2.456669665363037,
                2.4445235148924285,
                2.3997656161195633,
                2.3194117370519587,
                2.2035937952112925,
                2.0554357179614504,
                1.8806022503335924,
                1.6865951476922185,
                1.4819038613165953,
                1.2751310335189614,
                1.074205553240695,
                0.8857706979424469,
                0.7147984633926575,
                0.5644415598611504,
                0.4360993014270139,
                0.3296482771764587,
                0.24377591511914368,
                0.176354541223269,
                0.12480271651241912,
                0.08639566910075369,
                0.058503520169383524,
                0.03875141935548019,
                0.025107519620447036,
                0.015912071691892207,
                0.00986400725357814,
                0.005981105716807468,
                0.0035473924463016336,
                0.0020579522040432485,
                0.0011677733448459198,
                0.0006481540471666285,
                0.00035187927292714555,
                0.00018685486610546797,
                9.705323934910248e-05,
                4.9307190851626245e-05,
                2.450218750466918e-05,
                1.1909503442406967e-05,
                5.662086623553871e-06,
                2.6330149072196246e-06,
                1.1976336723404684e-06,
                5.328297752860768e-07,
                2.3187115859248207e-07,
                9.869580609418414e-08,
                4.109077717760158e-08,
                1.6733380247023008e-08,
                6.665253235845046e-09,
                2.5968284758569053e-09,
                9.896086906956395e-10,
                3.688734124768206e-10,
                1.3448839693362624e-10,
                4.7960741192746734e-11,
                1.6729407391917625e-11,
                5.707801050250721e-12,
                1.9048057502766307e-12,
                6.217648328555467e-13,
                1.9851585982558842e-13,
                6.19951700976622e-14,
                1.893712710549386e-14,
                5.658012768324081e-15,
                1.6535119674504345e-15,
                4.726551036978892e-16,
                1.3215236831531943e-16,
                3.614091459487792e-17,
                9.667560891404454e-18,
                2.5294627176034748e-18,
                6.47341184276963e-19,
                1.6204356240227538e-19,
                3.9675637650064307e-20,
                9.50188209335418e-21,
                2.225814398794352e-21,
                5.099902187148177e-22,
                1.1429529015419647e-22,
                2.5054654076283645e-23
            ],
            "incorrect": [
                2.7245144625329134,
                2.9361486596791555,
                3.1131968720223946,
                3.294016057258002,
                3.5207592405789616,
                3.8226781132892262,
                4.201054023471144,
                4.621718010205754,
                5.019029846785458,
                5.311250403629577,
                5.422880255750735,
                5.3065729922993645,
                4.95708164832531,
                4.412599726722389,
                3.743617832518937,
                3.033926588316691,
                2.3607167573627574,
                1.7800753018928968,
                1.3212219310988491,
                0.9891738440263889,
                0.7727608818461238,
                0.6538922147426928,
                0.6146341359832902,
                0.6403266744728685,
                0.7188364603125404,
                0.8374887483985737,
                0.9798931576463428,
                1.124673809064957,
                1.2471572934200632,
                1.3237101625110632,
                1.337177930166982,
                1.2812912836071173,
                1.162253907757038,
                0.9968602098004089,
                0.8078723017055102,
                0.618365811654401,
                0.44692535947298945,
                0.30496309630751245,
                0.19644643679777463,
                0.11945457251396215,
                0.06856610669850267,
                0.037149766877566076,
                0.018999302594470278,
                0.00917172923341925,
                0.004179217763770031,
                0.0017974959012807949,
                0.0007297419201932945,
                0.0002796396599400765,
                0.00010114771589892784,
                3.453353955140625e-05,
                1.1128937907189531e-05,
                3.385274595590851e-06,
                9.719895816663957e-07,
                2.634248994325862e-07,
                6.738752857580911e-08,
                1.6271579814110848e-08,
                3.708577796670075e-09,
                7.978340099356591e-10,
                1.620112503523531e-10,
                3.1053122602180194e-11,
                5.6181438812780096e-12,
                9.594181090110555e-13,
                1.5465018371692033e-13,
                2.3529919611391174e-14,
                3.379231313869904e-15,
                4.580816265441999e-16,
                5.861318196869423e-17,
                7.079053574958375e-18,
                8.070167961794836e-19,
                8.683952162615864e-20,
                8.820226653301578e-21,
                8.456088946304345e-22,
                7.652208836746055e-23,
                6.536293715194143e-24,
                5.269917048449358e-25,
                4.0105457344693354e-26,
                2.8809163039774247e-27,
                1.9533734645772724e-28,
                1.2501651850732081e-29,
                7.552261013561027e-31,
                4.30639692008678e-32,
                2.3178140729334534e-33,
                1.1775262809574927e-34,
                5.646639950141753e-36,
                2.5558599829252935e-37,
                1.0919719795037116e-38,
                4.403656189347455e-40,
                1.6762654317154664e-41,
                6.0228167236492014e-43,
                2.042603070869131e-44,
                6.538765876825535e-46,
                1.975764003802796e-47,
                5.6351025544833555e-49,
                1.5170365834106832e-50,
                3.854941197706152e-52,
                9.246277766583543e-54,
                2.093358393864185e-55,
                4.4735028119794286e-57,
                9.023589191348607e-59,
                1.7180602515478387e-60
            ],
            "correctMedian": 0.1454205791382567,
            "incorrectMedian": 0.10535864911421376
        },
        "3": {
            "correct": [
                1.2109229049427908,
                1.3352262759188473,
                1.4673964666675792,
                1.6100644015207444,
                1.7660609884843228,
                1.9379355246200867,
                2.1273873643473276,
                2.3346808541965363,
                2.5581286894901116,
                2.793732144047119,
                3.0350557722098466,
                3.273389219571262,
                3.4982123612350513,
                3.6979371773472103,
                3.860857307125888,
                3.976201335522363,
                4.035164939052969,
                4.031794265732945,
                3.963609470309136,
                3.8318908603163777,
                3.6415952517974204,
                3.400919442359174,
                3.1205731118445024,
                2.812857808129787,
                2.490667063340601,
                2.1665232660807674,
                1.851751042383834,
                1.5558586201880327,
                1.2861637094287846,
                1.0476650207842302,
                0.8431301492702351,
                0.6733490412017493,
                0.5374914752847142,
                0.433506719458934,
                0.35851193016907373,
                0.30913006660912884,
                0.2817548689757193,
                0.27273679903608905,
                0.2784974155556789,
                0.2955889754362561,
                0.3207205348994767,
                0.35077169716409956,
                0.38281125894659623,
                0.41413159827794094,
                0.44230215513589327,
                0.4652381943941428,
                0.48127540922729817,
                0.4892376671753812,
                0.48848471003112987,
                0.4789287928661208,
                0.46101353860780264,
                0.43565380950973187,
                0.40414110796832775,
                0.3680239006337088,
                0.3289755115263974,
                0.28866340134642626,
                0.24863269788985398,
                0.21021410294711498,
                0.17446239021921991,
                0.14212737600920494,
                0.11365521651717189,
                0.08921473535178821,
                0.06874154924986814,
                0.05199211722169806,
                0.03860033991534781,
                0.028130676711676628,
                0.020123552307579673,
                0.01413072765864456,
                0.009740019251492274,
                0.0065900773537853905,
                0.004376799142319652,
                0.0028533702429576016,
                0.0018259759176657616,
                0.0011470104363609035,
                0.0007072534909194842,
                0.00042807339428098157,
                0.00025432952435108764,
                0.00014832376057965813,
                8.491024286931007e-05,
                4.771389213050859e-05,
                2.6318735037113164e-05,
                1.4250187722658216e-05,
                7.573760459984439e-06,
                3.951281319668075e-06,
                2.023483854247245e-06,
                1.0171779607913872e-06,
                5.01914273325093e-07,
                2.4310705195993366e-07,
                1.1558486596079577e-07,
                5.394358389938308e-08,
                2.4712348840672873e-08,
                1.1112804167877646e-08,
                4.905335346642284e-09,
                2.1254414719922953e-09,
                9.039928680976592e-10,
                3.7741248625893e-10,
                1.5466887632546878e-10,
                6.22192830895282e-11,
                2.456871719250815e-11,
                9.523034680368604e-12
            ],
            "incorrect": [
                2.2880744267275666,
                2.570842806723339,
                2.6552272837359885,
                2.549541635514399,
                2.318174027144754,
                2.0525468465447676,
                1.8344084421797207,
                1.7122653047743526,
                1.7031779525684818,
                1.817462304754783,
                2.090193770931701,
                2.5955158249243726,
                3.4219122328780642,
                4.604385115178517,
                6.042619414163766,
                7.464338913294311,
                8.486952116985046,
                8.77208879470639,
                8.191027273819762,
                6.893189352426419,
                5.230157691587157,
                3.588593472604758,
                2.240148791226038,
                1.284702534722073,
                0.6860518388095626,
                0.34645440348380113,
                0.1676048799158322,
                0.0780518664041616,
                0.03478696679477989,
                0.014637380102747974,
                0.005723018874017635,
                0.0020506620772847645,
                0.0006665632488989118,
                0.00019521553395383722,
                5.129317214016454e-05,
                1.2060179481772108e-05,
                2.5335544545504002e-06,
                4.7511387896530877e-07,
                7.949285289074641e-08,
                1.1862843782518052e-08,
                1.5787124587760225e-09,
                1.8733814443407583e-10,
                1.98213183989724e-11,
                1.8698512307810123e-12,
                1.5726826635198887e-13,
                1.179314530718459e-14,
                7.884420767637258e-16,
                4.6995885927721453e-17,
                2.4974615636372385e-18,
                1.1832762314559945e-19,
                4.998290508348189e-21,
                1.882368652935746e-22,
                6.3202694272858046e-24,
                1.8919696297396152e-25,
                5.049406675505359e-27,
                1.2014733380643972e-28,
                2.548798552961402e-30,
                4.820637388210358e-32,
                8.128698062690105e-34,
                1.2220390714993414e-35,
                1.6379353709636408e-37,
                1.9572937135982795e-39,
                2.0852724725796989e-41,
                1.9806930975079814e-43,
                1.6773323952408387e-45,
                1.2663934343158813e-47,
                8.524437566073989e-50,
                5.11576265153387e-52,
                2.737175274168015e-54,
                1.3056969752926178e-56,
                5.553026633715723e-59,
                2.1055457552984692e-61,
                7.117822915843471e-64,
                2.1452467026865148e-66,
                5.764410171134284e-69,
                1.3809567496151022e-71,
                2.949530197591686e-74,
                5.616595986186175e-77,
                9.535447782134094e-80,
                1.4432998541434578e-82,
                1.947689001456053e-85,
                2.3433125823621416e-88,
                2.513555075580512e-91,
                2.4037768895862253e-94,
                2.0494978818362282e-97,
                1.5579315081267853e-100,
                1.0558368520888204e-103,
                6.379591052130462e-107,
                3.436658929829623e-110,
                1.6505458540378578e-113,
                7.067508244294202e-117,
                2.698066328727278e-120,
                9.183040272856818e-124,
                2.786556956751817e-127,
                7.538708112294133e-131,
                1.8183333365118542e-134,
                3.910188031764292e-138,
                7.496686536417684e-142,
                1.2814115378576736e-145,
                1.9527897052962914e-149
            ],
            "correctMedian": 0.17390040901469284,
            "incorrectMedian": 0.1643033316525891
        },
        "2": {
            "correct": [
                1.1880823247026715,
                1.2886574677951115,
                1.3776174070974736,
                1.466516057695397,
                1.5720031421635234,
                1.714594720444716,
                1.91675331246514,
                2.199702917298127,
                2.5785018419806085,
                3.055695544509232,
                3.615146422278896,
                4.218694810068367,
                4.808320817374746,
                5.315016328975861,
                5.672992963919827,
                5.835255727637536,
                5.785315672956581,
                5.540738454398343,
                5.147114439788691,
                4.664647746479766,
                4.152248073188729,
                3.654580894118385,
                3.1958580646595083,
                2.7811631261032845,
                2.403239274055211,
                2.0511085780155476,
                1.7170503861297957,
                1.3999282103549369,
                1.1047290726410752,
                0.8396112985135475,
                0.6122940963893976,
                0.4273084701191882,
                0.28484478147984316,
                0.1811316437618976,
                0.10977556115882849,
                0.06336723022163933,
                0.03482344270168858,
                0.018212869191352024,
                0.009062972888914098,
                0.004290001604962342,
                0.0019313590557687665,
                0.0008268419948368376,
                0.00033657274597011656,
                0.00013025103358279956,
                4.791625139227558e-05,
                1.675488538630441e-05,
                5.568240986672236e-06,
                1.7586383860125218e-06,
                5.278176061678723e-07,
                1.5052527583413523e-07,
                4.078731247545382e-08,
                1.050037928388372e-08,
                2.568179583724367e-09,
                5.967117056789628e-10,
                1.3170510493365698e-10,
                2.7613495652717355e-11,
                5.499261171815717e-12,
                1.04024685919292e-12,
                1.8689767191983849e-13,
                3.189292423324104e-14,
                5.168880330939602e-15,
                7.956097113513539e-16,
                1.1630432831749138e-16,
                1.614639262524639e-17,
                2.128783030186458e-18,
                2.665365127512183e-19,
                3.1691680623865435e-20,
                3.5784216045807695e-21,
                3.8369876154515083e-22,
                3.9069460372257695e-23,
                3.777708754674781e-24,
                3.4686453764753686e-25,
                3.024324506336649e-26,
                2.5039805733249604e-27,
                1.9686337177151439e-28,
                1.4696972035054585e-29,
                1.0418798296967186e-30,
                7.013458872151182e-32,
                4.483012860766913e-33,
                2.7210043895287306e-34,
                1.5682258499763842e-35,
                8.582361564275763e-37,
                4.459875050399146e-38,
                2.2006715644041467e-39,
                1.0311064458852509e-40,
                4.587400625654139e-42,
                1.9379563335507616e-43,
                7.773825421569135e-45,
                2.9610003214755345e-46,
                1.0709136611266073e-47,
                3.6777508867954774e-49,
                1.199282696723462e-50,
                3.713400934288762e-52,
                1.0917740811472123e-53,
                3.047923506893451e-55,
                8.079517170521636e-57,
                2.033651628155627e-58,
                4.8604590144709174e-60,
                1.1030301455102079e-61,
                2.376876751925319e-63
            ],
            "incorrect": [
                2.174817022895266,
                2.349671599187268,
                2.4093346240511897,
                2.3698781800970012,
                2.2692327875886966,
                2.1582018445099402,
                2.0926805836505302,
                2.1288114252023984,
                2.318107224708178,
                2.6974603818590195,
                3.27206641503691,
                3.9966764086236903,
                4.767408115295024,
                5.43635241196682,
                5.851489466930856,
                5.909131167692311,
                5.595182978797599,
                4.993754997647486,
                4.257198756715825,
                3.5510561281339963,
                2.9987075864865558,
                2.648066809654696,
                2.470086283737378,
                2.3844650515971937,
                2.2984884965757666,
                2.142672653195516,
                1.8908790845571304,
                1.5604309443341313,
                1.1962950906516392,
                0.8490539679100079,
                0.5568380340144617,
                0.337112217360371,
                0.18828518385762377,
                0.09698378366145259,
                0.04606013902462393,
                0.020166450685738108,
                0.008138926937069205,
                0.0030276577986801468,
                0.0010380677461771484,
                0.0003280252687712566,
                9.552990550411929e-05,
                2.5639687325129872e-05,
                6.341917746529639e-06,
                1.4456323551643351e-06,
                3.0368309848094546e-07,
                5.8790339677178083e-08,
                1.0488459141936606e-08,
                1.7243924367954442e-09,
                2.6126302645843767e-10,
                3.647843995582506e-11,
                4.693645508530632e-12,
                5.565439714290673e-13,
                6.081397940363846e-14,
                6.123811062105893e-15,
                5.682694613617248e-16,
                4.859603545461902e-17,
                3.829668722423041e-18,
                2.7812197978317025e-19,
                1.8613286868494914e-20,
                1.1479538280589942e-21,
                6.524380993890687e-23,
                3.417178884956611e-24,
                1.6493377285765505e-25,
                7.33609473519524e-27,
                3.0070019539183206e-28,
                1.1358367579596135e-29,
                3.95377133457588e-31,
                1.2682959063176745e-32,
                3.749238263766222e-34,
                1.021360114899375e-35,
                2.5640597908409457e-37,
                5.93185873853306e-39,
                1.2646398081138522e-40,
                2.484598915326946e-42,
                4.498410953237431e-44,
                7.50542617628814e-46,
                1.1539977962893263e-47,
                1.635113835073659e-49,
                2.135032048141893e-51,
                2.5690596899990924e-53,
                2.848769967768236e-55,
                2.9110787934766005e-57,
                2.741346479007526e-59,
                2.3789608177834666e-61,
                1.9024972570733996e-63,
                1.4020844733557191e-65,
                9.522209036547989e-68,
                5.959565984672076e-70,
                3.437201120125756e-72,
                1.8268742189190866e-74,
                8.947995144597903e-77,
                4.038836039145311e-79,
                1.679964468209301e-81,
                6.439577290972947e-84,
                2.2747203576537675e-86,
                7.404778277172029e-89,
                2.2213116469922645e-91,
                6.140734475449579e-94,
                1.5643882109421635e-96,
                3.672671969502112e-99
            ],
            "correctMedian": 0.14922821818259258,
            "incorrectMedian": 0.14922821818259258
        },
        "6": {
            "correct": [
                1.1679907568789316,
                1.3773968177523177,
                1.6079588084931784,
                1.8570839608127618,
                2.1202119477133055,
                2.3906249549469036,
                2.6595204708567923,
                2.91641095407571,
                3.149861862622484,
                3.3485128228793988,
                3.502260015147133,
                3.6034274723508988,
                3.6477352549900544,
                3.634891483623672,
                3.5686920156043302,
                3.456595642327074,
                3.3088362424251643,
                3.1372156303866086,
                2.9537736022244343,
                2.769543794467258,
                2.5935742735318366,
                2.4323290380493883,
                2.2895068990677605,
                2.166236348416952,
                2.0615457432520543,
                1.9729780172027016,
                1.8972206417796056,
                1.830649372481642,
                1.7697276162368523,
                1.711249232185546,
                1.6524499115876503,
                1.5910337788055195,
                1.5251655804787159,
                1.4534677055456229,
                1.3750414797214792,
                1.2895109632215738,
                1.197071124296585,
                1.0985146098839051,
                0.9952132480838238,
                0.8890400736105932,
                0.7822314930349515,
                0.6772030769190273,
                0.576342828717478,
                0.4818104391876379,
                0.39536946479933194,
                0.318272572555596,
                0.2512100204907096,
                0.19432084099599703,
                0.14725698514297958,
                0.10928450737839017,
                0.07940335909056705,
                0.05646828968043929,
                0.03929685898556356,
                0.02675546306778029,
                0.01781938971388827,
                0.011607323032077144,
                0.00739385722314828,
                0.004605293646559111,
                0.00280442767837453,
                0.001669514932508109,
                0.0009715351695546786,
                0.0005526063915874752,
                0.00030720832654286903,
                0.00016691042188545716,
                8.862246323721957e-05,
                4.598255166473256e-05,
                2.331376637160216e-05,
                1.1550084626629905e-05,
                5.591087185911311e-06,
                2.6444316847413916e-06,
                1.222028899068066e-06,
                5.517380873442842e-07,
                2.433757430793088e-07,
                1.0488320496370603e-07,
                4.415819935468546e-08,
                1.8162964758333146e-08,
                7.298373198949361e-09,
                2.8649955636769584e-09,
                1.0986910897514187e-09,
                4.116012986973639e-10,
                1.5063418589529569e-10,
                5.3853338534145465e-11,
                1.8807928832435194e-11,
                6.416613395962168e-12,
                2.138478729200874e-12,
                6.962032074017565e-13,
                2.2140999699074868e-13,
                6.878391008068954e-14,
                2.0873891133283935e-14,
                6.187932195135753e-15,
                1.791892955007362e-15,
                5.068761984441905e-16,
                1.4005999592949873e-16,
                3.78048790694583e-17,
                9.967870352200724e-18,
                2.56730239147629e-18,
                6.459087891516762e-19,
                1.5873926299478298e-19,
                3.8107990836924786e-20,
                8.936466962397653e-21
            ],
            "incorrect": [
                2.687474767226027,
                2.8240329196919434,
                2.9046070400700166,
                2.9569523958922064,
                3.0179048705366034,
                3.1242256553388006,
                3.3023023548158243,
                3.559401017556053,
                3.8790341980604754,
                4.222144229643852,
                4.534327561085055,
                4.757585610676656,
                4.8436059425215445,
                4.764918694777669,
                4.520790688840806,
                4.136332465197296,
                3.655445116784835,
                3.130104903399511,
                2.609367004911338,
                2.1311007873210563,
                1.7181249690782292,
                1.3787356285263532,
                1.1102903993116122,
                0.9039421308928589,
                0.7488334529881939,
                0.6347891231149145,
                0.5533744105564676,
                0.497792265992087,
                0.4623146412193644,
                0.44181706257276177,
                0.4316686853183085,
                0.4279136732078711,
                0.42750501813921066,
                0.42836323051709807,
                0.42917747074269147,
                0.4290382844133281,
                0.427087891672869,
                0.4223517681092324,
                0.41380259843952466,
                0.4005804376275486,
                0.382224945783696,
                0.358796180483772,
                0.33084321662722854,
                0.2992664554210802,
                0.265159566045456,
                0.22969745648436554,
                0.19408300341742574,
                0.15951868545522038,
                0.12715800855922924,
                0.09801593751338072,
                0.07285523653810692,
                0.052090391626346454,
                0.03574917484531969,
                0.023508496695058324,
                0.014791814397289669,
                0.008895540700932464,
                0.0051085994348969545,
                0.002799763090759292,
                0.0014635607685550376,
                0.0007294639585004874,
                0.0003465573642345191,
                0.00015690272799165865,
                6.768608857643592e-05,
                2.781821034495738e-05,
                1.0891317940351345e-05,
                4.061849196794151e-06,
                1.4429037464489008e-06,
                4.882079008016213e-07,
                1.5733087209391224e-07,
                4.828983559376743e-08,
                1.411638093511343e-08,
                3.930174505956549e-09,
                1.0421191095964048e-09,
                2.6317046055316216e-10,
                6.329495320492926e-11,
                1.4498117839547002e-11,
                3.162740798472925e-12,
                6.570889121544933e-13,
                1.3001473909441933e-13,
                2.4500134278312577e-14,
                4.396948744685809e-15,
                7.515210205484845e-16,
                1.2233126033472231e-16,
                1.896444789527325e-17,
                2.7999435776868397e-18,
                3.9369925533525047e-19,
                5.2721296358811644e-20,
                6.723783077274557e-21,
                8.166714951171493e-22,
                9.446853153157644e-23,
                1.040717782216223e-23,
                1.091904898667075e-24,
                1.0910450187499077e-25,
                1.038260988250357e-26,
                9.409713570409806e-28,
                8.121799597682821e-29,
                6.676273640769278e-30,
                5.22663268348886e-31,
                3.8968691251375775e-32,
                2.76704134834653e-33
            ],
            "correctMedian": 0.12386842249254265,
            "incorrectMedian": 0.12386842249254265
        },
        "4": {
            "correct": [
                2.9505334626222357,
                3.3459684384543005,
                3.6512378623490584,
                3.844240356102127,
                3.9225667128975563,
                3.906359950827721,
                3.8354453028260727,
                3.760559751958445,
                3.730459952313912,
                3.7783604985776438,
                3.9118422663949266,
                4.109641474703561,
                4.326674208648004,
                4.505930863925467,
                4.593516698239237,
                4.5520873295875095,
                4.368683572270349,
                4.055186802469156,
                3.642318850435312,
                3.1701414364428957,
                2.6786046785163835,
                2.200830685638327,
                1.7601459350136774,
                1.3702905078967635,
                1.0373820025556035,
                0.7622306060698558,
                0.542175389572605,
                0.3722687027224739,
                0.24603676494554863,
                0.15611092358305728,
                0.09487901292106313,
                0.05513044429752196,
                0.03058008835986421,
                0.01617316827762872,
                0.008148212336401775,
                0.003907847438234976,
                0.0017831706166105642,
                0.0007738518714937461,
                0.00031930502391868407,
                0.00012523994319835476,
                4.668742652401899e-05,
                1.653963695873684e-05,
                5.567797895574947e-06,
                1.7809217929014457e-06,
                5.412400215575547e-07,
                1.562801384121053e-07,
                4.287218537963654e-08,
                1.1173710934919835e-08,
                2.7667083003218884e-09,
                6.508323973285593e-10,
                1.4544931014102204e-10,
                3.088080284642664e-11,
                6.228711718353512e-12,
                1.1935465944739615e-12,
                2.1727568143429792e-13,
                3.757619473755859e-14,
                6.173677305267769e-15,
                9.636163240651954e-16,
                1.4288716103878684e-16,
                2.012847683677103e-17,
                2.693748980921516e-18,
                3.4247725868888522e-19,
                4.136515762931837e-20,
                4.746417139554362e-21,
                5.173987300738097e-22,
                5.358127192708645e-23,
                5.271435090222821e-24,
                4.92689011108028e-25,
                4.374667456555031e-26,
                3.690161413011201e-27,
                2.957153191958208e-28,
                2.2512847053312233e-29,
                1.628227752406751e-30,
                1.1187370384434778e-31,
                7.302457038470296e-33,
                4.528330678332745e-34,
                2.667690142687583e-35,
                1.4930032800122429e-36,
                7.938057972578179e-38,
                4.0095524319471104e-39,
                1.9240025962633283e-40,
                8.770887413521949e-42,
                3.798477379499573e-43,
                1.5628009918850475e-44,
                6.108378465145004e-46,
                2.2681737606698024e-47,
                8.001194578127307e-49,
                2.681399149575631e-50,
                8.536822035975401e-52,
                2.582017098291616e-53,
                7.419081212495473e-55,
                2.0252062620376947e-56,
                5.251900908512869e-58,
                1.293873774859424e-59,
                3.0282757769434936e-61,
                6.733285976083246e-63,
                1.4222856327362785e-64,
                2.854136312945113e-66,
                5.441150323681181e-68,
                9.854506107140006e-70
            ],
            "incorrect": [
                1.773892048912287,
                2.15032598073306,
                2.5062256624166155,
                2.8167592886982535,
                3.068274076135881,
                3.2650280850267834,
                3.4311507068895053,
                3.6053889065603695,
                3.828607194678379,
                4.127203996058563,
                4.4982184892955255,
                4.902498520456091,
                5.270126268738447,
                5.517833361438828,
                5.573122785069813,
                5.396579970455474,
                4.994142292787072,
                4.41500427887141,
                3.7365975910243576,
                3.0429548880099215,
                2.4045423959621965,
                1.8658488028764768,
                1.442985024392099,
                1.1294692602063845,
                0.9060007340119324,
                0.7499084448990039,
                0.6414906356614727,
                0.566507482902458,
                0.5156846456709956,
                0.4827830734063735,
                0.462659837059914,
                0.45014619760978364,
                0.4399039292023331,
                0.42696299919505865,
                0.4074823431984305,
                0.3793491523263911,
                0.3424119408577824,
                0.29831597028142687,
                0.25002380032216664,
                0.20115996013937068,
                0.1553365849420934,
                0.11560530830834652,
                0.08413576807614076,
                0.06214382294598298,
                0.0500045486193698,
                0.047424575300497436,
                0.05354907777302716,
                0.06694677121301944,
                0.08552086467032698,
                0.1064791424566242,
                0.1265088410033554,
                0.14222221059210727,
                0.15079824396178068,
                0.15061756127127496,
                0.14164631420822063,
                0.1254035962817072,
                0.10451085366779521,
                0.08198771790123999,
                0.06054358923316641,
                0.04208409254668291,
                0.027535795688483248,
                0.016959261483787045,
                0.00983208900850438,
                0.005365549363427592,
                0.0027562087317145483,
                0.001332721872636164,
                0.0006065916902892618,
                0.0002598860073972193,
                0.00010480906503084312,
                3.978728505812037e-05,
                1.4217370236800976e-05,
                4.782156115140584e-06,
                1.5141110720369842e-06,
                4.5125417165048034e-07,
                1.2659432378102034e-07,
                3.343002841393381e-08,
                8.309765478406094e-09,
                1.944331434043607e-09,
                4.2823418861634876e-10,
                8.878137871873092e-11,
                1.732574596212133e-11,
                3.1826692525455924e-12,
                5.503266997304407e-13,
                8.957342235156302e-14,
                1.372357502139154e-14,
                1.9791780363462794e-15,
                2.6867791768656456e-16,
                3.433275020218757e-17,
                4.1296640455561136e-18,
                4.675740072284405e-19,
                4.983282493108027e-20,
                4.9993110984176235e-21,
                4.721003557562181e-22,
                4.196507478269708e-23,
                3.5113262564258806e-24,
                2.7655650337368104e-25,
                2.050340905151707e-26,
                1.4308621171207455e-27,
                9.399375593536859e-29,
                5.812055215536143e-30
            ],
            "correctMedian": 0.14351028980036562,
            "incorrectMedian": 0.14351028980036562
        },
        "8": {
            "correct": [
                1.2560835091539833,
                1.28201438438043,
                1.3054677453261405,
                1.3263286811638921,
                1.3445023954224438,
                1.3599151077532012,
                1.3725146579219933,
                1.3822708041269187,
                1.389175214105916,
                1.3932411538700777,
                1.3945028851083356,
                1.3930147881879935,
                1.3888502330655936,
                1.3821002251809236,
                1.3728718574105463,
                1.361286602306907,
                1.3474784810725824,
                1.331592146973678,
                1.3137809211689853,
                1.2942048182402004,
                1.2730285971002973,
                1.2504198705067497,
                1.226547303212495,
                1.2015789249698463,
                1.175680580296516,
                1.1490145322649727,
                1.1217382327389664,
                1.0940032666068882,
                1.0659544727986552,
                1.0377292403591065,
                1.0094569737104537,
                0.9812587175751358,
                0.9532469289334574,
                0.9255253809196332,
                0.8981891817530007,
                0.8713248906714203,
                0.8450107123706525,
                0.8193167516239797,
                0.7943053105077372,
                0.7700312119209863,
                0.7465421347781078,
                0.7238789482786329,
                0.7020760349205695,
                0.6811615943214412,
                0.661157922347081,
                0.6420816624293126,
                0.6239440281963899,
                0.6067509985720384,
                0.5905034882612663,
                0.5751974979895471,
                0.5608242499676328,
                0.547370314803662,
                0.5348177364786006,
                0.5231441620552049,
                0.512322982531362,
                0.5023234907124513,
                0.49311106120855,
                0.4846473567103544,
                0.47689056361481286,
                0.46979565891032055,
                0.46331470904273675,
                0.4573972003145674,
                0.45199039926222384,
                0.4470397404455764,
                0.4424892381979618,
                0.43828191814350453,
                0.43436026370437697,
                0.4306666723982916,
                0.4271439164641124,
                0.42373560224309575,
                0.42038662277218697,
                0.41704359819768066,
                0.41365529887366914,
                0.41017304635022556,
                0.40655108786134003,
                0.40274694037342745,
                0.398721700734756,
                0.3944403189598659,
                0.38987183217926946,
                0.38498955727475503,
                0.3797712406987705,
                0.37419916443963175,
                0.368260207542065,
                0.36194586302601023,
                0.35525221046805605,
                0.34817984492234166,
                0.34073376326413307,
                0.33292320944191095,
                0.32476148052388515,
                0.31626569582212277,
                0.3074565317699907,
                0.29835792561256347,
                0.28899675133953207,
                0.2794024716388434,
                0.2696067699684537,
                0.25964316712398855,
                0.24954662691218288,
                0.23935315571435625,
                0.2290994008321353,
                0.2188222525417306
            ],
            "incorrect": [
                3.980770233264329,
                4.1634975147041215,
                4.28279483339199,
                4.3337285551067275,
                4.314869427630138,
                4.228374051982437,
                4.079755133371156,
                3.877371078120033,
                3.6316985302226583,
                3.354474501451608,
                3.0578047142298694,
                2.7533309135722503,
                2.451533874804745,
                2.161224207264859,
                1.8892444775158534,
                1.6403784072043759,
                1.4174399338492145,
                1.221499374257108,
                1.052196787037985,
                0.9080933537173224,
                0.7870184990253918,
                0.686381234561649,
                0.6034264235210477,
                0.5354282471779226,
                0.47982262495323996,
                0.4342869089019318,
                0.3967786878584266,
                0.36554633397644637,
                0.33912264683188087,
                0.3163103647246596,
                0.2961651686360487,
                0.277978736923088,
                0.26126188850148835,
                0.24572616786585663,
                0.23126149201801338,
                0.21790766057999417,
                0.2058184671738493,
                0.19521859527633692,
                0.18635513599421186,
                0.1794471154636712,
                0.17463757713264366,
                0.1719533009115819,
                0.17127702057705882,
                0.17233599993029494,
                0.1747091463737246,
                0.17785269148598323,
                0.18114215379167325,
                0.18392616621415783,
                0.18558613636104146,
                0.1855948793595109,
                0.18356746748468372,
                0.17929857250421372,
                0.17278237224441131,
                0.16421335834260972,
                0.1539687470794503,
                0.1425752843769574,
                0.13066474287776234,
                0.11892315397153248,
                0.10803877835720095,
                0.09865312465646635,
                0.09131821874742574,
                0.08646209838819911,
                0.08436342804908376,
                0.08513538343896307,
                0.08871860777869489,
                0.09488302882804457,
                0.10323848364464516,
                0.1132542168235452,
                0.12428720471493766,
                0.1356187964170519,
                0.14649835064854522,
                0.15619150714641186,
                0.1640296808140671,
                0.16945657047936297,
                0.17206717445625339,
                0.17163515936515455,
                0.16812546359481492,
                0.16169061426956158,
                0.15265115398068363,
                0.14146249381304304,
                0.1286721084126425,
                0.11487200441574157,
                0.10065167694356875,
                0.0865563108717186,
                0.07305390802061446,
                0.060513550750288865,
                0.04919541572169297,
                0.0392516881332233,
                0.030736398693903107,
                0.023621528563689192,
                0.017816523086961602,
                0.013188563456745468,
                0.009581451285181215,
                0.006831625773531311,
                0.004780524254889013,
                0.0032831096386302773,
                0.0022128570666024925,
                0.0014637913081236773,
                0.0009503038529757634,
                0.0006054845034178221
            ],
            "correctMedian": 0.1134400605579482,
            "incorrectMedian": 0.03576386226904401
        },
        "5": {
            "correct": [
                1.5015466746575796,
                1.6496148085582196,
                1.7958797856937248,
                1.9374827340145746,
                2.071491271773252,
                2.195011978710709,
                2.3053100582019646,
                2.3999298068488266,
                2.476808972125417,
                2.534380015393184,
                2.5716517404713692,
                2.5882656872456735,
                2.584523071736462,
                2.5613797846596933,
                2.5204089137879824,
                2.463732284815141,
                2.393924467439309,
                2.313894421602865,
                2.2267513369528373,
                2.1356621509439067,
                2.0437086596465073,
                1.9537520431044524,
                1.868312036771574,
                1.7894669503691798,
                1.7187793519878103,
                1.657250604455536,
                1.6053056790563114,
                1.5628078958064568,
                1.5291015599971416,
                1.5030789786150793,
                1.4832671266382764,
                1.4679283501854374,
                1.455168976694099,
                1.443049564500158,
                1.429690755993262,
                1.4133692698217746,
                1.3925994298361999,
                1.3661967175331258,
                1.3333210749381295,
                1.293498993230345,
                1.2466247140575533,
                1.1929420640763655,
                1.1330094665568307,
                1.0676514689055885,
                0.9979006520026755,
                0.9249340276325347,
                0.8500079872426618,
                0.7743955628887083,
                0.6993292416348064,
                0.6259518935581168,
                0.55527759460705,
                0.48816331471757596,
                0.42529166091438236,
                0.3671641679727457,
                0.3141040564170388,
                0.26626695523871663,
                0.22365782543044807,
                0.1861522165508798,
                0.1535200261740184,
                0.1254500862834653,
                0.1015741409653763,
                0.08148907368812675,
                0.06477655880703666,
                0.05101962324606421,
                0.03981588864939778,
                0.030787506147397267,
                0.023587986262099993,
                0.0179062624106914,
                0.013468409982752208,
                0.010037479846499636,
                0.007411903561828393,
                0.005422896861155064,
                0.003931237477019769,
                0.002823731753226973,
                0.002009618960386507,
                0.0014170985280197294,
                0.0009901075173143323,
                0.0006854260465184402,
                0.00047014816617009227,
                0.000319524935416723,
                0.00021516449468727425,
                0.00014355961479432555,
                9.490514790352985e-05,
                6.216458723441456e-05,
                4.03452236453969e-05,
                2.5944002760516155e-05,
                1.653018113885435e-05,
                1.0435518084767308e-05,
                6.527489556327908e-06,
                4.045517849305288e-06,
                2.4842644290717e-06,
                1.5115317770477653e-06,
                9.11239428259868e-07,
                5.443064530299918e-07,
                3.22144129640871e-07,
                1.8890902996811688e-07,
                1.0976173704494194e-07,
                6.318950911406274e-08,
                3.60441466666787e-08,
                2.0371371604087288e-08
            ],
            "incorrect": [
                2.9623845244842997,
                3.239314221544437,
                3.440792084608778,
                3.6220874640467606,
                3.858567481347991,
                4.219878927156275,
                4.7399574664421475,
                5.3919267367088235,
                6.07928410387569,
                6.65280649569528,
                6.953268557674121,
                6.866066894838821,
                6.364145066898119,
                5.518723945528166,
                4.473175152874459,
                3.3940260402362794,
                2.4224751066220405,
                1.645186373917937,
                1.089834977362857,
                0.7386493785618727,
                0.5484383177134409,
                0.4680957184206418,
                0.4499794880873314,
                0.4557217670323187,
                0.45846948303052576,
                0.44308752608505636,
                0.40495427210991214,
                0.3475506524745907,
                0.2791815206877164,
                0.20950160234465928,
                0.1466582265544698,
                0.09565127973446268,
                0.05805014526450204,
                0.03274305682786218,
                0.017144949148406,
                0.008325175377241612,
                0.0037458978678668493,
                0.0015636131685128213,
                0.0006164699005266154,
                0.0002667687275890181,
                0.00023136329816524903,
                0.0004713744060941346,
                0.0011634291569762969,
                0.0027424052696492125,
                0.005976430867624909,
                0.011997548352307428,
                0.022177410624887952,
                0.03774661630310433,
                0.05915507542820741,
                0.08535963899065196,
                0.11341217344096853,
                0.13874371560457197,
                0.15628363785592086,
                0.16209150188288296,
                0.15479378660284324,
                0.13611103785763332,
                0.11019952189623511,
                0.08215095540024143,
                0.05638869842818979,
                0.03563838912063989,
                0.020739133346653813,
                0.01111244657522687,
                0.00548245797758737,
                0.0024905053585518666,
                0.001041708464062864,
                0.0004011912465605665,
                0.0001422666968089874,
                4.6451697672404304e-05,
                1.3965178045666927e-05,
                3.865786869934343e-06,
                9.85316781938319e-07,
                2.3123863460077632e-07,
                4.996794125792399e-08,
                9.94189242938778e-09,
                1.8213491470686612e-09,
                3.0723019539272837e-10,
                4.7717878922396314e-11,
                6.824092548923332e-12,
                8.985768565440958e-13,
                1.0894620155267667e-13,
                1.2162294089583217e-14,
                1.2501595755702544e-15,
                1.1832103125978777e-16,
                1.031109965334448e-17,
                8.273600860728581e-19,
                6.112666340218174e-20,
                4.158276451316329e-21,
                2.604609202014988e-22,
                1.5021673761404976e-23,
                7.97701896330421e-25,
                3.9004028634650935e-26,
                1.7560013771987345e-27,
                7.279252448392008e-29,
                2.778403092452929e-30,
                9.76450584266217e-32,
                3.1597434991185526e-33,
                9.414557924189478e-35,
                2.58282260140517e-36,
                6.524327721798432e-38,
                1.5174818349056875e-39
            ],
            "correctMedian": 0.10756524551346634,
            "incorrectMedian": 0.10756524551346634
        },
        "1": {
            "correct": [
                7.454705197183447e-09,
                9.463091262521156e-08,
                1.0187428352574406e-06,
                9.300902472964639e-06,
                7.201361261972383e-05,
                0.00047286055981646545,
                0.002633180179483289,
                0.01243532307147473,
                0.049803818570118764,
                0.16915993455121064,
                0.48726188514062224,
                1.1903100704493181,
                2.466037913414357,
                4.333246250587126,
                6.459691508174465,
                8.176700856644638,
                8.815177084035865,
                8.177832890433566,
                6.747696589633992,
                5.417757231853134,
                4.937406776667059,
                5.470918563885142,
                6.531167831322043,
                7.302999179693215,
                7.154446439774821,
                6.002367806238242,
                4.2828917497070105,
                2.593817533789414,
                1.3325220963027797,
                0.5805883831978944,
                0.21453585839498013,
                0.06722997070873314,
                0.017867165329562555,
                0.004026962468878887,
                0.0007697125221536841,
                0.0001247695254427506,
                1.715210724652849e-05,
                1.9996566382720582e-06,
                1.977071425409989e-07,
                1.6577470871887893e-08,
                1.178808263733248e-09,
                7.108812407477529e-11,
                3.635632023095856e-12,
                1.5768550389385518e-13,
                5.800061578183757e-15,
                1.8092660025356897e-16,
                4.786314420145245e-18,
                1.0738138737296205e-19,
                2.0430819213043482e-21,
                3.296640083943622e-23,
                4.511139663956399e-25,
                5.235160429489757e-27,
                5.152318489718567e-29,
                4.300355815704916e-31,
                3.0439328321715583e-33,
                1.8272363361573305e-35,
                9.302150568750319e-38,
                4.0160673820919975e-40,
                1.470440990540148e-42,
                4.5658663477816865e-45,
                1.202341320229992e-47,
                2.68510537781489e-50,
                5.085385498110073e-53,
                8.167994000168489e-56,
                1.112591976990258e-58,
                1.2852435163598366e-61,
                1.2591106676330795e-64,
                1.046095585055824e-67,
                7.370684452377922e-71,
                4.4042630786287545e-74,
                2.2318637086243038e-77,
                9.591600288106458e-81,
                3.495774883660334e-84,
                1.0805001397485167e-87,
                2.832273448521624e-91,
                6.296142062749591e-95,
                1.1869784663709435e-98,
                1.897755006579155e-102,
                2.5731578893745907e-106,
                2.958841551608449e-110,
                2.885399594953395e-114,
                2.3862679485858247e-118,
                1.673637635984895e-122,
                9.954802380867897e-127,
                5.02149270907542e-131,
                2.1481371896735183e-135,
                7.793278121490635e-140,
                2.3977688879818647e-144,
                6.256384770033773e-149,
                1.38442222770197e-153,
                2.5980210221580435e-158,
                4.134716548169556e-163,
                5.5805603302830725e-168,
                6.387616835583074e-173,
                6.200531100530464e-178,
                5.1044376982751505e-183,
                3.563657097883777e-188,
                2.1099535471152246e-193,
                1.059446091636512e-198,
                4.511425774158754e-204
            ],
            "incorrect": [
                1.7731441623282835,
                1.997335307870821,
                2.149467855361794,
                2.22075548288708,
                2.2195048260131296,
                2.1718594061715626,
                2.1192714286322634,
                2.112957160548915,
                2.2056098659600547,
                2.4407071161942793,
                2.8403923867521783,
                3.394308164297614,
                4.053319509550305,
                4.732508962557733,
                5.325902378000926,
                5.731001268317122,
                5.876059390509632,
                5.7400970454061016,
                5.357289475309035,
                4.803548798110061,
                4.170903646847384,
                3.5404482255823346,
                2.9643646411694453,
                2.4622191130935787,
                2.029645676136808,
                1.6525586052252819,
                1.3193343272275082,
                1.0264240162614795,
                0.7771891531086368,
                0.5769016178847498,
                0.42763665280163266,
                0.3255984338494364,
                0.2614957785636478,
                0.2230744524477178,
                0.19831571649419844,
                0.1780130735501929,
                0.15704234419119215,
                0.13427151988475747,
                0.1114964965107255,
                0.09196140923705887,
                0.07895563557292869,
                0.0747732247544328,
                0.08010658412250342,
                0.09382793721378128,
                0.11310890554326107,
                0.13387254987640473,
                0.15156689249505576,
                0.16215134894868774,
                0.16304911701451114,
                0.15374995326884447,
                0.1358311686540776,
                0.11238312179772056,
                0.08706611844737075,
                0.06315596794347167,
                0.04289281900865388,
                0.02727437081903808,
                0.01623763473874563,
                0.009050817539714854,
                0.00472334328140776,
                0.0023078507615557583,
                0.0010557531419235512,
                0.0004521822058553961,
                0.00018132637010876936,
                6.807770035151259e-05,
                2.3930137505310808e-05,
                7.875568594151027e-06,
                2.426694185909803e-06,
                7.000750297104322e-07,
                1.8909085782532613e-07,
                4.781816246897303e-08,
                1.1321699954175781e-08,
                2.5097288646828155e-09,
                5.208808327662126e-10,
                1.0121534374964097e-10,
                1.841411023795714e-11,
                3.136545050746177e-12,
                5.002058048644954e-13,
                7.4686538500685e-14,
                1.0440765522347458e-14,
                1.3665287088625168e-15,
                1.6745633589292983e-16,
                1.9212364385840922e-17,
                2.0637469877498505e-18,
                2.0755275210795443e-19,
                1.9543257175721072e-20,
                1.722906876522522e-21,
                1.4220768555832853e-22,
                1.0989570991493044e-23,
                7.951239151591805e-25,
                5.386235027591346e-26,
                3.4161127029586734e-27,
                2.0285022202790866e-28,
                1.1277561162053119e-29,
                5.8701784188478466e-31,
                2.860775767615555e-32,
                1.3053072253961418e-33,
                5.576196535278891e-35,
                2.2302821529151356e-36,
                8.351758977731669e-38,
                2.9281444861814112e-39
            ],
            "correctMedian": 0.1608049036130822,
            "incorrectMedian": 0.1608049036130822
        }
    },
    "globalMetrics": {
        "testWeight": 73,
        "targetAvg": [
            0.1095890410958904,
            0.1506849315068493,
            0.136986301369863,
            0.1506849315068493,
            0.1232876712328767,
            0.136986301369863,
            0.0410958904109589,
            0.1506849315068493
        ],
        "targetStd": [
            0.3145386319505849,
            0.360217252220885,
            0.34621238235890717,
            0.360217252220885,
            0.3310423554409472,
            0.34621238235890717,
            0.19988581215169668,
            0.36021725222088496
        ],
        "predictionAvg": [
            0.11706634485767531,
            0.1366438887402012,
            0.1343728838541588,
            0.12283087165538836,
            0.12758600513333737,
            0.1134733280867636,
            0.09551491336481642,
            0.15251176430765895
        ],
        "predictionStd": [
            0.09494460109661107,
            0.0751482499838958,
            0.07517442882041005,
            0.10111759492139513,
            0.08702769909669175,
            0.19063502218318232,
            0.08259693675287107,
            0.0815218533209171
        ]
    }
}