{
  "state": "DONE",
  "preSearchDescription": {
    "gridLength": 2,
    "searchStrategy": "GRID",
    "importantParams": [
      {
        "name": "trees",
        "vals": [
          "100"
        ]
      },
      {
        "name": "depth",
        "vals": [
          "6",
          "13"
        ]
      },
      {
        "name": "min_samples",
        "vals": [
          "1"
        ]
      }
    ]
  },
  "postSearchDescription": {
    "importantParams": [
      {
        "name": "trees",
        "val": "100"
      },
      {
        "name": "depth",
        "val": "13"
      },
      {
        "name": "min_samples",
        "val": "1"
      }
    ]
  },
  "resumed": false,
  "timeOrderingEnabled": false,
  "sampleWeightsEnabled": false,
  "modelId": "m1",
  "progress": {
    "top_level_todo": [],
    "stack": [],
    "top_level_done": [
      {
        "name": "Loading train set",
        "time": 14
      },
      {
        "name": "Loading test set",
        "time": 6
      },
      {
        "name": "Collecting statistics",
        "time": 8
      },
      {
        "name": "Preprocessing train set",
        "time": 38
      },
      {
        "name": "Preprocessing test set",
        "time": 16
      },
      {
        "name": "Hyperparameter searching",
        "time": 3029
      },
      {
        "name": "Fitting model",
        "time": 159
      },
      {
        "name": "Saving model",
        "time": 21
      },
      {
        "name": "Scoring model",
        "time": 1145
      }
    ]
  },
  "startTime": 1605796874439,
  "endTime": 1605796879097,
  "preprocessingTime": 86,
  "trainingTime": 4572,
  "hyperparamsSearchTime": 3029
}