{
    "startedAt": 1605796829402,
    "gridSize": 2,
    "nThreads": 4,
    "nSplits": 3,
    "metric": "ROC_AUC",
    "timeout": null,
    "gridPoints": [
        {
            "finishedAt": 1605796831693,
            "score": 0.6538394868128972,
            "testScoreGibMean": 0.6538394868128972,
            "testScoreMean": 0.6538394868128972,
            "testScoreStd": 0.012092678053973708,
            "trainScoreMean": 0.8168758732388937,
            "trainScoreStd": 0.009082775203858454,
            "time": 6489,
            "fitTimeMean": 638.3333333333334,
            "fitTimeStd": 17.987650084309387,
            "scoreTimeMean": 1524.6666666666667,
            "scoreTimeStd": 119.76180062477722,
            "best_iteration": null,
            "parameters": {
                "max_depth": 6,
                "max_features": "auto",
                "min_samples_leaf": 1,
                "n_estimators": 100,
                "min_samples_split": 3
            }
        },
        {
            "finishedAt": 1605796832446,
            "score": 0.6522706683806118,
            "testScoreGibMean": 0.6522706683806118,
            "testScoreMean": 0.6522706683806118,
            "testScoreStd": 0.010890495735964404,
            "trainScoreMean": 0.8294933047480249,
            "trainScoreStd": 0.006408653861223996,
            "time": 3943,
            "fitTimeMean": 506.0,
            "fitTimeStd": 29.223278392404914,
            "scoreTimeMean": 808.3333333333334,
            "scoreTimeStd": 396.49239869412656,
            "best_iteration": null,
            "parameters": {
                "max_depth": 13,
                "max_features": "auto",
                "min_samples_leaf": 1,
                "n_estimators": 100,
                "min_samples_split": 3
            }
        }
    ]
}