[
    {
        "test_score_gib": 0.647175945594688,
        "train_score": 0.8271832731413326,
        "test_score": 0.647175945594688,
        "num_samples": 98,
        "fit_time": 653,
        "score_time": 1577,
        "time": 2230,
        "parameters": {
            "max_depth": 6,
            "max_features": "auto",
            "min_samples_leaf": 1,
            "n_estimators": 100,
            "min_samples_split": 3
        },
        "best_iteration": null,
        "done_at": 1605796831635,
        "split_id": 0
    },
    {
        "test_score_gib": 0.6438016487189282,
        "train_score": 0.8051497990442932,
        "test_score": 0.6438016487189282,
        "num_samples": 94,
        "fit_time": 649,
        "score_time": 1638,
        "time": 2287,
        "parameters": {
            "max_depth": 6,
            "max_features": "auto",
            "min_samples_leaf": 1,
            "n_estimators": 100,
            "min_samples_split": 3
        },
        "best_iteration": null,
        "done_at": 1605796831693,
        "split_id": 1
    },
    {
        "test_score_gib": 0.6711936587717837,
        "train_score": 0.817877240454692,
        "test_score": 0.6711936587717837,
        "num_samples": 92,
        "fit_time": 613,
        "score_time": 1359,
        "time": 1972,
        "parameters": {
            "max_depth": 6,
            "max_features": "auto",
            "min_samples_leaf": 1,
            "n_estimators": 100,
            "min_samples_split": 3
        },
        "best_iteration": null,
        "done_at": 1605796831417,
        "split_id": 2
    },
    {
        "test_score_gib": 0.6468084688125544,
        "train_score": 0.8338112216730638,
        "test_score": 0.6468084688125544,
        "num_samples": 98,
        "fit_time": 547,
        "score_time": 1369,
        "time": 1916,
        "parameters": {
            "max_depth": 13,
            "max_features": "auto",
            "min_samples_leaf": 1,
            "n_estimators": 100,
            "min_samples_split": 3
        },
        "best_iteration": null,
        "done_at": 1605796831425,
        "split_id": 0
    },
    {
        "test_score_gib": 0.642749089146148,
        "train_score": 0.8203848242587085,
        "test_score": 0.642749089146148,
        "num_samples": 94,
        "fit_time": 481,
        "score_time": 535,
        "time": 1016,
        "parameters": {
            "max_depth": 13,
            "max_features": "auto",
            "min_samples_leaf": 1,
            "n_estimators": 100,
            "min_samples_split": 3
        },
        "best_iteration": null,
        "done_at": 1605796832437,
        "split_id": 1
    },
    {
        "test_score_gib": 0.6678176684426685,
        "train_score": 0.8342002754800025,
        "test_score": 0.6678176684426685,
        "num_samples": 92,
        "fit_time": 490,
        "score_time": 521,
        "time": 1011,
        "parameters": {
            "max_depth": 13,
            "max_features": "auto",
            "min_samples_leaf": 1,
            "n_estimators": 100,
            "min_samples_split": 3
        },
        "best_iteration": null,
        "done_at": 1605796832446,
        "split_id": 2
    }
]