{
    "modelInputNRows": 284,
    "modelInputNCols": 22,
    "modelInputIsSparse": false,
    "modelInputMemory": 49984,
    "usedGridSearch": true,
    "gridSize": 2,
    "gridBestScore": 0.6538394868128972,
    "gridCells": [
        {
            "params": {
                "max_depth": 6,
                "max_features": "auto",
                "min_samples_leaf": 1,
                "n_estimators": 100,
                "min_samples_split": 3
            },
            "score": 0.6538394868128972,
            "scoreStd": 0.012092678053973708,
            "fitTime": 0.6383333333333334,
            "fitTimeStd": 0.017987650084309387,
            "scoreTime": 1.5246666666666668,
            "scoreTimeStd": 0.11976180062477722
        },
        {
            "params": {
                "max_depth": 13,
                "max_features": "auto",
                "min_samples_leaf": 1,
                "n_estimators": 100,
                "min_samples_split": 3
            },
            "score": 0.6522706683806118,
            "scoreStd": 0.010890495735964404,
            "fitTime": 0.506,
            "fitTimeStd": 0.029223278392404916,
            "scoreTime": 0.8083333333333333,
            "scoreTimeStd": 0.39649239869412656
        }
    ],
    "rawImportance": {
        "variables": [
            "Gewicht",
            "Alter",
            "Gr\u00f6\u00dfe",
            "dummy:Geschlecht:m",
            "dummy:Geschlecht:w",
            "dummy:Seasons:5",
            "dummy:Seasons:4 5",
            "dummy:Seasons:3 4 5",
            "dummy:Seasons:1 2 3 4 5",
            "dummy:Seasons:2 3 4 5",
            "dummy:Seasons:3  5",
            "dummy:Seasons:2   5",
            "dummy:Seasons:1 2  4 5",
            "dummy:Seasons:1   4 5",
            "dummy:Seasons:1  3  5",
            "dummy:Seasons:1 2 3  5",
            "dummy:Seasons:2 3  5",
            "dummy:Seasons:3 4"
        ],
        "importances": [
            0.20904167903966242,
            0.20753653423714177,
            0.2096841902860181,
            0.051838445945176205,
            0.0659201092131218,
            0.0563400419855936,
            0.048782624205489136,
            0.028906634233912258,
            0.019521721686322973,
            0.025965249577067785,
            0.02012229213553593,
            0.012260462619119067,
            0.009550823657075606,
            0.00415514895335915,
            0.008868598552650245,
            0.013678015887122407,
            0.002008135407487759,
            0.005819292378143977
        ]
    },
    "probaAware": true
}