{
    "metrics": {
        "mrocAUC": 0.6358141069788799,
        "mcalibrationLoss": 0.04968340674936164,
        "precision": 0.38740079365079366,
        "recall": 0.25757575757575757,
        "f1": 0.20958252740167632,
        "accuracy": 0.2465753424657534,
        "hammingLoss": 0.7534246575342466,
        "logLoss": 1.9612149349041628
    },
    "processed_feature_names": [
        "Gewicht",
        "Alter",
        "Gr\u00f6\u00dfe",
        "dummy:Geschlecht:m",
        "dummy:Geschlecht:w",
        "dummy:Geschlecht:N/A",
        "dummy:Geschlecht:__Others__",
        "dummy:Seasons:5",
        "dummy:Seasons:4 5",
        "dummy:Seasons:3 4 5",
        "dummy:Seasons:1 2 3 4 5",
        "dummy:Seasons:2 3 4 5",
        "dummy:Seasons:3  5",
        "dummy:Seasons:2   5",
        "dummy:Seasons:1 2  4 5",
        "dummy:Seasons:1   4 5",
        "dummy:Seasons:1  3  5",
        "dummy:Seasons:1 2 3  5",
        "dummy:Seasons:2 3  5",
        "dummy:Seasons:3 4",
        "dummy:Seasons:N/A",
        "dummy:Seasons:__Others__"
    ],
    "classes": [
        "0",
        "3",
        "2",
        "6",
        "4",
        "8",
        "5",
        "1"
    ],
    "confusion": {
        "totalRows": 73,
        "perActual": {
            "0": {
                "actualClassCount": 8.0,
                "perPredicted": {
                    "0": 4,
                    "3": 3,
                    "2": 0,
                    "6": 0,
                    "4": 1,
                    "8": 0,
                    "5": 0,
                    "1": 0
                }
            },
            "3": {
                "actualClassCount": 11.0,
                "perPredicted": {
                    "0": 2,
                    "3": 7,
                    "2": 0,
                    "6": 0,
                    "4": 1,
                    "8": 1,
                    "5": 0,
                    "1": 0
                }
            },
            "2": {
                "actualClassCount": 10.0,
                "perPredicted": {
                    "0": 1,
                    "3": 6,
                    "2": 1,
                    "6": 0,
                    "4": 0,
                    "8": 1,
                    "5": 1,
                    "1": 0
                }
            },
            "6": {
                "actualClassCount": 11.0,
                "perPredicted": {
                    "0": 0,
                    "3": 4,
                    "2": 0,
                    "6": 1,
                    "4": 1,
                    "8": 5,
                    "5": 0,
                    "1": 0
                }
            },
            "4": {
                "actualClassCount": 9.0,
                "perPredicted": {
                    "0": 1,
                    "3": 4,
                    "2": 0,
                    "6": 0,
                    "4": 0,
                    "8": 3,
                    "5": 1,
                    "1": 0
                }
            },
            "8": {
                "actualClassCount": 10.0,
                "perPredicted": {
                    "0": 1,
                    "3": 4,
                    "2": 0,
                    "6": 0,
                    "4": 1,
                    "8": 4,
                    "5": 0,
                    "1": 0
                }
            },
            "5": {
                "actualClassCount": 3.0,
                "perPredicted": {
                    "0": 0,
                    "3": 2,
                    "2": 0,
                    "6": 0,
                    "4": 0,
                    "8": 0,
                    "5": 1,
                    "1": 0
                }
            },
            "1": {
                "actualClassCount": 11.0,
                "perPredicted": {
                    "0": 5,
                    "3": 6,
                    "2": 0,
                    "6": 0,
                    "4": 0,
                    "8": 0,
                    "5": 0,
                    "1": 0
                }
            }
        }
    },
    "oneVsAllRocAUC": {
        "0": 0.7057692307692307,
        "3": 0.6173020527859238,
        "2": 0.526984126984127,
        "6": 0.6510263929618768,
        "4": 0.46614583333333337,
        "8": 0.6936507936507936,
        "5": 0.6666666666666666,
        "1": 0.7719941348973607
    },
    "oneVsAllRocCurves": {
        "0": [
            {
                "x": 0.0,
                "y": 0.0,
                "p": 1.2987534360199393
            },
            {
                "x": 0.13846153846153847,
                "y": 0.375,
                "p": 0.2987534360199393
            },
            {
                "x": 0.13846153846153847,
                "y": 0.5,
                "p": 0.28637651504617184
            },
            {
                "x": 0.2,
                "y": 0.5,
                "p": 0.12668885714723777
            },
            {
                "x": 0.676923076923077,
                "y": 0.875,
                "p": 0.10735934074922852
            },
            {
                "x": 0.6923076923076923,
                "y": 1.0,
                "p": 0.09275070314021568
            },
            {
                "x": 1.0,
                "y": 1.0,
                "p": 0.0013134587630712186
            }
        ],
        "3": [
            {
                "x": 0.0,
                "y": 0.0,
                "p": 1.336979483086448
            },
            {
                "x": 0.0,
                "y": 0.09090909090909091,
                "p": 0.33697948308644804
            },
            {
                "x": 0.46774193548387094,
                "y": 0.6363636363636364,
                "p": 0.17016009755647787
            },
            {
                "x": 0.6290322580645161,
                "y": 0.8181818181818182,
                "p": 0.16497963669953603
            },
            {
                "x": 0.7258064516129032,
                "y": 0.8181818181818182,
                "p": 0.11336431646015736
            },
            {
                "x": 0.7258064516129032,
                "y": 0.9090909090909091,
                "p": 0.09988380263156367
            },
            {
                "x": 0.9354838709677419,
                "y": 0.9090909090909091,
                "p": 0.033273410875587585
            },
            {
                "x": 0.9354838709677419,
                "y": 1.0,
                "p": 0.03316135407123129
            },
            {
                "x": 1.0,
                "y": 1.0,
                "p": 0.011394156983956707
            }
        ],
        "2": [
            {
                "x": 0.0,
                "y": 0.0,
                "p": 1.2419587482073164
            },
            {
                "x": 0.1746031746031746,
                "y": 0.1,
                "p": 0.24195874820731642
            },
            {
                "x": 0.1746031746031746,
                "y": 0.2,
                "p": 0.22788576194320517
            },
            {
                "x": 0.6666666666666666,
                "y": 0.7,
                "p": 0.1443462278990397
            },
            {
                "x": 0.6825396825396826,
                "y": 0.9,
                "p": 0.10344031721842344
            },
            {
                "x": 0.9206349206349206,
                "y": 0.9,
                "p": 0.011854624776492613
            },
            {
                "x": 0.9206349206349206,
                "y": 1.0,
                "p": 0.009685700431949192
            },
            {
                "x": 1.0,
                "y": 1.0,
                "p": 0.0024917977434406923
            }
        ],
        "6": [
            {
                "x": 0.0,
                "y": 0.0,
                "p": 1.3344687024101434
            },
            {
                "x": 0.016129032258064516,
                "y": 0.09090909090909091,
                "p": 0.3238255040167163
            },
            {
                "x": 0.04838709677419355,
                "y": 0.18181818181818182,
                "p": 0.26985912972317916
            },
            {
                "x": 0.06451612903225806,
                "y": 0.2727272727272727,
                "p": 0.24512911389753508
            },
            {
                "x": 0.1774193548387097,
                "y": 0.2727272727272727,
                "p": 0.17068884926303396
            },
            {
                "x": 0.1774193548387097,
                "y": 0.36363636363636365,
                "p": 0.1594543658329
            },
            {
                "x": 0.1935483870967742,
                "y": 0.45454545454545453,
                "p": 0.1410451946541474
            },
            {
                "x": 0.7096774193548387,
                "y": 0.8181818181818182,
                "p": 0.12538419621822194
            },
            {
                "x": 0.7096774193548387,
                "y": 0.9090909090909091,
                "p": 0.1189861078610044
            },
            {
                "x": 0.7580645161290323,
                "y": 1.0,
                "p": 0.05797732190996951
            },
            {
                "x": 1.0,
                "y": 1.0,
                "p": 0.002651389016082008
            }
        ],
        "4": [
            {
                "x": 0.0,
                "y": 0.0,
                "p": 1.3609669281297343
            },
            {
                "x": 0.125,
                "y": 0.0,
                "p": 0.16341072651947797
            },
            {
                "x": 0.125,
                "y": 0.1111111111111111,
                "p": 0.1624588253995153
            },
            {
                "x": 0.609375,
                "y": 0.5555555555555556,
                "p": 0.14358391656959882
            },
            {
                "x": 0.71875,
                "y": 0.5555555555555556,
                "p": 0.09039551964311088
            },
            {
                "x": 0.71875,
                "y": 0.6666666666666666,
                "p": 0.09033101409275598
            },
            {
                "x": 0.75,
                "y": 0.7777777777777778,
                "p": 0.08034143503822028
            },
            {
                "x": 0.8125,
                "y": 0.7777777777777778,
                "p": 0.05723735267124752
            },
            {
                "x": 0.8125,
                "y": 0.8888888888888888,
                "p": 0.056589301164589816
            },
            {
                "x": 0.984375,
                "y": 1.0,
                "p": 0.05429622109868951
            },
            {
                "x": 1.0,
                "y": 1.0,
                "p": 0.024907697359477808
            }
        ],
        "8": [
            {
                "x": 0.0,
                "y": 0.0,
                "p": 1.6250063821978649
            },
            {
                "x": 0.031746031746031744,
                "y": 0.2,
                "p": 0.4424624087030377
            },
            {
                "x": 0.06349206349206349,
                "y": 0.3,
                "p": 0.43759343009877005
            },
            {
                "x": 0.1111111111111111,
                "y": 0.4,
                "p": 0.30781659211259677
            },
            {
                "x": 0.2222222222222222,
                "y": 0.4,
                "p": 0.17912619693855494
            },
            {
                "x": 0.2222222222222222,
                "y": 0.5,
                "p": 0.14967548016244991
            },
            {
                "x": 0.31746031746031744,
                "y": 0.5,
                "p": 0.0707433967070563
            },
            {
                "x": 0.31746031746031744,
                "y": 0.6,
                "p": 0.06859920536397943
            },
            {
                "x": 0.8095238095238095,
                "y": 1.0,
                "p": 0.03671748042796588
            },
            {
                "x": 1.0,
                "y": 1.0,
                "p": 0.0008944576326703996
            }
        ],
        "5": [
            {
                "x": 0.0,
                "y": 0.0,
                "p": 1.3149623972598723
            },
            {
                "x": 0.02857142857142857,
                "y": 0.3333333333333333,
                "p": 0.24973635337339106
            },
            {
                "x": 0.2571428571428571,
                "y": 0.3333333333333333,
                "p": 0.11802330101118688
            },
            {
                "x": 0.7142857142857143,
                "y": 1.0,
                "p": 0.10998743037009766
            },
            {
                "x": 0.8285714285714286,
                "y": 1.0,
                "p": 0.01587861032799613
            },
            {
                "x": 1.0,
                "y": 1.0,
                "p": 0.002020522421462696
            }
        ],
        "1": [
            {
                "x": 0.0,
                "y": 0.0,
                "p": 1.2344455889043038
            },
            {
                "x": 0.11290322580645161,
                "y": 0.45454545454545453,
                "p": 0.23444558890430384
            },
            {
                "x": 0.5967741935483871,
                "y": 1.0,
                "p": 0.16246131020936969
            },
            {
                "x": 1.0,
                "y": 1.0,
                "p": 0.0077006415263357365
            }
        ]
    },
    "oneVsAllCalibrationCurves": {
        "0": [
            {
                "y": 0,
                "x": 0,
                "n": 0
            },
            {
                "y": 0.045454545454545456,
                "x": 0.02841161792028475,
                "n": 22.0
            },
            {
                "y": 0.08108108108108109,
                "x": 0.11203307943303231,
                "n": 37.0
            },
            {
                "y": 0.2857142857142857,
                "x": 0.29218054816611044,
                "n": 14.0
            },
            {
                "y": 1,
                "x": 1,
                "n": 0
            }
        ],
        "3": [
            {
                "y": 0,
                "x": 0,
                "n": 0
            },
            {
                "y": 0.10526315789473684,
                "x": 0.049316958574512626,
                "n": 19.0
            },
            {
                "y": 0.15384615384615385,
                "x": 0.1661582594452423,
                "n": 52.0
            },
            {
                "y": 0.0,
                "x": 0.2092376557986927,
                "n": 1.0
            },
            {
                "y": 1.0,
                "x": 0.33697948308644804,
                "n": 1.0
            },
            {
                "y": 1,
                "x": 1,
                "n": 0
            }
        ],
        "2": [
            {
                "y": 0,
                "x": 0,
                "n": 0
            },
            {
                "y": 0.05,
                "x": 0.03416191076740779,
                "n": 20.0
            },
            {
                "y": 0.1794871794871795,
                "x": 0.14181124555146907,
                "n": 39.0
            },
            {
                "y": 0.14285714285714285,
                "x": 0.2398932802618314,
                "n": 14.0
            },
            {
                "y": 1,
                "x": 1,
                "n": 0
            }
        ],
        "6": [
            {
                "y": 0,
                "x": 0,
                "n": 0
            },
            {
                "y": 0.058823529411764705,
                "x": 0.017152258436194688,
                "n": 17.0
            },
            {
                "y": 0.15217391304347827,
                "x": 0.13211237715438023,
                "n": 46.0
            },
            {
                "y": 0.25,
                "x": 0.254356449405054,
                "n": 8.0
            },
            {
                "y": 0.5,
                "x": 0.32914710321342977,
                "n": 2.0
            },
            {
                "y": 1,
                "x": 1,
                "n": 0
            }
        ],
        "4": [
            {
                "y": 0,
                "x": 0,
                "n": 0
            },
            {
                "y": 0.16666666666666666,
                "x": 0.06344289548574558,
                "n": 24.0
            },
            {
                "y": 0.11363636363636363,
                "x": 0.14385843741557983,
                "n": 44.0
            },
            {
                "y": 0.0,
                "x": 0.23825669967490035,
                "n": 3.0
            },
            {
                "y": 0.0,
                "x": 0.33439759501131067,
                "n": 2.0
            },
            {
                "y": 1,
                "x": 1,
                "n": 0
            }
        ],
        "8": [
            {
                "y": 0,
                "x": 0,
                "n": 0
            },
            {
                "y": 0.09803921568627451,
                "x": 0.03156731421763356,
                "n": 51.0
            },
            {
                "y": 0.2,
                "x": 0.135640309893202,
                "n": 5.0
            },
            {
                "y": 0.0,
                "x": 0.2321508063959116,
                "n": 5.0
            },
            {
                "y": 0.25,
                "x": 0.3416364492549715,
                "n": 4.0
            },
            {
                "y": 0.42857142857142855,
                "x": 0.44120725912255654,
                "n": 7.0
            },
            {
                "y": 0.0,
                "x": 0.625006382197865,
                "n": 1.0
            },
            {
                "y": 1,
                "x": 1,
                "n": 0
            }
        ],
        "5": [
            {
                "y": 0,
                "x": 0,
                "n": 0
            },
            {
                "y": 0.0,
                "x": 0.024373882499355144,
                "n": 18.0
            },
            {
                "y": 0.0392156862745098,
                "x": 0.12349281879181032,
                "n": 51.0
            },
            {
                "y": 0.3333333333333333,
                "x": 0.24986839987970644,
                "n": 3.0
            },
            {
                "y": 0.0,
                "x": 0.31496239725987224,
                "n": 1.0
            },
            {
                "y": 1,
                "x": 1,
                "n": 0
            }
        ],
        "1": [
            {
                "y": 0,
                "x": 0,
                "n": 0
            },
            {
                "y": 0.0,
                "x": 0.04262745377457779,
                "n": 24.0
            },
            {
                "y": 0.16216216216216217,
                "x": 0.16158764501148265,
                "n": 37.0
            },
            {
                "y": 0.4166666666666667,
                "x": 0.2344455889043039,
                "n": 12.0
            },
            {
                "y": 1,
                "x": 1,
                "n": 0
            }
        ]
    },
    "oneVsAllCalibrationLoss": {
        "0": 0.02206432902878736,
        "3": 0.0352803486431384,
        "2": 0.043077111394660146,
        "6": 0.027504104743791398,
        "4": 0.07110557594075262,
        "8": 0.08154277329438196,
        "5": 0.07263316220536262,
        "1": 0.04425984874401867
    },
    "densityData": {
        "0": {
            "correct": [
                0.9086411347977719,
                1.1305174432341174,
                1.3755883479387567,
                1.636964043758494,
                1.9052407628436903,
                2.1689665812188377,
                2.4154495129509934,
                2.6318544689754404,
                2.8064805704212152,
                2.9300667381185685,
                2.9969513311144573,
                3.0059170667047246,
                2.9605862594982653,
                2.86928845450302,
                2.744392959357174,
                2.6011703776877364,
                2.456308259907973,
                2.32624767377721,
                2.22552558322896,
                2.165302698732059,
                2.1522316416490406,
                2.1877812193939046,
                2.268084696112736,
                2.384327560329294,
                2.523636869426592,
                2.6703829966934722,
                2.807759409837427,
                2.919471991056276,
                2.9913520702896768,
                3.0127118079711304,
                2.9772893315358266,
                2.8836824693858265,
                2.7352376169748234,
                2.5394337247711074,
                2.306868106308851,
                2.049999024311479,
                1.7818217178477962,
                1.51464707730838,
                1.2591189163658103,
                1.0235549929956933,
                0.8136395418357493,
                0.6324420490801642,
                0.48069690244440116,
                0.35725608069714776,
                0.2596226777873019,
                0.18448371334652633,
                0.12818112049693142,
                0.08708417845119105,
                0.05784986766032225,
                0.03757615075391796,
                0.023865360955516855,
                0.014820695231391252,
                0.008999390480144946,
                0.0053431909666157235,
                0.0031019195607367637,
                0.0017607665321511194,
                0.0009772678557299248,
                0.0005303532700157151,
                0.00028142060853824475,
                0.0001460107321277,
                7.407149796847303e-05,
                3.674127213430058e-05,
                1.781940581067731e-05,
                8.450209565141408e-06,
                3.9181066019026054e-06,
                1.7763101949858142e-06,
                7.873982704766119e-07,
                3.412734461594336e-07,
                1.4462462598129596e-07,
                5.992568894072004e-08,
                2.4278072022928987e-08,
                9.617120902194929e-09,
                3.724817807465799e-09,
                1.4105660968824353e-09,
                5.222875510407647e-10,
                1.8908327847790724e-10,
                6.693036450041237e-11,
                2.3164305515035602e-11,
                7.838641951110272e-12,
                2.5935059680005027e-12,
                8.389923467757619e-13,
                2.6537042666776974e-13,
                8.206732636947068e-14,
                2.4814798853904814e-14,
                7.336238277905608e-15,
                2.1205952605815974e-15,
                5.993262999053985e-16,
                1.6561115667795813e-16,
                4.4744130454033753e-17,
                1.1819587359001293e-17,
                3.0527262388906974e-18,
                7.708897267740496e-19,
                1.9033342879782648e-19,
                4.594686341081125e-20,
                1.0844617316770688e-20,
                2.5025902328299926e-21,
                5.646534788449785e-22,
                1.2456344927681186e-22,
                2.6866754826484103e-23,
                5.665723682710144e-24
            ],
            "incorrect": [
                2.6049430158120677,
                2.896131247898769,
                3.1452426117105277,
                3.379648223548786,
                3.636994976171413,
                3.949353475849931,
                4.326080111310898,
                4.742277846341432,
                5.138630675904099,
                5.434515540827771,
                5.550954922281308,
                5.4354630152260475,
                5.079453789347862,
                4.521606513970762,
                3.8363248850618747,
                3.112425270452225,
                2.430556056758773,
                1.8472035743457385,
                1.389281252275488,
                1.05850942402905,
                0.8413704480838297,
                0.7194925571440398,
                0.6765855981863004,
                0.7004028739098465,
                0.7804852535705681,
                0.9039413688011557,
                1.0519739523001184,
                1.1993069318516283,
                1.3173252066891137,
                1.3800573161650196,
                1.3707622022028894,
                1.2864581262659482,
                1.1385128665400932,
                0.949057624878434,
                0.7446831588673882,
                0.5498023706906173,
                0.38185542519650806,
                0.24945380939102993,
                0.15326583341203523,
                0.08856126139119941,
                0.04812524651337548,
                0.02459378258483377,
                0.011819424055457746,
                0.005341744969424888,
                0.0022703046958998502,
                0.000907398962494098,
                0.00034105538688409734,
                0.00012054901551419212,
                4.006953532477543e-05,
                1.2524969679223953e-05,
                3.6817196092039894e-06,
                1.0177388049506786e-06,
                2.645656882450628e-07,
                6.46758651480824e-08,
                1.4868340671495444e-08,
                3.214358269079572e-09,
                6.534879374905952e-10,
                1.2493737686846677e-10,
                2.246253170828903e-11,
                3.79783885666019e-12,
                6.038455552505207e-13,
                9.02873120559085e-14,
                1.2695186433587725e-14,
                1.6786608094353689e-15,
                2.0873646712042854e-16,
                2.4408731778407362e-17,
                2.6841303968429316e-18,
                2.7757063215845893e-19,
                2.6993234498853186e-20,
                2.4685836573218686e-21,
                2.12301117581453e-22,
                1.7169917960631399e-23,
                1.3058571420418963e-24,
                9.339736551055731e-26,
                6.2818142798783216e-27,
                3.973260755273591e-28,
                2.3633092333570384e-29,
                1.3219211304829764e-30,
                6.953477385005566e-32,
                3.4396167661773086e-33,
                1.6000353464900416e-34,
                6.999396648620698e-36,
                2.879407573076284e-37,
                1.1139281746847094e-38,
                4.052497389793828e-40,
                1.3864359394786233e-41,
                4.4605496777143236e-43,
                1.3495483924085313e-44,
                3.839724392709877e-46,
                1.0273611818324651e-47,
                2.5849834114857682e-49,
                6.116512640905201e-51,
                1.3610105874989201e-52,
                2.8479387091825444e-54,
                5.604169759985787e-56,
                1.0370589287742486e-57,
                1.804708635865283e-59,
                2.9533999753187256e-61,
                4.5451575949913523e-63,
                6.577897992420214e-65
            ],
            "correctMedian": 0.1968679278977002,
            "incorrectMedian": 0.10735934074922852
        },
        "3": {
            "correct": [
                0.6884396648735421,
                0.8300496679610032,
                0.9694231752889562,
                1.1050623667940376,
                1.2417052016802372,
                1.39167090479283,
                1.5747365281021644,
                1.816177632823496,
                2.1427614802796136,
                2.5767144109745765,
                3.128167143638041,
                3.7873906878085575,
                4.519057140108988,
                5.261254199783203,
                5.9314331482786695,
                6.439623810163369,
                6.706563083436599,
                6.6819743321055745,
                6.357364947740329,
                5.7690557149637405,
                4.990333002049442,
                4.11529250830357,
                3.2395241177044274,
                2.443243585845019,
                1.7808392150979455,
                1.2780396709246122,
                0.9353321387791695,
                0.7348386514766597,
                0.6478427808142763,
                0.6411325881992601,
                0.6815661239865375,
                0.7391550031680783,
                0.7892377387035084,
                0.814089893164283,
                0.8039202564376569,
                0.7569558538879164,
                0.6783812451453362,
                0.5782134510327571,
                0.4685641903908573,
                0.36095597691797054,
                0.2643119363343052,
                0.1839692133494291,
                0.12171227611550475,
                0.07653892017734679,
                0.045749680768830514,
                0.025992688244795392,
                0.014036911094954769,
                0.0072052499022044626,
                0.0035154721598818885,
                0.001630329473355978,
                0.0007186611912794445,
                0.0003011134118237215,
                0.00011992040846598952,
                4.5395540416173733e-05,
                1.6333918110190166e-05,
                5.586305071546841e-06,
                1.8160007186305223e-06,
                5.61131274606604e-07,
                1.6480486400530834e-07,
                4.600792720066843e-08,
                1.2208221529026898e-08,
                3.0791385217946703e-09,
                7.38181478889526e-10,
                1.682109074220128e-10,
                3.643361414584032e-11,
                7.500797609265744e-12,
                1.4678096265108191e-12,
                2.730166339031708e-13,
                4.8268697044993496e-14,
                8.111461951447501e-15,
                1.2956562274254102e-15,
                1.9671502387500377e-16,
                2.838849470802672e-17,
                3.894074817388029e-18,
                5.07718875846963e-19,
                6.29215510850825e-20,
                7.411952403263451e-21,
                8.298945554457695e-22,
                8.832228591787754e-23,
                8.934593084152526e-24,
                8.590854165117362e-25,
                7.851542887509269e-26,
                6.820728451115433e-27,
                5.632012417783718e-28,
                4.4203182612766944e-29,
                3.2976196860658e-30,
                2.3383239958096243e-31,
                1.576035143515482e-32,
                1.0096810381353718e-33,
                6.148364336921638e-35,
                3.558705758705565e-36,
                1.957860114991673e-37,
                1.0238311267294699e-38,
                5.088995776681392e-40,
                2.4043237350458477e-41,
                1.0797193603755972e-42,
                4.608779447408347e-44,
                1.8698985895179192e-45,
                7.211195575687178e-47,
                2.6433433984323394e-48
            ],
            "incorrect": [
                1.2804934000349046,
                1.9023562083373764,
                2.515923397289898,
                2.9808106789649718,
                3.1943299053264713,
                3.1365388347778294,
                2.8653775949281433,
                2.4772687814392573,
                2.0748606956483227,
                1.7656091671853282,
                1.6828204408836795,
                2.0025683274766375,
                2.9180006233065794,
                4.532527680204719,
                6.689691530418264,
                8.869174170503724,
                10.320056539782835,
                10.441732717755972,
                9.157631562546776,
                6.964285414685061,
                4.608898170335127,
                2.6742615456071763,
                1.3778013442800359,
                0.6418047825838996,
                0.2759525660144583,
                0.11125802511635767,
                0.04216442584965999,
                0.014833014038049791,
                0.004745085992375089,
                0.001352916689428476,
                0.00033861525997761735,
                7.365814542980762e-05,
                1.3842044007262375e-05,
                2.2394362254189134e-06,
                3.113078272990108e-07,
                3.71437139845055e-08,
                3.801601019670771e-09,
                3.3365081924587274e-10,
                2.5106424310062117e-11,
                1.6195791390590732e-12,
                8.956141526037744e-14,
                4.245496651006068e-15,
                1.7251143865488502e-16,
                6.008766523510574e-18,
                1.79402593664764e-19,
                4.591418923322877e-21,
                1.0072547191012045e-22,
                1.894111527419478e-24,
                3.053131012735174e-26,
                4.218508106427467e-28,
                4.996269225017572e-30,
                5.07231530943219e-32,
                4.4140790021144864e-34,
                3.292663885747314e-36,
                2.1053685592749374e-38,
                1.1539375270944004e-40,
                5.421380523669131e-43,
                2.1832874292189213e-45,
                7.536771798652967e-48,
                2.2301457419157863e-50,
                5.656588071475014e-53,
                1.2298419117076264e-55,
                2.2920149874268813e-58,
                3.661500055023819e-61,
                5.0138814924364926e-64,
                5.8852174303315134e-67,
                5.921399848561261e-70,
                5.1069274929608946e-73,
                3.775447395204908e-76,
                2.3924924886194948e-79,
                1.2995894299264475e-82,
                6.051111922210349e-86,
                2.4151139645895366e-89,
                8.262538580185197e-93,
                2.4230523632238594e-96,
                6.090956903371654e-100,
                1.3124467196121982e-103,
                2.424104092226268e-107,
                3.837905488194954e-111,
                5.208476565920283e-115,
                6.058994821594062e-119,
                6.041765654949598e-123,
                5.16417081229293e-127,
                3.783648200286432e-131,
                2.3762620265881982e-135,
                1.2792379489294047e-139,
                5.903122134839867e-144,
                2.3349932592717786e-148,
                7.917041500163987e-153,
                2.3009842167123664e-157,
                5.732417139777079e-162,
                1.224152038079753e-166,
                2.240816852398968e-171,
                3.5160155893038505e-176,
                4.728992768413412e-181,
                5.452051326987255e-186,
                5.387963556197411e-191,
                4.56418029066065e-196,
                3.314166788477134e-201,
                2.0628106193722216e-206
            ],
            "correctMedian": 0.17016009755647787,
            "incorrectMedian": 0.16497963669953603
        },
        "2": {
            "correct": [
                1.0165085460458807,
                1.1031725364217642,
                1.1735254994902151,
                1.2546737010376037,
                1.3864309246462507,
                1.6137139215261067,
                1.9756920369440218,
                2.4939108387298226,
                3.1620466651957426,
                3.940024888142664,
                4.754953333487096,
                5.5104249350825905,
                6.103896117205937,
                6.449116571983004,
                6.497823512894437,
                6.253596479289804,
                5.772191014419046,
                5.146932526616841,
                4.483325630255677,
                3.871370129179668,
                3.364995765094728,
                2.9750088723427117,
                2.676428681711358,
                2.425667061316233,
                2.1800105314468463,
                1.912268441236106,
                1.6165791905425408,
                1.3054533747677604,
                1.00131243579268,
                0.7269481142457306,
                0.4984865264269896,
                0.3224633056334003,
                0.1966360723722102,
                0.11298167126467114,
                0.06114955483539459,
                0.03117015839000511,
                0.01496195509679993,
                0.006762349833735783,
                0.0028776007547180226,
                0.0011528024424027551,
                0.0004347513474970732,
                0.00015433358988812683,
                5.156871300624033e-05,
                1.6217807814557777e-05,
                4.800124922770648e-06,
                1.337035012277968e-06,
                3.5046045574964966e-07,
                8.644070327666463e-08,
                2.0061275095688808e-08,
                4.380650807839561e-09,
                8.999916038258833e-10,
                1.7395577031838408e-10,
                3.1631632422444057e-11,
                5.410900637547644e-12,
                8.706958388373955e-13,
                1.3179442786777482e-13,
                1.8764929326819813e-14,
                2.5130587671322177e-15,
                3.165567397243349e-16,
                3.7504371788673023e-17,
                4.179098664136656e-18,
                4.379691152953026e-19,
                4.3167303603531596e-20,
                4.001363842960149e-21,
                3.4881455152186753e-22,
                2.859610685175609e-23,
                2.2046410510648413e-24,
                1.5983833544877675e-25,
                1.0897578175917431e-26,
                6.9868173263301635e-28,
                4.212344904242667e-29,
                2.388134511026274e-30,
                1.2731498583609164e-31,
                6.382370994094331e-33,
                3.0085868809136847e-34,
                1.333575390756022e-35,
                5.558324195627606e-37,
                2.1784043580647108e-38,
                8.027840073078957e-40,
                2.781775030012831e-41,
                9.063711215582304e-43,
                2.7768265162160744e-44,
                7.999228608214815e-46,
                2.166717739068065e-47,
                5.518356841780373e-49,
                1.32150529669597e-50,
                2.9756258286692727e-52,
                6.29994454025556e-54,
                1.2541311152031493e-55,
                2.347447459659915e-57,
                4.131374257281764e-59,
                6.836565807759524e-61,
                1.0637153210611314e-62,
                1.5561663175824023e-64,
                2.1405682282826326e-66,
                2.768496329226214e-68,
                3.366666057978833e-70,
                3.849433206725785e-72,
                4.1384116539479386e-74,
                4.183215854895442e-76
            ],
            "incorrect": [
                2.140986373499209,
                2.4492166086663856,
                2.6407437477755704,
                2.708402401716657,
                2.676500782540803,
                2.5945952187770582,
                2.52766492302878,
                2.5468178238690466,
                2.719497181482801,
                3.094115490742374,
                3.6768495669895356,
                4.408239237411692,
                5.156679042450443,
                5.744365754215844,
                6.004971824218986,
                5.850209068801909,
                5.311175017868994,
                4.530564130719232,
                3.708007169039654,
                3.025311759768917,
                2.5859247854296736,
                2.3917768205251244,
                2.3608685426103073,
                2.3721989426896193,
                2.3167837620382543,
                2.134796381956116,
                1.8271476165916247,
                1.4417383254622973,
                1.0451871884419786,
                0.6950337588500628,
                0.42364007225276534,
                0.23659574645454698,
                0.12104575270496347,
                0.0567248647873166,
                0.02434692194151364,
                0.00957051983381218,
                0.003445300900053342,
                0.0011357992638312358,
                0.00034288134857483074,
                9.47852965484586e-05,
                2.3992831006067768e-05,
                5.561031790232874e-06,
                1.1801949918015836e-06,
                2.2933421863993813e-07,
                4.080315805676886e-08,
                6.646950720867649e-09,
                9.9140148365394e-10,
                1.35384950782856e-10,
                1.692703137930433e-11,
                1.937658080057959e-12,
                2.0307488572062715e-13,
                1.9485663535150685e-14,
                1.711794421820902e-15,
                1.3767759078333165e-16,
                1.0137905354658068e-17,
                6.834470032448591e-19,
                4.218243127720918e-20,
                2.3835662128994316e-21,
                1.233077963626853e-22,
                5.8401035555175845e-24,
                2.5323070840029533e-25,
                1.0052572742577137e-26,
                3.6534437750368784e-28,
                1.2156019286767581e-29,
                3.7029133872781355e-31,
                1.0326626862266674e-32,
                2.6365485067632666e-34,
                6.162756939671852e-36,
                1.3187910501595392e-37,
                2.583677749131413e-39,
                4.634062196692781e-41,
                7.609328237272084e-43,
                1.1439091595197356e-44,
                1.5743357285526075e-46,
                1.9836434666352268e-48,
                2.288180101038976e-50,
                2.4164455020914536e-52,
                2.3362747747232958e-54,
                2.0679063321663705e-56,
                1.6757057472988792e-58,
                1.2431528841011998e-60,
                8.443279242513882e-63,
                5.249978693894403e-65,
                2.988571572855626e-67,
                1.5575050880444244e-69,
                7.431131473610124e-72,
                3.2459366795757693e-74,
                1.2980300384413661e-76,
                4.752137732571221e-79,
                1.5927692136637752e-81,
                4.887381319119032e-84,
                1.3729639020402528e-86,
                3.531030931486666e-89,
                8.313873674926078e-92,
                1.7921105903317542e-94,
                3.536597758004466e-97,
                6.389487076040524e-100,
                1.05683158715473e-102,
                1.6003133509419599e-105,
                2.2185218992433352e-108
            ],
            "correctMedian": 0.1443462278990397,
            "incorrectMedian": 0.1443462278990397
        },
        "6": {
            "correct": [
                0.5493744971191099,
                0.7537281837304789,
                1.0110967372795892,
                1.327548588153046,
                1.7066298990857363,
                2.1473377460636143,
                2.64178168555569,
                3.17312035212465,
                3.714603006708638,
                4.230545995313147,
                4.679730212456222,
                5.021050563545034,
                5.2204696825145644,
                5.25771254710946,
                5.130954731346602,
                4.858130210127212,
                4.474328602337428,
                4.025794704778469,
                3.561937403823271,
                3.1272161823768965,
                2.7546839789590893,
                2.462400600620566,
                2.2531085727153304,
                2.1167485502700414,
                2.034805786393178,
                1.9852425390246882,
                1.9468870482089315,
                1.902524833404048,
                1.8404241473512002,
                1.754469284610619,
                1.6433562520122353,
                1.5093775262279352,
                1.3572151153214156,
                1.1929590500847294,
                1.023373146163137,
                0.8553162718425291,
                0.6952174780186392,
                0.5485673602392752,
                0.41946880964945743,
                0.3103364143219607,
                0.22182305680585948,
                0.15299624386712593,
                0.10171746836255958,
                0.06512795656622494,
                0.040131064158641046,
                0.02378361771644562,
                0.013550372723083886,
                0.007418799570686615,
                0.0039020385377692354,
                0.001971144847183347,
                0.0009561585944173537,
                0.0004453059590719563,
                0.00019909067573060384,
                8.544071491392694e-05,
                3.5193853675178934e-05,
                1.3913300734518807e-05,
                5.278783112166083e-06,
                1.9220337872510113e-06,
                6.715811149096981e-07,
                2.2518301467486996e-07,
                7.245428658766716e-08,
                2.2370575929593764e-08,
                6.627802485069486e-09,
                1.8842435241241352e-09,
                5.140155012392094e-10,
                1.3455022428071208e-10,
                3.379554997243369e-11,
                8.14516308024904e-12,
                1.883665826988468e-12,
                4.1799458321477836e-13,
                8.90019041711543e-14,
                1.8183986377035656e-14,
                3.564835507977849e-15,
                6.705791515305586e-16,
                1.2103762624276883e-16,
                2.096284693604185e-17,
                3.483689309437831e-18,
                5.555046176069945e-19,
                8.499529590352952e-20,
                1.247845880562817e-20,
                1.7578659677539474e-21,
                2.3761247680616847e-22,
                3.081848877818592e-23,
                3.835411822733298e-24,
                4.580060285672341e-25,
                5.247940271321169e-26,
                5.769856937593337e-27,
                6.086948947558973e-28,
                6.161588777951426e-29,
                5.9847248105421686e-30,
                5.5776861660540715e-31,
                4.987953194504193e-32,
                4.280052179737507e-33,
                3.5239858171316324e-34,
                2.784053840589989e-35,
                2.1104715116745423e-36,
                1.5351108536236286e-37,
                1.0714166026890696e-38,
                7.175222640803944e-40,
                4.61074144670584e-41
            ],
            "incorrect": [
                2.484948759243577,
                2.5468177965266263,
                2.471894564375051,
                2.3216809684574455,
                2.189561043941037,
                2.178975868355908,
                2.3785503159131833,
                2.837830963258452,
                3.546615514006751,
                4.423523813779319,
                5.322441888323725,
                6.0629786704265625,
                6.480690055732715,
                6.479668236244165,
                6.064146113906673,
                5.333586247117122,
                4.443870962972822,
                3.5540086971441305,
                2.78242293391531,
                2.1877990537850174,
                1.774498294339218,
                1.511825232517223,
                1.3547543413707468,
                1.2587579760256744,
                1.187558208900027,
                1.116001238729818,
                1.03040749091594,
                0.9274741973858207,
                0.811871137112451,
                0.6926776424109119,
                0.5793793868168784,
                0.47859777697602124,
                0.3925972718560567,
                0.3198738115422548,
                0.2571669302054163,
                0.2016445360726105,
                0.1521493807447272,
                0.10913190436094841,
                0.07369299364620462,
                0.04652167509791221,
                0.027325277069256547,
                0.01488623485144841,
                0.007506380377401842,
                0.0034989278947119367,
                0.0015063905364585408,
                0.0005987003074297031,
                0.00021958645888377993,
                7.430768265026466e-05,
                2.3197196719762355e-05,
                6.679958523107927e-06,
                1.7742910652885775e-06,
                4.3468410229815986e-07,
                9.822246996369002e-08,
                2.0470574534920816e-08,
                3.934842893741567e-09,
                6.975903335536816e-10,
                1.1406374083377842e-10,
                1.720156057095889e-11,
                2.392547223033031e-12,
                3.0692000915621737e-13,
                3.631295861818999e-14,
                3.962503370720379e-15,
                3.987944660158192e-16,
                3.701689610665646e-17,
                3.168999938549749e-18,
                2.502164087517284e-19,
                1.8221354144493204e-20,
                1.2238179149232791e-21,
                7.5809608004762e-23,
                4.3311475395559115e-24,
                2.2821962352281793e-25,
                1.1091090996544428e-26,
                4.971264015549296e-28,
                2.055089137012733e-29,
                7.835483015838309e-31,
                2.7553207188472383e-32,
                8.93613696181665e-34,
                2.6729987094012713e-35,
                7.3742686566598295e-37,
                1.8763352434983868e-38,
                4.403248444787994e-40,
                9.530314191789127e-42,
                1.9024467978111542e-43,
                3.502588329594908e-45,
                5.9475341707653e-47,
                9.314425411739152e-49,
                1.3453846443022138e-50,
                1.7922894050695215e-52,
                2.2021205123849797e-54,
                2.4954294774659695e-56,
                2.6080793066615754e-58,
                2.514013233960382e-60,
                2.235041541358521e-62,
                1.8326305133409233e-64,
                1.3859115077410884e-66,
                9.66645786578307e-69,
                6.218283202555821e-71,
                3.689307939231516e-73,
                2.018787417385722e-75,
                1.0188436564715e-77
            ],
            "correctMedian": 0.12538419621822194,
            "incorrectMedian": 0.12538419621822194
        },
        "4": {
            "correct": [
                0.44334603454816285,
                0.9011534699736615,
                1.6172427878369877,
                2.574181722820466,
                3.655237597354111,
                4.664178977593968,
                5.398575147277119,
                5.743503637853667,
                5.7395301378908945,
                5.589896192844885,
                5.586982879958921,
                5.96316011078043,
                6.726446029102215,
                7.594985657019508,
                8.114816072806965,
                7.9133453812657235,
                6.91671414636633,
                5.376883729709011,
                3.7073461581367146,
                2.2659057940422067,
                1.227801181534567,
                0.5899246660719538,
                0.25129996679859595,
                0.09485882022864313,
                0.031698159170863924,
                0.00936481173697294,
                0.002442412752340938,
                0.0005614403461620133,
                0.00011357227514831771,
                2.018780150346612e-05,
                3.149072854561727e-06,
                4.305830742885106e-07,
                5.1557386941653383e-08,
                5.40175281953444e-09,
                4.948824693341899e-10,
                3.9624289909886016e-11,
                2.7715810210530007e-12,
                1.692984367262845e-13,
                9.028614652128888e-15,
                4.202816604927068e-16,
                1.7074148676038396e-17,
                6.052862269263005e-19,
                1.8722412148489868e-20,
                5.052518822772472e-22,
                1.1895224478798608e-23,
                2.4430663426522487e-25,
                4.3770323951928e-27,
                6.840592154705242e-29,
                9.325398877286287e-31,
                1.1089026741546657e-32,
                1.1501803250639376e-34,
                1.040591868919205e-36,
                8.21170661885532e-39,
                5.652261193291266e-41,
                3.393475573425831e-43,
                1.777048649071916e-45,
                8.116797956029953e-48,
                3.233702099862311e-50,
                1.123684479481901e-52,
                3.4057853458829084e-55,
                9.003642169860781e-58,
                2.0760934299201172e-60,
                4.175447269057635e-63,
                7.32464101261668e-66,
                1.1207190496259005e-68,
                1.4956642259651019e-71,
                1.7409981233472004e-74,
                1.767621473811722e-77,
                1.565333736104521e-80,
                1.2090695579969058e-83,
                8.14558458466098e-87,
                4.786519489132015e-90,
                2.453262310310256e-93,
                1.0967173325701094e-96,
                4.2763375627552874e-100,
                1.4543729732291357e-103,
                4.3142583262295216e-107,
                1.1162539935136549e-110,
                2.5191059282970583e-114,
                4.958568936008945e-118,
                8.51319926958092e-122,
                1.2748402273094358e-125,
                1.6651188361679484e-129,
                1.896973314674675e-133,
                1.8849668714232098e-137,
                1.633701597206096e-141,
                1.2350036935435329e-145,
                8.143109781584797e-150,
                4.683158248875543e-154,
                2.349166974398956e-158,
                1.0278161792940956e-162,
                3.922324515984572e-167,
                1.3055638143858918e-171,
                3.790348964234286e-176,
                9.598133723473873e-181,
                2.1199269992437542e-185,
                4.0839604239333384e-190,
                6.862283448728176e-195,
                1.0057320489697914e-199,
                1.2856490572547416e-204
            ],
            "incorrect": [
                0.5755633300937034,
                1.030073866124612,
                1.666246463469635,
                2.4285441064564948,
                3.1864073048009627,
                3.7753670375163573,
                4.081633156800076,
                4.1240512360340675,
                4.076654167055178,
                4.205468090699027,
                4.739153966471783,
                5.727746528169307,
                6.962470185666662,
                8.023260258938532,
                8.463117945922871,
                8.039170871381147,
                6.841382903554339,
                5.229954747427414,
                3.6342876186142985,
                2.3584712804947565,
                1.5034439743637649,
                1.009811744591283,
                0.7523929618278125,
                0.617905223383646,
                0.5375544922501706,
                0.48244326952680383,
                0.44413801546350007,
                0.41871745302507846,
                0.40064502037788724,
                0.3835541996475243,
                0.3631682007323072,
                0.33955876507107,
                0.316974963389566,
                0.3001793427948754,
                0.2891694703981687,
                0.2770938817157855,
                0.25434300469800625,
                0.21586683798356168,
                0.16530227645281387,
                0.11257295336517194,
                0.06765071722435165,
                0.03573132515852467,
                0.016553214303310124,
                0.006719404282095094,
                0.0023887716627961635,
                0.0007435406122340876,
                0.00020261271221151198,
                4.833188057155645e-05,
                1.0092350797080545e-05,
                1.8447434922983308e-06,
                2.9516261434047194e-07,
                4.1339649218508575e-08,
                5.0681737124530935e-09,
                5.438949920650725e-10,
                5.1092516218364256e-11,
                4.201245758155446e-12,
                3.023969436208388e-13,
                1.9052641605731708e-14,
                1.0507792236203332e-15,
                5.072782342232105e-17,
                2.143677496801249e-18,
                7.92959738742599e-20,
                2.567564087568048e-21,
                7.277293898815458e-23,
                1.80549796405694e-24,
                3.921051603181788e-26,
                7.453951782333101e-28,
                1.240363753560102e-29,
                1.8067165400913217e-31,
                2.3036125749457384e-33,
                2.571031082223617e-35,
                2.5117920398881107e-37,
                2.148020880960581e-39,
                1.6079472015752484e-41,
                1.053618859652447e-43,
                6.0432944322067796e-46,
                3.034187662151451e-48,
                1.333489463913014e-50,
                5.129974489921736e-53,
                1.727504902925356e-55,
                5.0921576199081615e-58,
                1.3139016374452652e-60,
                2.96757931976437e-63,
                5.867056686443432e-66,
                1.01535216452749e-68,
                1.5381248190519343e-71,
                2.039599642770369e-74,
                2.3674277875133665e-77,
                2.4053984162247443e-80,
                2.13932007664547e-83,
                1.6654936428706808e-86,
                1.1349811745379426e-89,
                6.770376231528348e-93,
                3.5352116081419923e-96,
                1.6158330701104808e-99,
                6.464814030054373e-103,
                2.264091876947979e-106,
                6.940815867067852e-110,
                1.862539389290442e-113,
                4.375008239234878e-117
            ],
            "correctMedian": 0.14358391656959882,
            "incorrectMedian": 0.14358391656959882
        },
        "8": {
            "correct": [
                1.720778763943827,
                1.7821286864653676,
                1.834186953977994,
                1.8762064400069491,
                1.907648888370619,
                1.9282035032898026,
                1.9377980821716703,
                1.9366022071005145,
                1.925022376833981,
                1.9036893285425085,
                1.8734381454328004,
                1.8352820524319255,
                1.7903810503130453,
                1.740006716601463,
                1.6855046022207254,
                1.628255674674458,
                1.5696382056465088,
                1.5109913821636043,
                1.4535817487428753,
                1.3985733787620005,
                1.347002443448869,
                1.2997566130648555,
                1.2575595022710317,
                1.2209601729675652,
                1.1903275423292328,
                1.1658494166847162,
                1.1475357846638021,
                1.1352259532705218,
                1.1285990926539717,
                1.1271877614115509,
                1.1303940049941252,
                1.1375076456501383,
                1.147726404606661,
                1.1601775088402244,
                1.1739404313102966,
                1.1880703933098928,
                1.2016222220894504,
                1.2136741104581732,
                1.2233507743520007,
                1.2298454576698483,
                1.2324401999641754,
                1.2305237703938257,
                1.223606687881199,
                1.2113327975611599,
                1.1934869593245405,
                1.1699985241924642,
                1.1409404237092715,
                1.10652386876977,
                1.0670888371344125,
                1.0230907116100412,
                0.9750836012313261,
                0.9237010240722046,
                0.8696347424378555,
                0.8136126114901909,
                0.7563763262983811,
                0.6986599287784045,
                0.64116986735516,
                0.584567293987987,
                0.5294531436065458,
                0.47635638003003045,
                0.4257256210876629,
                0.37792418498735103,
                0.3332284402651252,
                0.291829201644036,
                0.2538358005299841,
                0.2192823759813163,
                0.1881358816366761,
                0.1603052857357294,
                0.13565145241800755,
                0.11399722869831155,
                0.09513731752924463,
                0.0788475872187848,
                0.06489354514033746,
                0.05303778348817505,
                0.043046281844714984,
                0.034693521550302635,
                0.027766427402721287,
                0.022067201276253542,
                0.017415149097705147,
                0.013647627418058444,
                0.010620249471504004,
                0.008206494544165478,
                0.00629686043335288,
                0.004797688653272025,
                0.0036297777029003307,
                0.00272688288035401,
                0.002034183299728903,
                0.0015067791557308492,
                0.0011082658058448245,
                0.0008094165279834877,
                0.000586993231036115,
                0.00042269409290357333,
                0.0003022390468369888,
                0.00021458807561854245,
                0.00015128316384430642,
                0.00010590221527662151,
                7.361196463467457e-05,
                5.080661035190228e-05,
                3.4819301486833294e-05,
                2.3694498361269865e-05
            ],
            "incorrect": [
                3.913091218356632,
                4.146233298949067,
                4.3032885185361724,
                4.375883879690398,
                4.361002767009271,
                4.261280023657144,
                4.084696010432993,
                3.8437167663811262,
                3.55400669364142,
                3.232895407455439,
                2.897802574027303,
                2.564812172919351,
                2.2475463337621684,
                1.9564295643038634,
                1.6983697675623908,
                1.4768248116027598,
                1.2921809319541269,
                1.142345658420695,
                1.0234526317339518,
                0.9305848456981813,
                0.8584412890819062,
                0.8018945032831984,
                0.7564091212753229,
                0.7183113659723083,
                0.6849154468022977,
                0.6545244339378947,
                0.6263306828900158,
                0.6002446554962555,
                0.576681584778419,
                0.5563334940109833,
                0.5399503090331123,
                0.5281489270604466,
                0.5212637967044277,
                0.5192473471201632,
                0.5216238032970517,
                0.5274956704560119,
                0.5355984640049097,
                0.5443960623168653,
                0.5522063663185823,
                0.5573448433528798,
                0.5582721750530935,
                0.5537318255304047,
                0.5428640872127986,
                0.5252851578251744,
                0.501123026950367,
                0.4710062011040774,
                0.43600618072389474,
                0.39753956911221733,
                0.3572401027768215,
                0.3168141275159856,
                0.27789463379803425,
                0.24190868751407457,
                0.20997102849721766,
                0.18281312094806476,
                0.1607525835431516,
                0.14370332960000545,
                0.13122248498471614,
                0.12258666364874846,
                0.11688774233903701,
                0.11313701311759909,
                0.11036652147947949,
                0.1077174592961301,
                0.10450754841413884,
                0.10027221456793316,
                0.09477770588486839,
                0.08800775339486776,
                0.08012844444800671,
                0.0714382464638157,
                0.06231125539537323,
                0.053141623039186715,
                0.04429584427732064,
                0.036077474490820056,
                0.028706348722229897,
                0.022311965705870004,
                0.016938781190013068,
                0.01255997062721358,
                0.009095831749002735,
                0.0064332984467861025,
                0.004443814504840761,
                0.002997814344780431,
                0.00197504608710922,
                0.0012707832843020595,
                0.0007985207832974481,
                0.0004900276288680818,
                0.0002936797148158941,
                0.00017188817042013949,
                9.825087551877566e-05,
                5.484601765228614e-05,
                2.9900047939588146e-05,
                1.5919033957110423e-05,
                8.277125141756867e-06,
                4.203008679959771e-06,
                2.08429402144086e-06,
                1.009428572672732e-06,
                4.774304440689111e-07,
                2.2052738211352273e-07,
                9.947932457272649e-08,
                4.3824909068789264e-08,
                1.8855024763120603e-08,
                7.922296218921442e-09
            ],
            "correctMedian": 0.10913734276321467,
            "incorrectMedian": 0.03671748042796588
        },
        "5": {
            "correct": [
                0.6922992808646468,
                0.9701359082173925,
                1.3161130139258086,
                1.7285779582257854,
                2.198066028496659,
                2.7063316500712427,
                3.226715797059771,
                3.72614151594245,
                4.168702578117113,
                4.520414632966465,
                4.754338420132202,
                4.855073440349382,
                4.82164061818085,
                4.668044081386796,
                4.421270487890582,
                4.117033467117558,
                3.7940591854485306,
                3.48801341358797,
                3.226221239866152,
                3.0241278186588825,
                2.8840549218792795,
                2.7963250624144376,
                2.7423631554431727,
                2.699038786157418,
                2.6433401748188072,
                2.556493083495662,
                2.42683335738624,
                2.2510564686515377,
                2.033826052284314,
                1.7860458660812681,
                1.5223191815698758,
                1.2581988263693575,
                1.0077698150109167,
                0.7819393067076422,
                0.5875920153148914,
                0.42756322770074406,
                0.3012325829395197,
                0.20547181028244124,
                0.13568538983905276,
                0.08674268575205607,
                0.053683914507115904,
                0.032163425328559404,
                0.0186545252706719,
                0.010473889150810609,
                0.005692884607214124,
                0.0029954125163281563,
                0.0015257390110719566,
                0.0007523204950385648,
                0.00035910740777990636,
                0.00016593749625680334,
                7.42272408152928e-05,
                3.214257483769716e-05,
                1.347399986970077e-05,
                5.467778599372649e-06,
                2.1479481624351977e-06,
                8.168365375963984e-07,
                3.0070800837747057e-07,
                1.0716508383072131e-07,
                3.697090611379564e-08,
                1.2347111015566969e-08,
                3.991802830979895e-09,
                1.2493130618835267e-09,
                3.785052860881342e-10,
                1.1101229649200899e-10,
                3.1518728841451934e-11,
                8.662929301607847e-12,
                2.3049383580010845e-12,
                5.936798783548279e-13,
                1.480279800225521e-13,
                3.5730061608897036e-14,
                8.34876402880499e-15,
                1.8884655921388552e-15,
                4.135180160087697e-16,
                8.765531677174078e-17,
                1.7987075622987952e-17,
                3.5730683708443406e-18,
                6.87100969679549e-19,
                1.2790816406327866e-19,
                2.305018620775372e-20,
                4.021138945706486e-21,
                6.790819555359647e-22,
                1.1101809485606665e-22,
                1.7569678673817232e-23,
                2.6917352162285597e-24,
                3.992080801145785e-25,
                5.731453568284037e-26,
                7.965787245581777e-27,
                1.071744087295552e-27,
                1.3958924508592835e-28,
                1.7599944155907187e-29,
                2.148172190363875e-30,
                2.5381971912985065e-31,
                2.9032210047156673e-32,
                3.214647106021487e-33,
                3.445759644493739e-34,
                3.575486357969298e-35,
                3.591565071030926e-36,
                3.4924550254601054e-37,
                3.2875803346074474e-38,
                2.9958522760749456e-39
            ],
            "incorrect": [
                2.6528156676868653,
                2.6551508825053736,
                2.4160023264203683,
                2.083313675136421,
                1.869003966024104,
                1.9864705615315505,
                2.5903770424117822,
                3.7170624304511146,
                5.230657363801801,
                6.8124601849656345,
                8.041152643303057,
                8.559545277808656,
                8.241181306241275,
                7.243609298282923,
                5.908947406545362,
                4.585304440728831,
                3.4890594621805895,
                2.674603706145601,
                2.090140361818389,
                1.654629279782335,
                1.3074183618102777,
                1.020600388946964,
                0.7885885550043716,
                0.6126429852586633,
                0.49054641536399707,
                0.41364511777370144,
                0.36909844227941463,
                0.343943318584267,
                0.32794591393878914,
                0.31376878613861114,
                0.29548832678782655,
                0.2680633612829484,
                0.22900904451903306,
                0.18051827290294797,
                0.12922987646090836,
                0.08309862607564955,
                0.04765649097958046,
                0.024268277777797564,
                0.010944565582118666,
                0.004364393033614003,
                0.0015375133396281783,
                0.00047824805002981126,
                0.00013130859278666983,
                3.181715410783474e-05,
                6.8031964131829455e-06,
                1.2835781471488469e-06,
                2.1368512975183107e-07,
                3.138776077736765e-08,
                4.067948316106258e-09,
                4.6517535504245926e-10,
                4.693345046067247e-11,
                4.178032596303539e-12,
                3.2815888156164943e-13,
                2.2741503836906848e-14,
                1.3905182413132618e-15,
                7.501646362935281e-17,
                3.5707447656906806e-18,
                1.4996272318034296e-19,
                5.556868203023072e-21,
                1.8167665740674687e-22,
                5.240713458468729e-24,
                1.3338406361489305e-25,
                2.9952957958827285e-27,
                5.934685805420269e-29,
                1.0374758283131087e-30,
                1.600222908332641e-32,
                2.177735947721323e-34,
                2.6148826109567463e-36,
                2.7702656317181944e-38,
                2.5894818503688086e-40,
                2.1356327333183355e-42,
                1.5540411205088318e-44,
                9.977475814688169e-47,
                5.651986310935348e-49,
                2.8249044253692077e-51,
                1.2457435771337752e-53,
                4.847030968050316e-56,
                1.6639687749328662e-58,
                5.04007257573289e-61,
                1.3469474368389102e-63,
                3.1760457245919176e-66,
                6.607620384386356e-69,
                1.2129018611050943e-71,
                1.9643934648749104e-74,
                2.807071914109323e-77,
                3.539165218670641e-80,
                3.937044971837789e-83,
                3.864222759658588e-86,
                3.346387063076427e-89,
                2.5568922758410452e-92,
                1.7237367062105992e-95,
                1.0253016789336121e-98,
                5.3808966077313064e-102,
                2.4916088576184643e-105,
                1.017952058635565e-108,
                3.669416622068828e-112,
                1.1670486563584981e-115,
                3.274938448787532e-119,
                8.10848207795179e-123,
                1.771324870020458e-126
            ],
            "correctMedian": 0.10998743037009766,
            "incorrectMedian": 0.10998743037009766
        },
        "1": {
            "correct": [
                4.032303861555967e-10,
                7.142494130685285e-09,
                1.0520676446264908e-07,
                1.2886487851634973e-06,
                1.3125703961933773e-05,
                0.0001111751627389296,
                0.0007830510526787326,
                0.0045863746162935785,
                0.022338095733047358,
                0.09047322350202934,
                0.3047135135794758,
                0.8534198506942292,
                1.9876469517066144,
                3.849851379327672,
                6.202424320866726,
                8.317756583817436,
                9.309849617821248,
                8.782622253562927,
                7.22481118049975,
                5.726413694800942,
                5.229539380376442,
                5.9096383421607195,
                7.102737415631966,
                7.790967325144394,
                7.307490608799208,
                5.743808636180053,
                3.7621707741891974,
                2.050308064493065,
                0.9293144815440609,
                0.3502846534762217,
                0.10979470601732319,
                0.02861805395549854,
                0.00620292129689826,
                0.0011180202442198038,
                0.00016757152449017315,
                2.0885645985651768e-05,
                2.164675180509392e-06,
                1.8656694294040643e-07,
                1.3371304682348681e-08,
                7.969113390081568e-10,
                3.9495112896233955e-11,
                1.6276980556296417e-12,
                5.578294795326605e-14,
                1.5897403975123857e-15,
                3.7674551506625165e-17,
                7.424498150918304e-19,
                1.2166992705480965e-20,
                1.6580458035106534e-22,
                1.878914126624423e-24,
                1.7705755854677088e-26,
                1.387455756052042e-28,
                9.041093204423319e-31,
                4.899140354270064e-33,
                2.2075774475355483e-35,
                8.271973750128462e-38,
                2.577504773743014e-40,
                6.678623185818091e-43,
                1.4390355908678796e-45,
                2.5784176266034748e-48,
                3.841776710780538e-51,
                4.7600126770155036e-54,
                4.9043474581294965e-57,
                4.20195584628599e-60,
                2.993773018205094e-63,
                1.7737131552880126e-66,
                8.738663899454029e-70,
                3.580171384088258e-73,
                1.2197188332236836e-76,
                3.455514933316698e-80,
                8.140722493795759e-84,
                1.5948148049664406e-87,
                2.598093034944804e-91,
                3.519624000050518e-95,
                3.964924976593295e-99,
                3.7142472423923993e-103,
                2.8933686858483466e-107,
                1.8742774325290226e-111,
                1.0096273505963702e-115,
                4.522571793677922e-120,
                1.6846394417694054e-124,
                5.2182585202566314e-129,
                1.3441302316226026e-133,
                2.8790833587817307e-138,
                5.128191815721785e-143,
                7.595763164743988e-148,
                9.355687362154455e-153,
                9.582462272427486e-158,
                8.16160678652315e-163,
                5.780579100839385e-168,
                3.404584842704483e-173,
                1.667454937558349e-178,
                6.791116529822418e-184,
                2.2999870517117826e-189,
                6.477489703424596e-195,
                1.516998681695728e-200,
                2.954342263054326e-206,
                4.784466774618348e-212,
                6.443226679605348e-218,
                7.215566107317061e-224,
                6.719462602021881e-230
            ],
            "incorrect": [
                2.2961223411093483,
                2.82419889875111,
                3.260043051323312,
                3.5510268668147544,
                3.6689457088896984,
                3.6133748995191346,
                3.411308576396503,
                3.1168113710231764,
                2.810803990233674,
                2.5964353613696205,
                2.5833723889611515,
                2.8572649803298,
                3.439393116356338,
                4.253400065184536,
                5.123072869540775,
                5.817218540572544,
                6.132561526456455,
                5.976995531686933,
                5.406664208565392,
                4.593556216931688,
                3.7421769989855003,
                3.003864316992839,
                2.4338052912080994,
                2.004066673198587,
                1.651467028089589,
                1.3250478716677359,
                1.0084736491684998,
                0.7146521948584386,
                0.46623256726200135,
                0.2782492030272551,
                0.15139571479893785,
                0.07496680999204382,
                0.033752037371423856,
                0.013810201025425236,
                0.005134080565053846,
                0.0017339365124056183,
                0.0005319651945229753,
                0.00014825115947102922,
                3.752927916630345e-05,
                8.629698583136074e-06,
                1.802487406154145e-06,
                3.4197863276867743e-07,
                5.8935266543726314e-08,
                9.22573077520138e-09,
                1.3118234349169368e-09,
                1.694333861360178e-10,
                1.9877947833366894e-11,
                2.118327131521657e-12,
                2.050517231799887e-13,
                1.802946014882326e-14,
                1.439961642755454e-15,
                1.0446432999092667e-16,
                6.883891557405896e-18,
                4.120490471654054e-19,
                2.240333663538263e-20,
                1.1064336906921358e-21,
                4.9634879796544056e-23,
                2.0225415559065587e-24,
                7.486120763552518e-26,
                2.516895011319282e-27,
                7.686387360305983e-29,
                2.132201922171196e-30,
                5.372584933827006e-32,
                1.2296659438958842e-33,
                2.556465267035767e-35,
                4.8277141116282024e-37,
                8.28117738643731e-39,
                1.2903024651459003e-40,
                1.8261643592122366e-42,
                2.347670236468446e-44,
                2.7414682569244753e-46,
                2.907891816199997e-48,
                2.8017034494537663e-50,
                2.451969030105032e-52,
                1.9492012990461394e-54,
                1.4074964231093025e-56,
                9.231808849800905e-59,
                5.5001584802230014e-61,
                2.976545318181416e-63,
                1.4631831491751649e-65,
                6.533317719983533e-68,
                2.6498284745215828e-70,
                9.762266123102687e-73,
                3.2668742552387425e-75,
                9.930316495173376e-78,
                2.741843474876044e-80,
                6.876558189627381e-83,
                1.566565227323127e-85,
                3.2417143122770554e-88,
                6.093262534024445e-91,
                1.0403367461048064e-93,
                1.6134179440948868e-96,
                2.272839261795206e-99,
                2.908301713160583e-102,
                3.3803299346124606e-105,
                3.568844451437771e-108,
                3.422512506941352e-111,
                2.981339019674907e-114,
                2.3589926105941258e-117,
                1.6954722766197027e-120
            ],
            "correctMedian": 0.16246131020936969,
            "incorrectMedian": 0.16246131020936969
        }
    },
    "globalMetrics": {
        "testWeight": 73,
        "targetAvg": [
            0.1095890410958904,
            0.1506849315068493,
            0.136986301369863,
            0.1506849315068493,
            0.1232876712328767,
            0.136986301369863,
            0.0410958904109589,
            0.1506849315068493
        ],
        "targetStd": [
            0.3145386319505849,
            0.360217252220885,
            0.34621238235890717,
            0.360217252220885,
            0.3310423554409472,
            0.34621238235890717,
            0.19988581215169668,
            0.36021725222088496
        ],
        "predictionAvg": [
            0.12138092065197267,
            0.1386776553829244,
            0.13112853034960392,
            0.12413566498882321,
            0.12652008256151684,
            0.11683413150165103,
            0.10686892109958507,
            0.13445409346392287
        ],
        "predictionStd": [
            0.09357107126535472,
            0.0586485302669037,
            0.07198752752455116,
            0.07831510078645856,
            0.058123832150100446,
            0.15124302602182219,
            0.06394295140817485,
            0.07091319588018308
        ]
    }
}