{
  "state": "DONE",
  "preSearchDescription": {
    "gridLength": 2,
    "searchStrategy": "GRID",
    "importantParams": [
      {
        "name": "trees",
        "vals": [
          "100"
        ]
      },
      {
        "name": "depth",
        "vals": [
          "6",
          "13"
        ]
      },
      {
        "name": "min_samples",
        "vals": [
          "1"
        ]
      }
    ]
  },
  "postSearchDescription": {
    "importantParams": [
      {
        "name": "trees",
        "val": "100"
      },
      {
        "name": "depth",
        "val": "6"
      },
      {
        "name": "min_samples",
        "val": "1"
      }
    ]
  },
  "resumed": false,
  "timeOrderingEnabled": false,
  "sampleWeightsEnabled": false,
  "modelId": "m1",
  "progress": {
    "top_level_todo": [],
    "stack": [],
    "top_level_done": [
      {
        "name": "Loading train set",
        "time": 14
      },
      {
        "name": "Loading test set",
        "time": 6
      },
      {
        "name": "Collecting statistics",
        "time": 11
      },
      {
        "name": "Preprocessing train set",
        "time": 35
      },
      {
        "name": "Preprocessing test set",
        "time": 19
      },
      {
        "name": "Hyperparameter searching",
        "time": 4015
      },
      {
        "name": "Fitting model",
        "time": 157
      },
      {
        "name": "Saving model",
        "time": 60
      },
      {
        "name": "Scoring model",
        "time": 1026
      }
    ]
  },
  "startTime": 1605796829306,
  "endTime": 1605796834832,
  "preprocessingTime": 88,
  "trainingTime": 5438,
  "hyperparamsSearchTime": 4015
}