{
    "per_feature": {
        "Gefallen": {
            "stats": {}
        },
        "Birthday": {
            "stats": {}
        },
        "Hintergrund": {
            "stats": {}
        },
        "Gewicht": {
            "stats": {
                "min": 0.0,
                "average": 25.17848410757946,
                "median": 0.0,
                "max": 98.0,
                "p99": 90.0,
                "std": 33.723717822548494
            },
            "missing_impute_with_value": 25.17848410757946
        },
        "Name": {
            "stats": {}
        },
        "Alter": {
            "stats": {
                "min": 20.0,
                "average": 29.62987012987013,
                "median": 28.0,
                "max": 66.0,
                "p99": 52.47,
                "std": 7.267935937629125
            },
            "missing_impute_with_value": 29.62987012987013
        },
        "Gr\u00f6\u00dfe": {
            "stats": {
                "min": 0.0,
                "average": 66.04889975550122,
                "median": 0.0,
                "max": 200.0,
                "p99": 189.0,
                "std": 85.21922453533678
            },
            "missing_impute_with_value": 66.04889975550122
        },
        "Bezwungen_HF": {
            "stats": {}
        },
        "Nachname": {
            "stats": {}
        },
        "Nationalit\u00e4t": {
            "stats": {
                "mostFrequentValue": "Deutschland",
                "leastFrequentValue": "Frankreich"
            },
            "category_possible_values": [
                "Deutschland",
                "\u00d6sterreich",
                "Albanien",
                "Italien",
                "Niederlande",
                "Schweiz",
                "Bulgarien",
                "Frankreich"
            ],
            "category_possible_counts": [
                391,
                8,
                2,
                2,
                2,
                2,
                1,
                1
            ]
        },
        "Gefallen_HF": {
            "stats": {}
        },
        "Geschafft": {
            "stats": {}
        },
        "Geschlecht": {
            "stats": {
                "mostFrequentValue": "m",
                "leastFrequentValue": "w"
            },
            "category_possible_values": [
                "m",
                "w"
            ],
            "category_possible_counts": [
                306,
                103
            ]
        },
        "Seasons": {
            "stats": {}
        },
        "Zeit": {
            "stats": {}
        },
        "Geschafft_HF": {
            "stats": {
                "min": 1.0,
                "average": 5.909677419354839,
                "median": 5.0,
                "max": 9.0,
                "p99": 9.0,
                "std": 2.5106726524963996
            },
            "missing_impute_with_value": 5.909677419354839
        },
        "Bezwungen": {
            "stats": {}
        },
        "Vorname": {
            "stats": {}
        }
    },
    "feature_order": [
        "Gefallen",
        "Birthday",
        "Hintergrund",
        "Gewicht",
        "Name",
        "Alter",
        "Gr\u00f6\u00dfe",
        "Bezwungen_HF",
        "Nachname",
        "Nationalit\u00e4t",
        "Gefallen_HF",
        "Geschafft",
        "Geschlecht",
        "Seasons",
        "Zeit",
        "Geschafft_HF",
        "Bezwungen",
        "Vorname"
    ]
}