{
    "details": {
        "Nationalit\u00e4t": {
            "levels": [
                "Deutschland",
                "\u00d6sterreich",
                "Albanien",
                "Italien",
                "Niederlande",
                "Schweiz",
                "Bulgarien",
                "Frankreich"
            ],
            "with_others": true
        },
        "Geschlecht": {
            "levels": [
                "m",
                "w"
            ],
            "with_others": true
        }
    }
}