Name,Pfeil.Sprung,Cargo.Netz.mit.Rad,Block.Lauf.2.0,Sprungfedern,Tunnel.Sprung.2.0,Himmelsleiter,Klacker,Wand,Mega.Wand,Power.Tower,Zeit,Gefallen,Geschafft,Bezwungen
Artur Schreiber      ,1,1,1,1,1,1,1,1,0,1,2:19.30m,0,8, Pfeil.Sprung Cargo.Netz.mit.Rad Block.Lauf.2.0 Sprungfedern Tunnel.Sprung.2.0 Himmelsleiter Klacker Wand
Fabian Ströbele      ,1,1,1,1,1,1,1,1,0,0,3:03.78m,Power.Tower,8, Pfeil.Sprung Cargo.Netz.mit.Rad Block.Lauf.2.0 Sprungfedern Tunnel.Sprung.2.0 Himmelsleiter Klacker Wand
Leon Wismann   ,1,1,1,1,1,1,1,1,0,,4:01.43m ,0,8, Pfeil.Sprung Cargo.Netz.mit.Rad Block.Lauf.2.0 Sprungfedern Tunnel.Sprung.2.0 Himmelsleiter Klacker Wand
Timo Seifried      ,1,1,1,1,1,1,1,1,0,, 4:03.37m,0,8, Pfeil.Sprung Cargo.Netz.mit.Rad Block.Lauf.2.0 Sprungfedern Tunnel.Sprung.2.0 Himmelsleiter Klacker Wand
Jescher Heidl      ,1,1,1,1,1,1,1,1,0,, 4:18.83m,0,8, Pfeil.Sprung Cargo.Netz.mit.Rad Block.Lauf.2.0 Sprungfedern Tunnel.Sprung.2.0 Himmelsleiter Klacker Wand
Marvin Mitterhuber      ,1,1,1,1,1,1,0,0,0,, 5:20.94m,Klacker,6, Pfeil.Sprung Cargo.Netz.mit.Rad Block.Lauf.2.0 Sprungfedern Tunnel.Sprung.2.0 Himmelsleiter
Stephan Schmid      ,1,1,1,1,1,1,0,0,0,,3:10.02m ,Klacker,6, Pfeil.Sprung Cargo.Netz.mit.Rad Block.Lauf.2.0 Sprungfedern Tunnel.Sprung.2.0 Himmelsleiter
Lukas Kern     ,1,1,1,1,1,1,0,0,0,,  3:42.42m ,Klacker,6, Pfeil.Sprung Cargo.Netz.mit.Rad Block.Lauf.2.0 Sprungfedern Tunnel.Sprung.2.0 Himmelsleiter
Benedikt Sigmund      ,1,1,1,1,1,1,0,0,0,, 2:59.20m,Klacker,6, Pfeil.Sprung Cargo.Netz.mit.Rad Block.Lauf.2.0 Sprungfedern Tunnel.Sprung.2.0 Himmelsleiter
Manasse Heidl      ,1,1,1,1,1,1,0,0,0,,3:25.82m ,Klacker,6, Pfeil.Sprung Cargo.Netz.mit.Rad Block.Lauf.2.0 Sprungfedern Tunnel.Sprung.2.0 Himmelsleiter
David Wolf     ,1,1,1,1,1,1,0,0,0,,  3:33.45m ,Klacker,6, Pfeil.Sprung Cargo.Netz.mit.Rad Block.Lauf.2.0 Sprungfedern Tunnel.Sprung.2.0 Himmelsleiter
Natnael Olbrich      ,1,1,1,1,1,1,0,0,0,, 3:55.88m,Klacker,6, Pfeil.Sprung Cargo.Netz.mit.Rad Block.Lauf.2.0 Sprungfedern Tunnel.Sprung.2.0 Himmelsleiter
Arleen Schüßler      ,1,1,1,1,1,1,0,0,0,, 4:45.69m,Klacker,6, Pfeil.Sprung Cargo.Netz.mit.Rad Block.Lauf.2.0 Sprungfedern Tunnel.Sprung.2.0 Himmelsleiter
Benjamin Grams      ,1,1,1,1,1,0,0,0,0,,1:15.92m ,Himmelsleiter,5, Pfeil.Sprung Cargo.Netz.mit.Rad Block.Lauf.2.0 Sprungfedern Tunnel.Sprung.2.0
Astrid Sibon   ,1,1,1,1,1,0,0,0,0,,3:55.75m ,Himmelsleiter,5, Pfeil.Sprung Cargo.Netz.mit.Rad Block.Lauf.2.0 Sprungfedern Tunnel.Sprung.2.0
Samuel Dufner      ,1,1,1,1,1,0,0,0,0,,2:16.19m ,Himmelsleiter,5, Pfeil.Sprung Cargo.Netz.mit.Rad Block.Lauf.2.0 Sprungfedern Tunnel.Sprung.2.0
Leonardo Calderon      ,1,1,1,1,1,0,0,0,0,, 1:59.74m,Himmelsleiter,5, Pfeil.Sprung Cargo.Netz.mit.Rad Block.Lauf.2.0 Sprungfedern Tunnel.Sprung.2.0
Remo Genise   ,1,1,1,1,0,0,0,0,0,, 2:16.76m,Tunnel.Sprung.2.0,4, Pfeil.Sprung Cargo.Netz.mit.Rad Block.Lauf.2.0 Sprungfedern
Thomas Oppermann      ,1,1,1,1,0,0,0,0,0,,1:18.79m ,Tunnel.Sprung.2.0,4, Pfeil.Sprung Cargo.Netz.mit.Rad Block.Lauf.2.0 Sprungfedern
André Fischer      ,1,1,1,1,0,0,0,0,0,,3:03.91m ,Tunnel.Sprung.2.0,4, Pfeil.Sprung Cargo.Netz.mit.Rad Block.Lauf.2.0 Sprungfedern
Sne Belayneh   ,1,1,1,0,0,0,0,0,0,, 1:20.08m,Sprungfedern,3, Pfeil.Sprung Cargo.Netz.mit.Rad Block.Lauf.2.0
Tommy Nguyen   ,1,1,1,0,0,0,0,0,0,, 1:27.36m,Sprungfedern,3, Pfeil.Sprung Cargo.Netz.mit.Rad Block.Lauf.2.0
Jekaterina Konanchuk      ,1,1,1,0,0,0,0,0,0,,2:19.35m ,Sprungfedern,3, Pfeil.Sprung Cargo.Netz.mit.Rad Block.Lauf.2.0
Janina Petters      ,1,1,1,0,0,0,0,0,0,,1:23.68m ,Sprungfedern,3, Pfeil.Sprung Cargo.Netz.mit.Rad Block.Lauf.2.0
Christian Denzer      ,1,1,1,0,0,0,0,0,0,,1:34.87m ,Sprungfedern,3, Pfeil.Sprung Cargo.Netz.mit.Rad Block.Lauf.2.0
Silvio Grogg   ,1,1,1,0,0,0,0,0,0,, 1:37.55m,Sprungfedern,3, Pfeil.Sprung Cargo.Netz.mit.Rad Block.Lauf.2.0
Max Heller     ,1,1,1,0,0,0,0,0,0,,  1:45.59m ,Sprungfedern,3, Pfeil.Sprung Cargo.Netz.mit.Rad Block.Lauf.2.0
Martin Schneider      ,1,1,1,0,0,0,0,0,0,,1:47.77m ,Sprungfedern,3, Pfeil.Sprung Cargo.Netz.mit.Rad Block.Lauf.2.0
Waldemar Keilmann      ,1,1,0,0,0,0,0,0,0,,47.47s ,Block.Lauf.2.0,2, Pfeil.Sprung Cargo.Netz.mit.Rad
Anna Droszez   ,1,1,0,0,0,0,0,0,0,, 58.52s,Block.Lauf.2.0,2, Pfeil.Sprung Cargo.Netz.mit.Rad
Tobias Eberle      ,1,1,0,0,0,0,0,0,0,, 1:00.71m,Block.Lauf.2.0,2, Pfeil.Sprung Cargo.Netz.mit.Rad
Dusan Vranes   ,1,1,0,0,0,0,0,0,0,, 32.27s,Block.Lauf.2.0,2, Pfeil.Sprung Cargo.Netz.mit.Rad
Jeremy Smith   ,1,1,0,0,0,0,0,0,0,, 46.89s,Block.Lauf.2.0,2, Pfeil.Sprung Cargo.Netz.mit.Rad
Tony Guntermann      ,1,0,0,0,0,0,0,0,0,,  33.01s ,Cargo.Netz.mit.Rad,1, Pfeil.Sprung
Nico Schmidt   ,1,0,0,0,0,0,0,0,0,,  12.37s ,Cargo.Netz.mit.Rad,1, Pfeil.Sprung
Patrick Swiderek      ,1,0,0,0,0,0,0,0,0,,16.28s ,Cargo.Netz.mit.Rad,1, Pfeil.Sprung
Tommy Pham     ,1,0,0,0,0,0,0,0,0,, 20.30s,Cargo.Netz.mit.Rad,1, Pfeil.Sprung
Josie Metinkoe      ,1,0,0,0,0,0,0,0,0,, 23.12s,Cargo.Netz.mit.Rad,1, Pfeil.Sprung
David Brunner      ,1,0,0,0,0,0,0,0,0,, 25.82s,Cargo.Netz.mit.Rad,1, Pfeil.Sprung
Felix Siegert      ,1,0,0,0,0,0,0,0,0,, 26.31s,Cargo.Netz.mit.Rad,1, Pfeil.Sprung
Winfried Ulferts      ,1,0,0,0,0,0,0,0,0,,26.40s ,Cargo.Netz.mit.Rad,1, Pfeil.Sprung
Stefan Schlott      ,1,0,0,0,0,0,0,0,0,, 26.93s,Cargo.Netz.mit.Rad,1, Pfeil.Sprung
Christoph Thees      ,1,0,0,0,0,0,0,0,0,,  27.95s ,Cargo.Netz.mit.Rad,1, Pfeil.Sprung
Moses Mwanjelwa      ,1,0,0,0,0,0,0,0,0,,  30.18s ,Cargo.Netz.mit.Rad,1, Pfeil.Sprung
Simon Rehrl   ,1,0,0,0,0,0,0,0,0,,  31.92s ,Cargo.Netz.mit.Rad,1, Pfeil.Sprung
Thomas Franco      ,1,0,0,0,0,0,0,0,0,, 33.73s,Cargo.Netz.mit.Rad,1, Pfeil.Sprung
Erik Mehle     ,1,0,0,0,0,0,0,0,0,, 40.27s,Cargo.Netz.mit.Rad,1, Pfeil.Sprung
Frances Stehr      ,1,0,0,0,0,0,0,0,0,, 40.58s,Cargo.Netz.mit.Rad,1, Pfeil.Sprung
Nikola Wörz   ,1,0,0,0,0,0,0,0,0,,  40.60s ,Cargo.Netz.mit.Rad,1, Pfeil.Sprung
Sabrina Skopp      ,1,0,0,0,0,0,0,0,0,, 41.08s,Cargo.Netz.mit.Rad,1, Pfeil.Sprung
Alisha Lehni   ,1,0,0,0,0,0,0,0,0,,  42.71s ,Cargo.Netz.mit.Rad,1, Pfeil.Sprung
Lisa Schmitt   ,1,0,0,0,0,0,0,0,0,,  46.47s ,Cargo.Netz.mit.Rad,1, Pfeil.Sprung
Dejan Jelovic      ,1,0,0,0,0,0,0,0,0,, 49.92s,Cargo.Netz.mit.Rad,1, Pfeil.Sprung
Roland Friedrich      ,0,0,0,0,0,0,0,0,0,,  11.29s ,Pfeil.Sprung,0,NA
Julia Beuter   ,0,0,0,0,0,0,0,0,0,,  14.52s ,Pfeil.Sprung,0,NA
Annette Weiss      ,0,0,0,0,0,0,0,0,0,,  17.05s ,Pfeil.Sprung,0,NA
Annalena Rohr      ,0,0,0,0,0,0,0,0,0,,  17.73s ,Pfeil.Sprung,0,NA
Tanja Cordewener      ,0,0,0,0,0,0,0,0,0,,  18.73s ,Pfeil.Sprung,0,NA
Alicia Kummer      ,0,0,0,0,0,0,0,0,0,,  20.34s ,Pfeil.Sprung,0,NA
Susanne Seel   ,0,0,0,0,0,0,0,0,0,,  22.05s ,Pfeil.Sprung,0,NA
Stacey Scheffel      ,0,0,0,0,0,0,0,0,0,, 39.41s,Pfeil.Sprung,0,NA
Mercy Von Trentini      ,0,0,0,0,0,0,0,0,0,,2.81s   ,Pfeil.Sprung,0,NA
