{
    "per_feature": {
        "Gefallen": {
            "stats": {}
        },
        "Name": {
            "stats": {}
        },
        "Bezwungen_HF": {
            "stats": {}
        },
        "Gefallen_HF": {
            "stats": {}
        },
        "Geschafft": {
            "stats": {
                "mostFrequentValue": "1",
                "leastFrequentValue": "5"
            },
            "category_possible_values": [
                "1",
                "3",
                "2",
                "6",
                "4",
                "8",
                "0",
                "5"
            ],
            "category_possible_counts": [
                72,
                61,
                50,
                44,
                40,
                39,
                32,
                19
            ]
        },
        "Zeit": {
            "stats": {}
        },
        "Geschafft_HF": {
            "stats": {}
        },
        "Bezwungen": {
            "stats": {}
        },
        "Vorname": {
            "stats": {}
        },
        "Nachname": {
            "stats": {}
        },
        "Geschlecht": {
            "stats": {
                "mostFrequentValue": "m",
                "leastFrequentValue": "w"
            },
            "category_possible_values": [
                "m",
                "w"
            ],
            "category_possible_counts": [
                259,
                98
            ]
        },
        "Nationalit\u00e4t": {
            "stats": {}
        },
        "Birthday": {
            "stats": {}
        },
        "Alter": {
            "stats": {
                "min": 20.0,
                "average": 30.008403361344538,
                "median": 29.0,
                "max": 66.0,
                "p99": 52.81999999999999,
                "std": 7.766175899830446
            },
            "missing_impute_with_value": 30.008403361344538
        },
        "Seasons": {
            "stats": {}
        },
        "Gr\u00f6\u00dfe": {
            "stats": {
                "min": 155.0,
                "average": 174.64705882352942,
                "median": 175.0,
                "max": 200.0,
                "p99": 189.82,
                "std": 7.360669916193399
            },
            "missing_impute_with_value": 174.64705882352942
        },
        "Gewicht": {
            "stats": {
                "min": 46.0,
                "average": 68.22881355932203,
                "median": 68.0,
                "max": 98.0,
                "p99": 95.0,
                "std": 10.282680664945813
            },
            "missing_impute_with_value": 68.22881355932203
        },
        "Hintergrund": {
            "stats": {}
        }
    },
    "feature_order": [
        "Gefallen",
        "Name",
        "Bezwungen_HF",
        "Gefallen_HF",
        "Geschafft",
        "Zeit",
        "Geschafft_HF",
        "Bezwungen",
        "Vorname",
        "Nachname",
        "Geschlecht",
        "Nationalit\u00e4t",
        "Birthday",
        "Alter",
        "Seasons",
        "Gr\u00f6\u00dfe",
        "Gewicht",
        "Hintergrund"
    ]
}