{"global": {"size": 410, "facts": [{"type": "categorical", "feature_label": "Gefallen_HF", "cluster_label": "cluster_3", "category_value": "0", "global_ratio": 0.09024390243902439, "current_ratio": 0.5, "current_impact": 0.43597560975609756, "diff": -4.540540540540541}, {"type": "categorical", "feature_label": "Gefallen_HF", "cluster_label": "cluster_0", "category_value": "Schwung.Scheiben", "global_ratio": 0.06585365853658537, "current_ratio": 0.36, "current_impact": 0.31097560975609756, "diff": -4.466666666666666}, {"type": "categorical", "feature_label": "Geschafft", "cluster_label": "cluster_3", "category_value": "8", "global_ratio": 0.11951219512195121, "current_ratio": 0.5740740740740741, "current_impact": 0.5030487804878049, "diff": -3.803476946334089}, {"type": "categorical", "feature_label": "Gefallen", "cluster_label": "cluster_3", "category_value": "0", "global_ratio": 0.12195121951219512, "current_ratio": 0.5740740740740741, "current_impact": 0.5034298780487805, "diff": -3.7074074074074073}, {"type": "categorical", "feature_label": "Bezwungen_HF", "cluster_label": "cluster_0", "category_value": "Sprung.Tritte Schwung.Bretter Balance.Br\u00fccken", "global_ratio": 0.1073170731707317, "current_ratio": 0.46, "current_impact": 0.401219512195122, "diff": -3.2863636363636366}, {"type": "categorical", "feature_label": "Geschafft", "cluster_label": "cluster_0", "category_value": "6", "global_ratio": 0.1073170731707317, "current_ratio": 0.42, "current_impact": 0.36788617886178865, "diff": -2.9136363636363636}, {"type": "categorical", "feature_label": "Bezwungen_HF", "cluster_label": "cluster_3", "category_value": "Sprung.Tritte Schwingende.K\u00f6rbe Balance.Br\u00fccken", "global_ratio": 0.22682926829268293, "current_ratio": 0.8518518518518519, "current_impact": 0.7541920731707317, "diff": -2.7554759060135403}, {"type": "categorical", "feature_label": "Geschafft", "cluster_label": "cluster_1", "category_value": "6", "global_ratio": 0.1073170731707317, "current_ratio": 0.37254901960784315, "current_impact": 0.32906837265093963, "diff": -2.471479500891266}, {"type": "categorical", "feature_label": "Bezwungen_HF", "cluster_label": "cluster_1", "category_value": "Sprung.Tritte Schwingende.K\u00f6rbe Balance.Br\u00fccken", "global_ratio": 0.22682926829268293, "current_ratio": 0.6078431372549019, "current_impact": 0.5453818472610955, "diff": -1.679738562091503}, {"type": "numerical", "feature_label": "Gewicht", "cluster_label": "cluster_3", "mean": 71.57407407407408, "std": 8.555262866294095, "diff": 1.3757554908573395, "global_mean": 25.17848410757946, "global_std": 33.723717822548494}]}, "clusters": [{"cluster": "cluster_0", "size": 50, "facts": [{"type": "categorical", "feature_label": "Gefallen_HF", "cluster_label": "cluster_0", "category_value": "Schwung.Scheiben", "global_ratio": 0.06585365853658537, "current_ratio": 0.36, "current_impact": 0.31097560975609756, "diff": -4.466666666666666}, {"type": "categorical", "feature_label": "Bezwungen_HF", "cluster_label": "cluster_0", "category_value": "Sprung.Tritte Schwung.Bretter Balance.Br\u00fccken", "global_ratio": 0.1073170731707317, "current_ratio": 0.46, "current_impact": 0.401219512195122, "diff": -3.2863636363636366}, {"type": "categorical", "feature_label": "Geschafft", "cluster_label": "cluster_0", "category_value": "6", "global_ratio": 0.1073170731707317, "current_ratio": 0.42, "current_impact": 0.36788617886178865, "diff": -2.9136363636363636}]}, {"cluster": "cluster_1", "size": 51, "facts": [{"type": "categorical", "feature_label": "Geschafft", "cluster_label": "cluster_1", "category_value": "6", "global_ratio": 0.1073170731707317, "current_ratio": 0.37254901960784315, "current_impact": 0.32906837265093963, "diff": -2.471479500891266}, {"type": "categorical", "feature_label": "Bezwungen_HF", "cluster_label": "cluster_1", "category_value": "Sprung.Tritte Schwingende.K\u00f6rbe Balance.Br\u00fccken", "global_ratio": 0.22682926829268293, "current_ratio": 0.6078431372549019, "current_impact": 0.5453818472610955, "diff": -1.679738562091503}, {"type": "numerical", "feature_label": "Gr\u00f6\u00dfe", "cluster_label": "cluster_1", "mean": 0.0, "std": 0.0, "diff": -0.775046946456472, "global_mean": 66.04889975550122, "global_std": 85.21922453533678}]}, {"cluster": "cluster_2", "size": 205, "facts": [{"type": "categorical", "feature_label": "Geschafft", "cluster_label": "cluster_2", "category_value": "1", "global_ratio": 0.17560975609756097, "current_ratio": 0.3170731707317073, "current_impact": 0.3104934770277935, "diff": -0.8055555555555557}, {"type": "numerical", "feature_label": "Gr\u00f6\u00dfe", "cluster_label": "cluster_2", "mean": 0.0, "std": 0.0, "diff": -0.775046946456472, "global_mean": 66.04889975550122, "global_std": 85.21922453533678}, {"type": "numerical", "feature_label": "Gewicht", "cluster_label": "cluster_2", "mean": 0.0, "std": 0.0, "diff": -0.7466105676742592, "global_mean": 25.17848410757946, "global_std": 33.723717822548494}]}, {"cluster": "cluster_3", "size": 54, "facts": [{"type": "categorical", "feature_label": "Gefallen_HF", "cluster_label": "cluster_3", "category_value": "0", "global_ratio": 0.09024390243902439, "current_ratio": 0.5, "current_impact": 0.43597560975609756, "diff": -4.540540540540541}, {"type": "categorical", "feature_label": "Geschafft", "cluster_label": "cluster_3", "category_value": "8", "global_ratio": 0.11951219512195121, "current_ratio": 0.5740740740740741, "current_impact": 0.5030487804878049, "diff": -3.803476946334089}, {"type": "categorical", "feature_label": "Gefallen", "cluster_label": "cluster_3", "category_value": "0", "global_ratio": 0.12195121951219512, "current_ratio": 0.5740740740740741, "current_impact": 0.5034298780487805, "diff": -3.7074074074074073}]}, {"cluster": "cluster_4", "size": 50, "facts": [{"type": "numerical", "feature_label": "Gr\u00f6\u00dfe", "cluster_label": "cluster_4", "mean": 171.22, "std": 6.923164311327057, "diff": 1.2341241171572594, "global_mean": 66.04889975550122, "global_std": 85.21922453533678}, {"type": "numerical", "feature_label": "Gewicht", "cluster_label": "cluster_4", "mean": 63.2, "std": 16.146017389778212, "diff": 1.1274414076314692, "global_mean": 25.17848410757946, "global_std": 33.723717822548494}, {"type": "categorical", "feature_label": "Geschlecht", "cluster_label": "cluster_4", "category_value": "w", "global_ratio": 0.25121951219512195, "current_ratio": 0.44, "current_impact": 0.40853658536585363, "diff": -0.7514563106796116}]}]}