{
    "metrics": {
        "inertia": 1282.6800626848924,
        "silhouette": 0.2645225620369796,
        "nbClusters": 5
    },
    "processed_feature_names": [
        "Gewicht",
        "Alter",
        "Gr\u00f6\u00dfe",
        "Geschafft_HF",
        "dummy:Gefallen:0",
        "dummy:Gefallen:Tunnel.Sprung.2.0",
        "dummy:Gefallen:Trommelwirbel",
        "dummy:Gefallen:Pfeil.Sprung",
        "dummy:Gefallen:Chaos.B\u00e4lle",
        "dummy:Gefallen:Cargonetz.mit.Schaukel",
        "dummy:Gefallen:Cargo.Netz.mit.Rad",
        "dummy:Gefallen:Sprungfedern",
        "dummy:Gefallen:Himmelsleiter",
        "dummy:Gefallen:Cargo.Netz.mit.B\u00fcgeln",
        "dummy:Gefallen:Cargo.Netz.mit.Stange",
        "dummy:Gefallen:Flug.Wippen",
        "dummy:Gefallen:Domino.Weg",
        "dummy:Gefallen:Zeit.Sprung",
        "dummy:Gefallen:Einraster",
        "dummy:Gefallen:Klacker",
        "dummy:Gefallen:Schwingende.K\u00f6rbe",
        "dummy:Gefallen:Balance.Br\u00fccken",
        "dummy:Gefallen:Hangel.Kurven",
        "dummy:Gefallen:Drehende.Bretter",
        "dummy:Gefallen:Doppelter.Rohrschlitten.mit.Cargo.Netz",
        "dummy:Gefallen:Power.Tower",
        "dummy:Gefallen:Riesenrad",
        "dummy:Gefallen:Schwebende.Keile",
        "dummy:Gefallen:Bungee.Flug",
        "dummy:Gefallen:Block.Lauf.2.0",
        "dummy:Gefallen:Mega.Wand",
        "dummy:Gefallen:N/A",
        "dummy:Gefallen:__Others__",
        "dummy:Bezwungen_HF:Sprung.Tritte Schwingende.K\u00f6rbe Balance.Br\u00fccken",
        "dummy:Bezwungen_HF:Sprung.Tritte Schwung.Bretter Balance.Br\u00fccken",
        "dummy:Bezwungen_HF:Sprung.Tritte Schwingende.K\u00f6rbe",
        "dummy:Bezwungen_HF:Sprung.Tritte",
        "dummy:Bezwungen_HF:N/A",
        "dummy:Bezwungen_HF:__Others__",
        "dummy:Nationalit\u00e4t:Deutschland",
        "dummy:Nationalit\u00e4t:\u00d6sterreich",
        "dummy:Nationalit\u00e4t:Albanien",
        "dummy:Nationalit\u00e4t:Italien",
        "dummy:Nationalit\u00e4t:Niederlande",
        "dummy:Nationalit\u00e4t:Schweiz",
        "dummy:Nationalit\u00e4t:Bulgarien",
        "dummy:Nationalit\u00e4t:Frankreich",
        "dummy:Nationalit\u00e4t:N/A",
        "dummy:Nationalit\u00e4t:__Others__",
        "dummy:Gefallen_HF:0",
        "dummy:Gefallen_HF:Schwung.Scheiben",
        "dummy:Gefallen_HF:Flug.Wippen",
        "dummy:Gefallen_HF:Doppelter.Rohrschlitten.mit.Cargo.Netz",
        "dummy:Gefallen_HF:Balance.Br\u00fccken",
        "dummy:Gefallen_HF:Riesenrad",
        "dummy:Gefallen_HF:Bungee.Flug",
        "dummy:Gefallen_HF:Hangel.Trommeln",
        "dummy:Gefallen_HF:Schwung.Bretter",
        "dummy:Gefallen_HF:Mega.Wand",
        "dummy:Gefallen_HF:N/A",
        "dummy:Gefallen_HF:__Others__",
        "dummy:Geschafft:1",
        "dummy:Geschafft:3",
        "dummy:Geschafft:2",
        "dummy:Geschafft:8",
        "dummy:Geschafft:6",
        "dummy:Geschafft:4",
        "dummy:Geschafft:0",
        "dummy:Geschafft:5",
        "dummy:Geschafft:9",
        "dummy:Geschafft:7",
        "dummy:Geschafft:N/A",
        "dummy:Geschafft:__Others__",
        "dummy:Geschlecht:m",
        "dummy:Geschlecht:w",
        "dummy:Geschlecht:N/A",
        "dummy:Geschlecht:__Others__"
    ],
    "variables_importance": {
        "variables": [
            "Gewicht",
            "Alter",
            "Gr\u00f6\u00dfe",
            "Geschafft_HF",
            "dummy:Gefallen:0",
            "dummy:Gefallen:Tunnel.Sprung.2.0",
            "dummy:Gefallen:Trommelwirbel",
            "dummy:Gefallen:Pfeil.Sprung",
            "dummy:Gefallen:Chaos.B\u00e4lle",
            "dummy:Gefallen:Cargonetz.mit.Schaukel",
            "dummy:Gefallen:Cargo.Netz.mit.Rad",
            "dummy:Gefallen:Sprungfedern",
            "dummy:Gefallen:Himmelsleiter",
            "dummy:Gefallen:Cargo.Netz.mit.B\u00fcgeln",
            "dummy:Gefallen:Cargo.Netz.mit.Stange",
            "dummy:Gefallen:Flug.Wippen",
            "dummy:Gefallen:Domino.Weg",
            "dummy:Gefallen:Zeit.Sprung",
            "dummy:Gefallen:Einraster",
            "dummy:Gefallen:Klacker",
            "dummy:Gefallen:Schwingende.K\u00f6rbe",
            "dummy:Gefallen:Balance.Br\u00fccken",
            "dummy:Gefallen:Hangel.Kurven",
            "dummy:Gefallen:Drehende.Bretter",
            "dummy:Gefallen:Doppelter.Rohrschlitten.mit.Cargo.Netz",
            "dummy:Gefallen:Power.Tower",
            "dummy:Gefallen:Riesenrad",
            "dummy:Gefallen:Schwebende.Keile",
            "dummy:Gefallen:Bungee.Flug",
            "dummy:Gefallen:Block.Lauf.2.0",
            "dummy:Gefallen:Mega.Wand",
            "dummy:Bezwungen_HF:Sprung.Tritte Schwingende.K\u00f6rbe Balance.Br\u00fccken",
            "dummy:Bezwungen_HF:Sprung.Tritte Schwung.Bretter Balance.Br\u00fccken",
            "dummy:Bezwungen_HF:Sprung.Tritte Schwingende.K\u00f6rbe",
            "dummy:Bezwungen_HF:Sprung.Tritte",
            "dummy:Bezwungen_HF:N/A",
            "dummy:Nationalit\u00e4t:Deutschland",
            "dummy:Nationalit\u00e4t:\u00d6sterreich",
            "dummy:Nationalit\u00e4t:Albanien",
            "dummy:Nationalit\u00e4t:Italien",
            "dummy:Nationalit\u00e4t:Niederlande",
            "dummy:Nationalit\u00e4t:Schweiz",
            "dummy:Nationalit\u00e4t:Bulgarien",
            "dummy:Nationalit\u00e4t:Frankreich",
            "dummy:Nationalit\u00e4t:N/A",
            "dummy:Gefallen_HF:0",
            "dummy:Gefallen_HF:Schwung.Scheiben",
            "dummy:Gefallen_HF:Flug.Wippen",
            "dummy:Gefallen_HF:Doppelter.Rohrschlitten.mit.Cargo.Netz",
            "dummy:Gefallen_HF:Balance.Br\u00fccken",
            "dummy:Gefallen_HF:Riesenrad",
            "dummy:Gefallen_HF:Bungee.Flug",
            "dummy:Gefallen_HF:Hangel.Trommeln",
            "dummy:Gefallen_HF:Schwung.Bretter",
            "dummy:Gefallen_HF:Mega.Wand",
            "dummy:Gefallen_HF:N/A",
            "dummy:Geschafft:1",
            "dummy:Geschafft:3",
            "dummy:Geschafft:2",
            "dummy:Geschafft:8",
            "dummy:Geschafft:6",
            "dummy:Geschafft:4",
            "dummy:Geschafft:0",
            "dummy:Geschafft:5",
            "dummy:Geschafft:9",
            "dummy:Geschafft:7",
            "dummy:Geschlecht:m",
            "dummy:Geschlecht:w",
            "dummy:Geschlecht:N/A"
        ],
        "importances": [
            0.15888494674499382,
            0.08309207736697648,
            0.18929720817889417,
            0.10124416900178579,
            0.019316965114472708,
            0.0022164663899344426,
            0.00019814298379035997,
            0.0010155849874274698,
            0.0007068092466203587,
            0.0002132456154170708,
            0.00016051210845023607,
            0.00018938780731770721,
            0.0027745512284761604,
            0.00013504858386246358,
            9.587685355232352e-05,
            0.005314593862364797,
            0.00010170118637616813,
            0.00276017049183641,
            0.0015639985320938612,
            0.0009826081155093716,
            0.0004629245689837783,
            0.0009624715443141528,
            0.001261170003924479,
            0.0014143645997017334,
            0.0004183736815082612,
            0.0007661417244039777,
            0.0011157089473117301,
            0.0011618903697720021,
            0.0024859911425956,
            3.547216162928433e-05,
            0.0006354376414095985,
            0.05138215878207172,
            0.014729102390076368,
            0.0029555973441508865,
            0.001830519253697605,
            0.09566538892366172,
            0.005376490300456692,
            0.003138961845638489,
            0.00037103773894923406,
            0.0006037064537454209,
            0.0002259132180781787,
            0.0003185132907743485,
            0.00021323917027485901,
            0.00010208444423017807,
            0.00019978012748932039,
            0.015146250210646937,
            0.013575737996290518,
            0.011685004463508843,
            0.005320865106979496,
            0.00398203006720067,
            0.0033308785015638987,
            0.002631144094599739,
            0.0021212691645798466,
            0.0013979074849630579,
            0.0011216261780468096,
            0.11840896379665296,
            0.006606005142843746,
            0.0009544496881212198,
            0.001743429187534318,
            0.016072313501256624,
            0.019271186241630888,
            0.0015819528028707555,
            0.00046868312068056944,
            0.002297887663953538,
            0.0056477557408209055,
            0.0004855184446940432,
            0.003148282273548396,
            0.004521367372856847,
            0.00038298768515361423
        ]
    },
    "reduce_vars": [],
    "train_nb_records": 410,
    "train_nb_features": 77,
    "train_nb_outliers": 0,
    "cluster_description": [
        {
            "variable": "dummy:Gefallen:0",
            "var": 0.05,
            "values": [
                {
                    "cluster": "cluster_0",
                    "value": 0.12
                },
                {
                    "cluster": "cluster_1",
                    "value": 0.21568627450980393
                },
                {
                    "cluster": "cluster_2",
                    "value": 0.004878048780487805
                },
                {
                    "cluster": "cluster_3",
                    "value": 0.5740740740740741
                },
                {
                    "cluster": "cluster_4",
                    "value": 0.02
                }
            ]
        },
        {
            "variable": "dummy:Gefallen:Tunnel.Sprung.2.0",
            "var": 0.01,
            "values": [
                {
                    "cluster": "cluster_0",
                    "value": 0.1
                },
                {
                    "cluster": "cluster_1",
                    "value": 0.058823529411764705
                },
                {
                    "cluster": "cluster_2",
                    "value": 0.0975609756097561
                },
                {
                    "cluster": "cluster_3",
                    "value": 0.0
                },
                {
                    "cluster": "cluster_4",
                    "value": 0.24
                }
            ]
        },
        {
            "variable": "dummy:Gefallen:Trommelwirbel",
            "var": 0.0,
            "values": [
                {
                    "cluster": "cluster_0",
                    "value": 0.02
                },
                {
                    "cluster": "cluster_1",
                    "value": 0.0196078431372549
                },
                {
                    "cluster": "cluster_2",
                    "value": 0.12682926829268293
                },
                {
                    "cluster": "cluster_3",
                    "value": 0.0
                },
                {
                    "cluster": "cluster_4",
                    "value": 0.08
                }
            ]
        },
        {
            "variable": "dummy:Gefallen:Pfeil.Sprung",
            "var": 0.01,
            "values": [
                {
                    "cluster": "cluster_0",
                    "value": 0.0
                },
                {
                    "cluster": "cluster_1",
                    "value": 0.0
                },
                {
                    "cluster": "cluster_2",
                    "value": 0.11707317073170732
                },
                {
                    "cluster": "cluster_3",
                    "value": 0.0
                },
                {
                    "cluster": "cluster_4",
                    "value": 0.14
                }
            ]
        },
        {
            "variable": "dummy:Gefallen:Chaos.B\u00e4lle",
            "var": 0.0,
            "values": [
                {
                    "cluster": "cluster_0",
                    "value": 0.0
                },
                {
                    "cluster": "cluster_1",
                    "value": 0.0
                },
                {
                    "cluster": "cluster_2",
                    "value": 0.11219512195121951
                },
                {
                    "cluster": "cluster_3",
                    "value": 0.0
                },
                {
                    "cluster": "cluster_4",
                    "value": 0.08
                }
            ]
        },
        {
            "variable": "dummy:Gefallen:Cargonetz.mit.Schaukel",
            "var": 0.0,
            "values": [
                {
                    "cluster": "cluster_0",
                    "value": 0.0
                },
                {
                    "cluster": "cluster_1",
                    "value": 0.0
                },
                {
                    "cluster": "cluster_2",
                    "value": 0.0975609756097561
                },
                {
                    "cluster": "cluster_3",
                    "value": 0.0
                },
                {
                    "cluster": "cluster_4",
                    "value": 0.06
                }
            ]
        },
        {
            "variable": "dummy:Gefallen:Cargo.Netz.mit.Rad",
            "var": 0.0,
            "values": [
                {
                    "cluster": "cluster_0",
                    "value": 0.0
                },
                {
                    "cluster": "cluster_1",
                    "value": 0.0
                },
                {
                    "cluster": "cluster_2",
                    "value": 0.09268292682926829
                },
                {
                    "cluster": "cluster_3",
                    "value": 0.0
                },
                {
                    "cluster": "cluster_4",
                    "value": 0.02
                }
            ]
        },
        {
            "variable": "dummy:Gefallen:Sprungfedern",
            "var": 0.0,
            "values": [
                {
                    "cluster": "cluster_0",
                    "value": 0.0
                },
                {
                    "cluster": "cluster_1",
                    "value": 0.0
                },
                {
                    "cluster": "cluster_2",
                    "value": 0.08780487804878048
                },
                {
                    "cluster": "cluster_3",
                    "value": 0.0
                },
                {
                    "cluster": "cluster_4",
                    "value": 0.04
                }
            ]
        },
        {
            "variable": "dummy:Gefallen:Himmelsleiter",
            "var": 0.0,
            "values": [
                {
                    "cluster": "cluster_0",
                    "value": 0.02
                },
                {
                    "cluster": "cluster_1",
                    "value": 0.058823529411764705
                },
                {
                    "cluster": "cluster_2",
                    "value": 0.024390243902439025
                },
                {
                    "cluster": "cluster_3",
                    "value": 0.09259259259259259
                },
                {
                    "cluster": "cluster_4",
                    "value": 0.1
                }
            ]
        },
        {
            "variable": "dummy:Gefallen:Cargo.Netz.mit.B\u00fcgeln",
            "var": 0.0,
            "values": [
                {
                    "cluster": "cluster_0",
                    "value": 0.0
                },
                {
                    "cluster": "cluster_1",
                    "value": 0.0
                },
                {
                    "cluster": "cluster_2",
                    "value": 0.06341463414634146
                },
                {
                    "cluster": "cluster_3",
                    "value": 0.0
                },
                {
                    "cluster": "cluster_4",
                    "value": 0.04
                }
            ]
        },
        {
            "variable": "dummy:Gefallen:Cargo.Netz.mit.Stange",
            "var": 0.0,
            "values": [
                {
                    "cluster": "cluster_0",
                    "value": 0.0
                },
                {
                    "cluster": "cluster_1",
                    "value": 0.0
                },
                {
                    "cluster": "cluster_2",
                    "value": 0.06341463414634146
                },
                {
                    "cluster": "cluster_3",
                    "value": 0.0
                },
                {
                    "cluster": "cluster_4",
                    "value": 0.02
                }
            ]
        },
        {
            "variable": "dummy:Gefallen:Flug.Wippen",
            "var": 0.01,
            "values": [
                {
                    "cluster": "cluster_0",
                    "value": 0.16
                },
                {
                    "cluster": "cluster_1",
                    "value": 0.09803921568627451
                },
                {
                    "cluster": "cluster_2",
                    "value": 0.0
                },
                {
                    "cluster": "cluster_3",
                    "value": 0.0
                },
                {
                    "cluster": "cluster_4",
                    "value": 0.0
                }
            ]
        },
        {
            "variable": "dummy:Gefallen:Domino.Weg",
            "var": 0.0,
            "values": [
                {
                    "cluster": "cluster_0",
                    "value": 0.0
                },
                {
                    "cluster": "cluster_1",
                    "value": 0.0
                },
                {
                    "cluster": "cluster_2",
                    "value": 0.04878048780487805
                },
                {
                    "cluster": "cluster_3",
                    "value": 0.0
                },
                {
                    "cluster": "cluster_4",
                    "value": 0.06
                }
            ]
        },
        {
            "variable": "dummy:Gefallen:Zeit.Sprung",
            "var": 0.01,
            "values": [
                {
                    "cluster": "cluster_0",
                    "value": 0.14
                },
                {
                    "cluster": "cluster_1",
                    "value": 0.11764705882352941
                },
                {
                    "cluster": "cluster_2",
                    "value": 0.0
                },
                {
                    "cluster": "cluster_3",
                    "value": 0.0
                },
                {
                    "cluster": "cluster_4",
                    "value": 0.0
                }
            ]
        },
        {
            "variable": "dummy:Gefallen:Einraster",
            "var": 0.0,
            "values": [
                {
                    "cluster": "cluster_0",
                    "value": 0.1
                },
                {
                    "cluster": "cluster_1",
                    "value": 0.0784313725490196
                },
                {
                    "cluster": "cluster_2",
                    "value": 0.0
                },
                {
                    "cluster": "cluster_3",
                    "value": 0.018518518518518517
                },
                {
                    "cluster": "cluster_4",
                    "value": 0.0
                }
            ]
        },
        {
            "variable": "dummy:Gefallen:Klacker",
            "var": 0.0,
            "values": [
                {
                    "cluster": "cluster_0",
                    "value": 0.08
                },
                {
                    "cluster": "cluster_1",
                    "value": 0.058823529411764705
                },
                {
                    "cluster": "cluster_2",
                    "value": 0.0
                },
                {
                    "cluster": "cluster_3",
                    "value": 0.037037037037037035
                },
                {
                    "cluster": "cluster_4",
                    "value": 0.0
                }
            ]
        },
        {
            "variable": "dummy:Gefallen:Schwingende.K\u00f6rbe",
            "var": 0.0,
            "values": [
                {
                    "cluster": "cluster_0",
                    "value": 0.02
                },
                {
                    "cluster": "cluster_1",
                    "value": 0.0
                },
                {
                    "cluster": "cluster_2",
                    "value": 0.024390243902439025
                },
                {
                    "cluster": "cluster_3",
                    "value": 0.0
                },
                {
                    "cluster": "cluster_4",
                    "value": 0.06
                }
            ]
        },
        {
            "variable": "dummy:Gefallen:Balance.Br\u00fccken",
            "var": 0.0,
            "values": [
                {
                    "cluster": "cluster_0",
                    "value": 0.08
                },
                {
                    "cluster": "cluster_1",
                    "value": 0.0392156862745098
                },
                {
                    "cluster": "cluster_2",
                    "value": 0.0
                },
                {
                    "cluster": "cluster_3",
                    "value": 0.0
                },
                {
                    "cluster": "cluster_4",
                    "value": 0.0
                }
            ]
        },
        {
            "variable": "dummy:Gefallen:Hangel.Kurven",
            "var": 0.0,
            "values": [
                {
                    "cluster": "cluster_0",
                    "value": 0.06
                },
                {
                    "cluster": "cluster_1",
                    "value": 0.0392156862745098
                },
                {
                    "cluster": "cluster_2",
                    "value": 0.0
                },
                {
                    "cluster": "cluster_3",
                    "value": 0.018518518518518517
                },
                {
                    "cluster": "cluster_4",
                    "value": 0.0
                }
            ]
        },
        {
            "variable": "dummy:Gefallen:Drehende.Bretter",
            "var": 0.0,
            "values": [
                {
                    "cluster": "cluster_0",
                    "value": 0.04
                },
                {
                    "cluster": "cluster_1",
                    "value": 0.0784313725490196
                },
                {
                    "cluster": "cluster_2",
                    "value": 0.0
                },
                {
                    "cluster": "cluster_3",
                    "value": 0.0
                },
                {
                    "cluster": "cluster_4",
                    "value": 0.0
                }
            ]
        },
        {
            "variable": "dummy:Gefallen:Doppelter.Rohrschlitten.mit.Cargo.Netz",
            "var": 0.0,
            "values": [
                {
                    "cluster": "cluster_0",
                    "value": 0.0
                },
                {
                    "cluster": "cluster_1",
                    "value": 0.0196078431372549
                },
                {
                    "cluster": "cluster_2",
                    "value": 0.0
                },
                {
                    "cluster": "cluster_3",
                    "value": 0.09259259259259259
                },
                {
                    "cluster": "cluster_4",
                    "value": 0.0
                }
            ]
        },
        {
            "variable": "dummy:Gefallen:Power.Tower",
            "var": 0.0,
            "values": [
                {
                    "cluster": "cluster_0",
                    "value": 0.04
                },
                {
                    "cluster": "cluster_1",
                    "value": 0.0196078431372549
                },
                {
                    "cluster": "cluster_2",
                    "value": 0.0
                },
                {
                    "cluster": "cluster_3",
                    "value": 0.037037037037037035
                },
                {
                    "cluster": "cluster_4",
                    "value": 0.0
                }
            ]
        },
        {
            "variable": "dummy:Gefallen:Riesenrad",
            "var": 0.0,
            "values": [
                {
                    "cluster": "cluster_0",
                    "value": 0.0
                },
                {
                    "cluster": "cluster_1",
                    "value": 0.0196078431372549
                },
                {
                    "cluster": "cluster_2",
                    "value": 0.0
                },
                {
                    "cluster": "cluster_3",
                    "value": 0.07407407407407407
                },
                {
                    "cluster": "cluster_4",
                    "value": 0.0
                }
            ]
        },
        {
            "variable": "dummy:Gefallen:Schwebende.Keile",
            "var": 0.0,
            "values": [
                {
                    "cluster": "cluster_0",
                    "value": 0.0
                },
                {
                    "cluster": "cluster_1",
                    "value": 0.0
                },
                {
                    "cluster": "cluster_2",
                    "value": 0.014634146341463415
                },
                {
                    "cluster": "cluster_3",
                    "value": 0.0
                },
                {
                    "cluster": "cluster_4",
                    "value": 0.04
                }
            ]
        },
        {
            "variable": "dummy:Gefallen:Bungee.Flug",
            "var": 0.0,
            "values": [
                {
                    "cluster": "cluster_0",
                    "value": 0.02
                },
                {
                    "cluster": "cluster_1",
                    "value": 0.0784313725490196
                },
                {
                    "cluster": "cluster_2",
                    "value": 0.0
                },
                {
                    "cluster": "cluster_3",
                    "value": 0.0
                },
                {
                    "cluster": "cluster_4",
                    "value": 0.0
                }
            ]
        },
        {
            "variable": "dummy:Gefallen:Block.Lauf.2.0",
            "var": 0.0,
            "values": [
                {
                    "cluster": "cluster_0",
                    "value": 0.0
                },
                {
                    "cluster": "cluster_1",
                    "value": 0.0
                },
                {
                    "cluster": "cluster_2",
                    "value": 0.024390243902439025
                },
                {
                    "cluster": "cluster_3",
                    "value": 0.0
                },
                {
                    "cluster": "cluster_4",
                    "value": 0.0
                }
            ]
        },
        {
            "variable": "dummy:Gefallen:Mega.Wand",
            "var": 0.0,
            "values": [
                {
                    "cluster": "cluster_0",
                    "value": 0.0
                },
                {
                    "cluster": "cluster_1",
                    "value": 0.0
                },
                {
                    "cluster": "cluster_2",
                    "value": 0.0
                },
                {
                    "cluster": "cluster_3",
                    "value": 0.05555555555555555
                },
                {
                    "cluster": "cluster_4",
                    "value": 0.0
                }
            ]
        },
        {
            "variable": "dummy:Gefallen:N/A",
            "var": 0.0,
            "values": [
                {
                    "cluster": "cluster_0",
                    "value": 0.0
                },
                {
                    "cluster": "cluster_1",
                    "value": 0.0
                },
                {
                    "cluster": "cluster_2",
                    "value": 0.0
                },
                {
                    "cluster": "cluster_3",
                    "value": 0.0
                },
                {
                    "cluster": "cluster_4",
                    "value": 0.0
                }
            ]
        },
        {
            "variable": "dummy:Gefallen:__Others__",
            "var": 0.0,
            "values": [
                {
                    "cluster": "cluster_0",
                    "value": 0.0
                },
                {
                    "cluster": "cluster_1",
                    "value": 0.0
                },
                {
                    "cluster": "cluster_2",
                    "value": 0.0
                },
                {
                    "cluster": "cluster_3",
                    "value": 0.0
                },
                {
                    "cluster": "cluster_4",
                    "value": 0.0
                }
            ]
        },
        {
            "variable": "dummy:Bezwungen_HF:Sprung.Tritte Schwingende.K\u00f6rbe Balance.Br\u00fccken",
            "var": 0.14,
            "values": [
                {
                    "cluster": "cluster_0",
                    "value": 0.32
                },
                {
                    "cluster": "cluster_1",
                    "value": 0.6078431372549019
                },
                {
                    "cluster": "cluster_2",
                    "value": 0.0
                },
                {
                    "cluster": "cluster_3",
                    "value": 0.8518518518518519
                },
                {
                    "cluster": "cluster_4",
                    "value": 0.0
                }
            ]
        },
        {
            "variable": "dummy:Bezwungen_HF:Sprung.Tritte Schwung.Bretter Balance.Br\u00fccken",
            "var": 0.04,
            "values": [
                {
                    "cluster": "cluster_0",
                    "value": 0.46
                },
                {
                    "cluster": "cluster_1",
                    "value": 0.2549019607843137
                },
                {
                    "cluster": "cluster_2",
                    "value": 0.0
                },
                {
                    "cluster": "cluster_3",
                    "value": 0.14814814814814814
                },
                {
                    "cluster": "cluster_4",
                    "value": 0.0
                }
            ]
        },
        {
            "variable": "dummy:Bezwungen_HF:Sprung.Tritte Schwingende.K\u00f6rbe",
            "var": 0.01,
            "values": [
                {
                    "cluster": "cluster_0",
                    "value": 0.16
                },
                {
                    "cluster": "cluster_1",
                    "value": 0.0784313725490196
                },
                {
                    "cluster": "cluster_2",
                    "value": 0.0
                },
                {
                    "cluster": "cluster_3",
                    "value": 0.0
                },
                {
                    "cluster": "cluster_4",
                    "value": 0.0
                }
            ]
        },
        {
            "variable": "dummy:Bezwungen_HF:Sprung.Tritte",
            "var": 0.0,
            "values": [
                {
                    "cluster": "cluster_0",
                    "value": 0.06
                },
                {
                    "cluster": "cluster_1",
                    "value": 0.058823529411764705
                },
                {
                    "cluster": "cluster_2",
                    "value": 0.0
                },
                {
                    "cluster": "cluster_3",
                    "value": 0.0
                },
                {
                    "cluster": "cluster_4",
                    "value": 0.0
                }
            ]
        },
        {
            "variable": "dummy:Bezwungen_HF:N/A",
            "var": 0.3,
            "values": [
                {
                    "cluster": "cluster_0",
                    "value": 0.0
                },
                {
                    "cluster": "cluster_1",
                    "value": 0.0
                },
                {
                    "cluster": "cluster_2",
                    "value": 1.0
                },
                {
                    "cluster": "cluster_3",
                    "value": 0.0
                },
                {
                    "cluster": "cluster_4",
                    "value": 1.0
                }
            ]
        },
        {
            "variable": "dummy:Bezwungen_HF:__Others__",
            "var": 0.0,
            "values": [
                {
                    "cluster": "cluster_0",
                    "value": 0.0
                },
                {
                    "cluster": "cluster_1",
                    "value": 0.0
                },
                {
                    "cluster": "cluster_2",
                    "value": 0.0
                },
                {
                    "cluster": "cluster_3",
                    "value": 0.0
                },
                {
                    "cluster": "cluster_4",
                    "value": 0.0
                }
            ]
        },
        {
            "variable": "dummy:Nationalit\u00e4t:Deutschland",
            "var": 0.0,
            "values": [
                {
                    "cluster": "cluster_0",
                    "value": 0.84
                },
                {
                    "cluster": "cluster_1",
                    "value": 0.9607843137254902
                },
                {
                    "cluster": "cluster_2",
                    "value": 1.0
                },
                {
                    "cluster": "cluster_3",
                    "value": 0.9259259259259259
                },
                {
                    "cluster": "cluster_4",
                    "value": 0.9
                }
            ]
        },
        {
            "variable": "dummy:Nationalit\u00e4t:\u00d6sterreich",
            "var": 0.0,
            "values": [
                {
                    "cluster": "cluster_0",
                    "value": 0.1
                },
                {
                    "cluster": "cluster_1",
                    "value": 0.0
                },
                {
                    "cluster": "cluster_2",
                    "value": 0.0
                },
                {
                    "cluster": "cluster_3",
                    "value": 0.018518518518518517
                },
                {
                    "cluster": "cluster_4",
                    "value": 0.04
                }
            ]
        },
        {
            "variable": "dummy:Nationalit\u00e4t:Albanien",
            "var": 0.0,
            "values": [
                {
                    "cluster": "cluster_0",
                    "value": 0.04
                },
                {
                    "cluster": "cluster_1",
                    "value": 0.0
                },
                {
                    "cluster": "cluster_2",
                    "value": 0.0
                },
                {
                    "cluster": "cluster_3",
                    "value": 0.0
                },
                {
                    "cluster": "cluster_4",
                    "value": 0.0
                }
            ]
        },
        {
            "variable": "dummy:Nationalit\u00e4t:Italien",
            "var": 0.0,
            "values": [
                {
                    "cluster": "cluster_0",
                    "value": 0.0
                },
                {
                    "cluster": "cluster_1",
                    "value": 0.0
                },
                {
                    "cluster": "cluster_2",
                    "value": 0.0
                },
                {
                    "cluster": "cluster_3",
                    "value": 0.0
                },
                {
                    "cluster": "cluster_4",
                    "value": 0.04
                }
            ]
        },
        {
            "variable": "dummy:Nationalit\u00e4t:Niederlande",
            "var": 0.0,
            "values": [
                {
                    "cluster": "cluster_0",
                    "value": 0.0
                },
                {
                    "cluster": "cluster_1",
                    "value": 0.0
                },
                {
                    "cluster": "cluster_2",
                    "value": 0.0
                },
                {
                    "cluster": "cluster_3",
                    "value": 0.037037037037037035
                },
                {
                    "cluster": "cluster_4",
                    "value": 0.0
                }
            ]
        },
        {
            "variable": "dummy:Nationalit\u00e4t:Schweiz",
            "var": 0.0,
            "values": [
                {
                    "cluster": "cluster_0",
                    "value": 0.02
                },
                {
                    "cluster": "cluster_1",
                    "value": 0.0
                },
                {
                    "cluster": "cluster_2",
                    "value": 0.0
                },
                {
                    "cluster": "cluster_3",
                    "value": 0.018518518518518517
                },
                {
                    "cluster": "cluster_4",
                    "value": 0.0
                }
            ]
        },
        {
            "variable": "dummy:Nationalit\u00e4t:Bulgarien",
            "var": 0.0,
            "values": [
                {
                    "cluster": "cluster_0",
                    "value": 0.0
                },
                {
                    "cluster": "cluster_1",
                    "value": 0.0
                },
                {
                    "cluster": "cluster_2",
                    "value": 0.0
                },
                {
                    "cluster": "cluster_3",
                    "value": 0.0
                },
                {
                    "cluster": "cluster_4",
                    "value": 0.02
                }
            ]
        },
        {
            "variable": "dummy:Nationalit\u00e4t:Frankreich",
            "var": 0.0,
            "values": [
                {
                    "cluster": "cluster_0",
                    "value": 0.0
                },
                {
                    "cluster": "cluster_1",
                    "value": 0.0196078431372549
                },
                {
                    "cluster": "cluster_2",
                    "value": 0.0
                },
                {
                    "cluster": "cluster_3",
                    "value": 0.0
                },
                {
                    "cluster": "cluster_4",
                    "value": 0.0
                }
            ]
        },
        {
            "variable": "dummy:Nationalit\u00e4t:N/A",
            "var": 0.0,
            "values": [
                {
                    "cluster": "cluster_0",
                    "value": 0.0
                },
                {
                    "cluster": "cluster_1",
                    "value": 0.0196078431372549
                },
                {
                    "cluster": "cluster_2",
                    "value": 0.0
                },
                {
                    "cluster": "cluster_3",
                    "value": 0.0
                },
                {
                    "cluster": "cluster_4",
                    "value": 0.0
                }
            ]
        },
        {
            "variable": "dummy:Nationalit\u00e4t:__Others__",
            "var": 0.0,
            "values": [
                {
                    "cluster": "cluster_0",
                    "value": 0.0
                },
                {
                    "cluster": "cluster_1",
                    "value": 0.0
                },
                {
                    "cluster": "cluster_2",
                    "value": 0.0
                },
                {
                    "cluster": "cluster_3",
                    "value": 0.0
                },
                {
                    "cluster": "cluster_4",
                    "value": 0.0
                }
            ]
        },
        {
            "variable": "dummy:Gefallen_HF:0",
            "var": 0.05,
            "values": [
                {
                    "cluster": "cluster_0",
                    "value": 0.0
                },
                {
                    "cluster": "cluster_1",
                    "value": 0.19607843137254902
                },
                {
                    "cluster": "cluster_2",
                    "value": 0.0
                },
                {
                    "cluster": "cluster_3",
                    "value": 0.5
                },
                {
                    "cluster": "cluster_4",
                    "value": 0.0
                }
            ]
        },
        {
            "variable": "dummy:Gefallen_HF:Schwung.Scheiben",
            "var": 0.03,
            "values": [
                {
                    "cluster": "cluster_0",
                    "value": 0.36
                },
                {
                    "cluster": "cluster_1",
                    "value": 0.17647058823529413
                },
                {
                    "cluster": "cluster_2",
                    "value": 0.0
                },
                {
                    "cluster": "cluster_3",
                    "value": 0.0
                },
                {
                    "cluster": "cluster_4",
                    "value": 0.0
                }
            ]
        },
        {
            "variable": "dummy:Gefallen_HF:Flug.Wippen",
            "var": 0.02,
            "values": [
                {
                    "cluster": "cluster_0",
                    "value": 0.28
                },
                {
                    "cluster": "cluster_1",
                    "value": 0.19607843137254902
                },
                {
                    "cluster": "cluster_2",
                    "value": 0.0
                },
                {
                    "cluster": "cluster_3",
                    "value": 0.037037037037037035
                },
                {
                    "cluster": "cluster_4",
                    "value": 0.0
                }
            ]
        },
        {
            "variable": "dummy:Gefallen_HF:Doppelter.Rohrschlitten.mit.Cargo.Netz",
            "var": 0.01,
            "values": [
                {
                    "cluster": "cluster_0",
                    "value": 0.0
                },
                {
                    "cluster": "cluster_1",
                    "value": 0.0392156862745098
                },
                {
                    "cluster": "cluster_2",
                    "value": 0.0
                },
                {
                    "cluster": "cluster_3",
                    "value": 0.2222222222222222
                },
                {
                    "cluster": "cluster_4",
                    "value": 0.0
                }
            ]
        },
        {
            "variable": "dummy:Gefallen_HF:Balance.Br\u00fccken",
            "var": 0.01,
            "values": [
                {
                    "cluster": "cluster_0",
                    "value": 0.16
                },
                {
                    "cluster": "cluster_1",
                    "value": 0.0784313725490196
                },
                {
                    "cluster": "cluster_2",
                    "value": 0.0
                },
                {
                    "cluster": "cluster_3",
                    "value": 0.0
                },
                {
                    "cluster": "cluster_4",
                    "value": 0.0
                }
            ]
        },
        {
            "variable": "dummy:Gefallen_HF:Riesenrad",
            "var": 0.0,
            "values": [
                {
                    "cluster": "cluster_0",
                    "value": 0.02
                },
                {
                    "cluster": "cluster_1",
                    "value": 0.0392156862745098
                },
                {
                    "cluster": "cluster_2",
                    "value": 0.0
                },
                {
                    "cluster": "cluster_3",
                    "value": 0.16666666666666666
                },
                {
                    "cluster": "cluster_4",
                    "value": 0.0
                }
            ]
        },
        {
            "variable": "dummy:Gefallen_HF:Bungee.Flug",
            "var": 0.0,
            "values": [
                {
                    "cluster": "cluster_0",
                    "value": 0.04
                },
                {
                    "cluster": "cluster_1",
                    "value": 0.13725490196078433
                },
                {
                    "cluster": "cluster_2",
                    "value": 0.0
                },
                {
                    "cluster": "cluster_3",
                    "value": 0.0
                },
                {
                    "cluster": "cluster_4",
                    "value": 0.0
                }
            ]
        },
        {
            "variable": "dummy:Gefallen_HF:Hangel.Trommeln",
            "var": 0.0,
            "values": [
                {
                    "cluster": "cluster_0",
                    "value": 0.06
                },
                {
                    "cluster": "cluster_1",
                    "value": 0.0784313725490196
                },
                {
                    "cluster": "cluster_2",
                    "value": 0.0
                },
                {
                    "cluster": "cluster_3",
                    "value": 0.0
                },
                {
                    "cluster": "cluster_4",
                    "value": 0.0
                }
            ]
        },
        {
            "variable": "dummy:Gefallen_HF:Schwung.Bretter",
            "var": 0.0,
            "values": [
                {
                    "cluster": "cluster_0",
                    "value": 0.06
                },
                {
                    "cluster": "cluster_1",
                    "value": 0.058823529411764705
                },
                {
                    "cluster": "cluster_2",
                    "value": 0.0
                },
                {
                    "cluster": "cluster_3",
                    "value": 0.0
                },
                {
                    "cluster": "cluster_4",
                    "value": 0.0
                }
            ]
        },
        {
            "variable": "dummy:Gefallen_HF:Mega.Wand",
            "var": 0.0,
            "values": [
                {
                    "cluster": "cluster_0",
                    "value": 0.02
                },
                {
                    "cluster": "cluster_1",
                    "value": 0.0
                },
                {
                    "cluster": "cluster_2",
                    "value": 0.0
                },
                {
                    "cluster": "cluster_3",
                    "value": 0.07407407407407407
                },
                {
                    "cluster": "cluster_4",
                    "value": 0.0
                }
            ]
        },
        {
            "variable": "dummy:Gefallen_HF:N/A",
            "var": 0.3,
            "values": [
                {
                    "cluster": "cluster_0",
                    "value": 0.0
                },
                {
                    "cluster": "cluster_1",
                    "value": 0.0
                },
                {
                    "cluster": "cluster_2",
                    "value": 1.0
                },
                {
                    "cluster": "cluster_3",
                    "value": 0.0
                },
                {
                    "cluster": "cluster_4",
                    "value": 1.0
                }
            ]
        },
        {
            "variable": "dummy:Gefallen_HF:__Others__",
            "var": 0.0,
            "values": [
                {
                    "cluster": "cluster_0",
                    "value": 0.0
                },
                {
                    "cluster": "cluster_1",
                    "value": 0.0
                },
                {
                    "cluster": "cluster_2",
                    "value": 0.0
                },
                {
                    "cluster": "cluster_3",
                    "value": 0.0
                },
                {
                    "cluster": "cluster_4",
                    "value": 0.0
                }
            ]
        },
        {
            "variable": "dummy:Geschafft:1",
            "var": 0.02,
            "values": [
                {
                    "cluster": "cluster_0",
                    "value": 0.0
                },
                {
                    "cluster": "cluster_1",
                    "value": 0.0
                },
                {
                    "cluster": "cluster_2",
                    "value": 0.3170731707317073
                },
                {
                    "cluster": "cluster_3",
                    "value": 0.0
                },
                {
                    "cluster": "cluster_4",
                    "value": 0.14
                }
            ]
        },
        {
            "variable": "dummy:Geschafft:3",
            "var": 0.01,
            "values": [
                {
                    "cluster": "cluster_0",
                    "value": 0.06
                },
                {
                    "cluster": "cluster_1",
                    "value": 0.09803921568627451
                },
                {
                    "cluster": "cluster_2",
                    "value": 0.23902439024390243
                },
                {
                    "cluster": "cluster_3",
                    "value": 0.0
                },
                {
                    "cluster": "cluster_4",
                    "value": 0.18
                }
            ]
        },
        {
            "variable": "dummy:Geschafft:2",
            "var": 0.01,
            "values": [
                {
                    "cluster": "cluster_0",
                    "value": 0.08
                },
                {
                    "cluster": "cluster_1",
                    "value": 0.0392156862745098
                },
                {
                    "cluster": "cluster_2",
                    "value": 0.2
                },
                {
                    "cluster": "cluster_3",
                    "value": 0.0
                },
                {
                    "cluster": "cluster_4",
                    "value": 0.18
                }
            ]
        },
        {
            "variable": "dummy:Geschafft:8",
            "var": 0.05,
            "values": [
                {
                    "cluster": "cluster_0",
                    "value": 0.16
                },
                {
                    "cluster": "cluster_1",
                    "value": 0.17647058823529413
                },
                {
                    "cluster": "cluster_2",
                    "value": 0.004878048780487805
                },
                {
                    "cluster": "cluster_3",
                    "value": 0.5740740740740741
                },
                {
                    "cluster": "cluster_4",
                    "value": 0.0
                }
            ]
        },
        {
            "variable": "dummy:Geschafft:6",
            "var": 0.04,
            "values": [
                {
                    "cluster": "cluster_0",
                    "value": 0.42
                },
                {
                    "cluster": "cluster_1",
                    "value": 0.37254901960784315
                },
                {
                    "cluster": "cluster_2",
                    "value": 0.0
                },
                {
                    "cluster": "cluster_3",
                    "value": 0.07407407407407407
                },
                {
                    "cluster": "cluster_4",
                    "value": 0.0
                }
            ]
        },
        {
            "variable": "dummy:Geschafft:4",
            "var": 0.01,
            "values": [
                {
                    "cluster": "cluster_0",
                    "value": 0.1
                },
                {
                    "cluster": "cluster_1",
                    "value": 0.058823529411764705
                },
                {
                    "cluster": "cluster_2",
                    "value": 0.0975609756097561
                },
                {
                    "cluster": "cluster_3",
                    "value": 0.0
                },
                {
                    "cluster": "cluster_4",
                    "value": 0.24
                }
            ]
        },
        {
            "variable": "dummy:Geschafft:0",
            "var": 0.01,
            "values": [
                {
                    "cluster": "cluster_0",
                    "value": 0.0
                },
                {
                    "cluster": "cluster_1",
                    "value": 0.0
                },
                {
                    "cluster": "cluster_2",
                    "value": 0.11707317073170732
                },
                {
                    "cluster": "cluster_3",
                    "value": 0.0
                },
                {
                    "cluster": "cluster_4",
                    "value": 0.16
                }
            ]
        },
        {
            "variable": "dummy:Geschafft:5",
            "var": 0.0,
            "values": [
                {
                    "cluster": "cluster_0",
                    "value": 0.18
                },
                {
                    "cluster": "cluster_1",
                    "value": 0.1568627450980392
                },
                {
                    "cluster": "cluster_2",
                    "value": 0.024390243902439025
                },
                {
                    "cluster": "cluster_3",
                    "value": 0.09259259259259259
                },
                {
                    "cluster": "cluster_4",
                    "value": 0.1
                }
            ]
        },
        {
            "variable": "dummy:Geschafft:9",
            "var": 0.01,
            "values": [
                {
                    "cluster": "cluster_0",
                    "value": 0.0
                },
                {
                    "cluster": "cluster_1",
                    "value": 0.09803921568627451
                },
                {
                    "cluster": "cluster_2",
                    "value": 0.0
                },
                {
                    "cluster": "cluster_3",
                    "value": 0.2037037037037037
                },
                {
                    "cluster": "cluster_4",
                    "value": 0.0
                }
            ]
        },
        {
            "variable": "dummy:Geschafft:7",
            "var": 0.0,
            "values": [
                {
                    "cluster": "cluster_0",
                    "value": 0.0
                },
                {
                    "cluster": "cluster_1",
                    "value": 0.0
                },
                {
                    "cluster": "cluster_2",
                    "value": 0.0
                },
                {
                    "cluster": "cluster_3",
                    "value": 0.05555555555555555
                },
                {
                    "cluster": "cluster_4",
                    "value": 0.0
                }
            ]
        },
        {
            "variable": "dummy:Geschafft:N/A",
            "var": 0.0,
            "values": [
                {
                    "cluster": "cluster_0",
                    "value": 0.0
                },
                {
                    "cluster": "cluster_1",
                    "value": 0.0
                },
                {
                    "cluster": "cluster_2",
                    "value": 0.0
                },
                {
                    "cluster": "cluster_3",
                    "value": 0.0
                },
                {
                    "cluster": "cluster_4",
                    "value": 0.0
                }
            ]
        },
        {
            "variable": "dummy:Geschafft:__Others__",
            "var": 0.0,
            "values": [
                {
                    "cluster": "cluster_0",
                    "value": 0.0
                },
                {
                    "cluster": "cluster_1",
                    "value": 0.0
                },
                {
                    "cluster": "cluster_2",
                    "value": 0.0
                },
                {
                    "cluster": "cluster_3",
                    "value": 0.0
                },
                {
                    "cluster": "cluster_4",
                    "value": 0.0
                }
            ]
        },
        {
            "variable": "dummy:Geschlecht:m",
            "var": 0.03,
            "values": [
                {
                    "cluster": "cluster_0",
                    "value": 0.78
                },
                {
                    "cluster": "cluster_1",
                    "value": 0.9215686274509803
                },
                {
                    "cluster": "cluster_2",
                    "value": 0.6878048780487804
                },
                {
                    "cluster": "cluster_3",
                    "value": 0.9444444444444444
                },
                {
                    "cluster": "cluster_4",
                    "value": 0.56
                }
            ]
        },
        {
            "variable": "dummy:Geschlecht:w",
            "var": 0.03,
            "values": [
                {
                    "cluster": "cluster_0",
                    "value": 0.22
                },
                {
                    "cluster": "cluster_1",
                    "value": 0.058823529411764705
                },
                {
                    "cluster": "cluster_2",
                    "value": 0.3121951219512195
                },
                {
                    "cluster": "cluster_3",
                    "value": 0.05555555555555555
                },
                {
                    "cluster": "cluster_4",
                    "value": 0.44
                }
            ]
        },
        {
            "variable": "dummy:Geschlecht:N/A",
            "var": 0.0,
            "values": [
                {
                    "cluster": "cluster_0",
                    "value": 0.0
                },
                {
                    "cluster": "cluster_1",
                    "value": 0.0196078431372549
                },
                {
                    "cluster": "cluster_2",
                    "value": 0.0
                },
                {
                    "cluster": "cluster_3",
                    "value": 0.0
                },
                {
                    "cluster": "cluster_4",
                    "value": 0.0
                }
            ]
        },
        {
            "variable": "dummy:Geschlecht:__Others__",
            "var": 0.0,
            "values": [
                {
                    "cluster": "cluster_0",
                    "value": 0.0
                },
                {
                    "cluster": "cluster_1",
                    "value": 0.0
                },
                {
                    "cluster": "cluster_2",
                    "value": 0.0
                },
                {
                    "cluster": "cluster_3",
                    "value": 0.0
                },
                {
                    "cluster": "cluster_4",
                    "value": 0.0
                }
            ]
        },
        {
            "variable": "Gewicht",
            "var": 1345.84,
            "values": [
                {
                    "cluster": "cluster_0",
                    "value": 65.46
                },
                {
                    "cluster": "cluster_1",
                    "value": 0.0
                },
                {
                    "cluster": "cluster_2",
                    "value": 0.0
                },
                {
                    "cluster": "cluster_3",
                    "value": 71.57407407407408
                },
                {
                    "cluster": "cluster_4",
                    "value": 63.2
                }
            ]
        },
        {
            "variable": "Alter",
            "var": 7.52,
            "values": [
                {
                    "cluster": "cluster_0",
                    "value": 29.58
                },
                {
                    "cluster": "cluster_3",
                    "value": 27.01851851851852
                },
                {
                    "cluster": "cluster_4",
                    "value": 32.5
                }
            ]
        },
        {
            "variable": "Gr\u00f6\u00dfe",
            "var": 9229.73,
            "values": [
                {
                    "cluster": "cluster_0",
                    "value": 176.42
                },
                {
                    "cluster": "cluster_1",
                    "value": 0.0
                },
                {
                    "cluster": "cluster_2",
                    "value": 0.0
                },
                {
                    "cluster": "cluster_3",
                    "value": 178.37037037037038
                },
                {
                    "cluster": "cluster_4",
                    "value": 171.22
                }
            ]
        },
        {
            "variable": "Geschafft_HF",
            "var": 4.64,
            "values": [
                {
                    "cluster": "cluster_0",
                    "value": 4.16
                },
                {
                    "cluster": "cluster_1",
                    "value": 5.117647058823529
                },
                {
                    "cluster": "cluster_3",
                    "value": 8.277777777777779
                }
            ]
        },
        {
            "variable": "cluster_size",
            "var": 4730.5,
            "values": [
                {
                    "cluster": "cluster_2",
                    "value": 205
                },
                {
                    "cluster": "cluster_3",
                    "value": 54
                },
                {
                    "cluster": "cluster_1",
                    "value": 51
                },
                {
                    "cluster": "cluster_4",
                    "value": 50
                },
                {
                    "cluster": "cluster_0",
                    "value": 50
                }
            ]
        }
    ],
    "summary": {
        "clusters": []
    }
}