{
    "modelId": "m1",
    "state": "DONE",
    "startTime": 1606313058533,
    "endTime": 1606313061145,
    "preprocessingTime": 277,
    "trainingTime": 2335,
    "progress": {
        "stack": [],
        "top_level_todo": [],
        "top_level_done": [
            {
                "name": "Loading source dataset",
                "time": 13
            },
            {
                "name": "Collecting statistics",
                "time": 20
            },
            {
                "name": "Preprocessing data",
                "time": 244
            },
            {
                "name": "Fitting model",
                "time": 1361
            },
            {
                "name": "Saving model",
                "time": 1
            },
            {
                "name": "Scoring model",
                "time": 973
            }
        ]
    }
}