{
  "params": {
    "ttPolicy": "SPLIT_SINGLE_DATASET",
    "ssdSplitMode": "RANDOM",
    "splitBeforePrepare": true,
    "ssdSelection": {
      "useMemTable": false,
      "filter": {
        "distinct": false,
        "enabled": false
      },
      "partitionSelectionMethod": "ALL",
      "latestPartitionsN": 1,
      "ordering": {
        "enabled": false,
        "rules": []
      },
      "samplingMethod": "HEAD_SEQUENTIAL",
      "maxRecords": 100000,
      "targetRatio": 0.02,
      "withinFirstN": -1,
      "maxReadUncompressedBytes": -1
    },
    "ssdTrainingRatio": 0.8,
    "ssdSeed": 1337,
    "testOnLargerValues": true,
    "kfold": false,
    "nFolds": 5,
    "instanceIdRefresher": 0,
    "subSamplingSeed": 1337
  },
  "generationDate": 1605796826860,
  "policyId": "type\u003dSPLIT_SINGLE_DATASET,split\u003dRANDOM,splitBeforePrepare\u003dtrue,ds\u003d20_Hindernisse_Ergebnisse_joined,sel\u003d(method\u003dhead-s,records\u003d100000),r\u003d0.8,s\u003d1337",
  "instanceId": "80ed7780667495a99945ace398bf1b10-0",
  "format": "csv1",
  "schema": {
    "columns": [
      {"name":"Name","type":"string"},
      {"name":"Zeit","type":"string"},
      {"name":"Gefallen","type":"string"},
      {"name":"Geschafft","type":"string"},
      {"name":"Bezwungen","type":"string"},
      {"name":"Vorname","type":"string"},
      {"name":"Nachname","type":"string"},
      {"name":"Geschlecht","type":"string"},
      {"name":"Nationalität","type":"string"},
      {"name":"Birthday","type":"string"},
      {"name":"Alter","type":"bigint"},
      {"name":"Seasons","type":"string"},
      {"name":"Größe","type":"bigint"},
      {"name":"Gewicht","type":"bigint"},
      {"name":"Hintergrund","type":"string"}
    ],
    "userModified": false
  },
  "trainPath": "train.csv.gz",
  "testPath": "test.csv.gz",
  "trainRows": 284,
  "testRows": 73,
  "fullRows": 0
}