{
    "details": {
        "Geschlecht": {
            "levels": [
                "m"
            ],
            "with_others": false
        },
        "Seasons": {
            "levels": [
                "5",
                "4 5",
                "3 4 5",
                "1 2 3 4 5",
                "2 3 4 5",
                "3  5",
                "2   5",
                "1 2  4 5",
                "1   4 5",
                "1  3  5",
                "1 2 3  5",
                "2 3  5"
            ],
            "with_others": false
        }
    }
}