[
    {
        "variable": "Alter",
        "per_cluster": [
            {
                "min": 20.0,
                "max": 66.0,
                "median": 29.0,
                "percentile25": 25.0,
                "percentile75": 32.0,
                "percentile9": 21.0,
                "percentile91": 38.51999999999998,
                "std": 7.69303054623696,
                "distribution": [
                    4,
                    5,
                    1,
                    3,
                    0,
                    7,
                    4,
                    6,
                    0,
                    6,
                    6,
                    9,
                    0,
                    3,
                    6,
                    7,
                    1,
                    0,
                    1,
                    3,
                    3,
                    0,
                    3,
                    1,
                    0,
                    0,
                    1,
                    0,
                    0,
                    0,
                    0,
                    3,
                    0,
                    0,
                    0,
                    0,
                    0,
                    1,
                    0,
                    2,
                    0,
                    0,
                    0,
                    0,
                    0,
                    0,
                    0,
                    0,
                    0,
                    0,
                    0,
                    0,
                    0,
                    0,
                    0,
                    0,
                    0,
                    0,
                    0,
                    1
                ],
                "max_ratio": 0.10344827586206896,
                "total_no_nan": 87,
                "total": 259,
                "cluster_name": "cluster_0"
            },
            {
                "min": 20.0,
                "max": 53.0,
                "median": 27.5,
                "percentile25": 25.0,
                "percentile75": 33.25,
                "percentile9": 21.79,
                "percentile91": 39.42,
                "std": 7.841197293781097,
                "distribution": [
                    1,
                    2,
                    1,
                    0,
                    0,
                    2,
                    5,
                    2,
                    0,
                    3,
                    1,
                    1,
                    0,
                    1,
                    2,
                    2,
                    1,
                    0,
                    1,
                    2,
                    0,
                    0,
                    0,
                    0,
                    2,
                    0,
                    0,
                    1,
                    0,
                    0,
                    0,
                    0,
                    0,
                    0,
                    0,
                    0,
                    0,
                    0,
                    0,
                    0,
                    0,
                    1,
                    0,
                    1,
                    0,
                    0,
                    0,
                    0,
                    0,
                    0,
                    0,
                    0,
                    0,
                    0,
                    0,
                    0,
                    0,
                    0,
                    0,
                    0
                ],
                "max_ratio": 0.15625,
                "total_no_nan": 32,
                "total": 98,
                "cluster_name": "cluster_1"
            }
        ],
        "type": "numerical",
        "scale": {
            "min": 20.0,
            "max": 66.0,
            "max_ratio": 0.15625
        },
        "global": {
            "min": 20.0,
            "max": 66.0,
            "median": 29.0,
            "percentile25": 25.0,
            "percentile75": 32.0,
            "percentile9": 21.0,
            "percentile91": 39.38000000000001,
            "std": 7.733476066594747,
            "distribution": [
                5,
                7,
                2,
                3,
                0,
                9,
                9,
                8,
                0,
                9,
                7,
                10,
                0,
                4,
                8,
                9,
                2,
                0,
                2,
                5,
                3,
                0,
                3,
                1,
                2,
                0,
                1,
                1,
                0,
                0,
                0,
                3,
                0,
                0,
                0,
                0,
                0,
                1,
                0,
                2,
                0,
                1,
                0,
                1,
                0,
                0,
                0,
                0,
                0,
                0,
                0,
                0,
                0,
                0,
                0,
                0,
                0,
                0,
                0,
                1
            ],
            "max_ratio": 0.08403361344537816,
            "total_no_nan": 119,
            "total": 357
        }
    },
    {
        "variable": "Gr\u00f6\u00dfe",
        "per_cluster": [
            {
                "min": 167.0,
                "max": 200.0,
                "median": 178.0,
                "percentile25": 173.0,
                "percentile75": 181.5,
                "percentile9": 170.0,
                "percentile91": 184.26,
                "std": 5.918747854566877,
                "distribution": [
                    0,
                    0,
                    0,
                    0,
                    0,
                    0,
                    0,
                    0,
                    0,
                    0,
                    0,
                    0,
                    0,
                    0,
                    0,
                    0,
                    2,
                    3,
                    2,
                    0,
                    6,
                    2,
                    5,
                    0,
                    4,
                    3,
                    6,
                    0,
                    5,
                    5,
                    8,
                    0,
                    1,
                    11,
                    2,
                    0,
                    2,
                    10,
                    2,
                    0,
                    3,
                    1,
                    0,
                    0,
                    1,
                    1,
                    1,
                    0,
                    0,
                    0,
                    0,
                    0,
                    0,
                    0,
                    0,
                    0,
                    0,
                    0,
                    0,
                    1
                ],
                "max_ratio": 0.12643678160919541,
                "total_no_nan": 87,
                "total": 259,
                "cluster_name": "cluster_0"
            },
            {
                "min": 155.0,
                "max": 176.0,
                "median": 167.0,
                "percentile25": 164.75,
                "percentile75": 169.5,
                "percentile9": 161.16,
                "percentile91": 173.0,
                "std": 4.752363721086592,
                "distribution": [
                    1,
                    0,
                    1,
                    0,
                    1,
                    0,
                    0,
                    0,
                    0,
                    1,
                    1,
                    0,
                    3,
                    4,
                    2,
                    0,
                    3,
                    5,
                    2,
                    0,
                    0,
                    2,
                    2,
                    0,
                    2,
                    0,
                    1,
                    0,
                    1,
                    0,
                    0,
                    0,
                    0,
                    0,
                    0,
                    0,
                    0,
                    0,
                    0,
                    0,
                    0,
                    0,
                    0,
                    0,
                    0,
                    0,
                    0,
                    0,
                    0,
                    0,
                    0,
                    0,
                    0,
                    0,
                    0,
                    0,
                    0,
                    0,
                    0,
                    0
                ],
                "max_ratio": 0.15625,
                "total_no_nan": 32,
                "total": 98,
                "cluster_name": "cluster_1"
            }
        ],
        "type": "numerical",
        "scale": {
            "min": 155.0,
            "max": 200.0,
            "max_ratio": 0.15625
        },
        "global": {
            "min": 155.0,
            "max": 200.0,
            "median": 175.0,
            "percentile25": 169.0,
            "percentile75": 180.0,
            "percentile9": 165.0,
            "percentile91": 183.0,
            "std": 7.32967748415644,
            "distribution": [
                1,
                0,
                1,
                0,
                1,
                0,
                0,
                0,
                0,
                1,
                1,
                0,
                3,
                4,
                2,
                0,
                5,
                8,
                4,
                0,
                6,
                4,
                7,
                0,
                6,
                3,
                7,
                0,
                6,
                5,
                8,
                0,
                1,
                11,
                2,
                0,
                2,
                10,
                2,
                0,
                3,
                1,
                0,
                0,
                1,
                1,
                1,
                0,
                0,
                0,
                0,
                0,
                0,
                0,
                0,
                0,
                0,
                0,
                0,
                1
            ],
            "max_ratio": 0.09243697478991597,
            "total_no_nan": 119,
            "total": 357
        }
    },
    {
        "variable": "Gewicht",
        "per_cluster": [
            {
                "min": 56.0,
                "max": 98.0,
                "median": 70.0,
                "percentile25": 66.0,
                "percentile75": 75.0,
                "percentile9": 63.0,
                "percentile91": 86.0,
                "std": 8.464221777426326,
                "distribution": [
                    0,
                    0,
                    0,
                    0,
                    0,
                    0,
                    0,
                    0,
                    0,
                    0,
                    0,
                    1,
                    0,
                    1,
                    0,
                    0,
                    1,
                    0,
                    2,
                    4,
                    0,
                    12,
                    0,
                    2,
                    2,
                    7,
                    3,
                    9,
                    4,
                    0,
                    4,
                    4,
                    2,
                    7,
                    3,
                    0,
                    2,
                    0,
                    1,
                    3,
                    0,
                    2,
                    0,
                    0,
                    0,
                    1,
                    2,
                    0,
                    1,
                    0,
                    3,
                    0,
                    0,
                    0,
                    0,
                    0,
                    2,
                    0,
                    0,
                    1
                ],
                "max_ratio": 0.13953488372093023,
                "total_no_nan": 86,
                "total": 259,
                "cluster_name": "cluster_0"
            },
            {
                "min": 46.0,
                "max": 68.0,
                "median": 58.0,
                "percentile25": 53.0,
                "percentile75": 60.50000000000001,
                "percentile9": 49.370000000000005,
                "percentile91": 65.21000000000001,
                "std": 5.61031068101402,
                "distribution": [
                    1,
                    2,
                    0,
                    0,
                    1,
                    0,
                    3,
                    0,
                    2,
                    1,
                    2,
                    1,
                    1,
                    4,
                    0,
                    0,
                    6,
                    0,
                    3,
                    1,
                    0,
                    1,
                    0,
                    2,
                    0,
                    1,
                    0,
                    0,
                    0,
                    0,
                    0,
                    0,
                    0,
                    0,
                    0,
                    0,
                    0,
                    0,
                    0,
                    0,
                    0,
                    0,
                    0,
                    0,
                    0,
                    0,
                    0,
                    0,
                    0,
                    0,
                    0,
                    0,
                    0,
                    0,
                    0,
                    0,
                    0,
                    0,
                    0,
                    0
                ],
                "max_ratio": 0.1875,
                "total_no_nan": 32,
                "total": 98,
                "cluster_name": "cluster_1"
            }
        ],
        "type": "numerical",
        "scale": {
            "min": 46.0,
            "max": 98.0,
            "max_ratio": 0.1875
        },
        "global": {
            "min": 46.0,
            "max": 98.0,
            "median": 68.0,
            "percentile25": 62.0,
            "percentile75": 73.75,
            "percentile9": 55.0,
            "percentile91": 82.0,
            "std": 10.239017280166342,
            "distribution": [
                1,
                2,
                0,
                0,
                1,
                0,
                3,
                0,
                2,
                1,
                2,
                2,
                1,
                5,
                0,
                0,
                7,
                0,
                5,
                5,
                0,
                13,
                0,
                4,
                2,
                8,
                3,
                9,
                4,
                0,
                4,
                4,
                2,
                7,
                3,
                0,
                2,
                0,
                1,
                3,
                0,
                2,
                0,
                0,
                0,
                1,
                2,
                0,
                1,
                0,
                3,
                0,
                0,
                0,
                0,
                0,
                2,
                0,
                0,
                1
            ],
            "max_ratio": 0.11016949152542373,
            "total_no_nan": 118,
            "total": 357
        }
    },
    {
        "variable": "Geschafft",
        "per_cluster": [
            {
                "distribution": [
                    {
                        "label": "1",
                        "total_no_nan": 45,
                        "ratio": 0.17374517374517376
                    },
                    {
                        "label": "3",
                        "total_no_nan": 42,
                        "ratio": 0.16216216216216217
                    },
                    {
                        "label": "2",
                        "total_no_nan": 31,
                        "ratio": 0.11969111969111969
                    },
                    {
                        "label": "6",
                        "total_no_nan": 41,
                        "ratio": 0.1583011583011583
                    },
                    {
                        "label": "4",
                        "total_no_nan": 32,
                        "ratio": 0.12355212355212356
                    },
                    {
                        "label": "8",
                        "total_no_nan": 37,
                        "ratio": 0.14285714285714285
                    },
                    {
                        "label": "0",
                        "total_no_nan": 13,
                        "ratio": 0.05019305019305019
                    },
                    {
                        "label": "5",
                        "total_no_nan": 18,
                        "ratio": 0.0694980694980695
                    },
                    {
                        "label": null,
                        "total_no_nan": 0,
                        "ratio": 0.0
                    }
                ],
                "max_ratio": 0.17374517374517376,
                "total": 259,
                "total_no_nan": 259,
                "cluster_name": "cluster_0"
            },
            {
                "distribution": [
                    {
                        "label": "1",
                        "total_no_nan": 27,
                        "ratio": 0.2755102040816326
                    },
                    {
                        "label": "3",
                        "total_no_nan": 19,
                        "ratio": 0.19387755102040816
                    },
                    {
                        "label": "2",
                        "total_no_nan": 19,
                        "ratio": 0.19387755102040816
                    },
                    {
                        "label": "6",
                        "total_no_nan": 3,
                        "ratio": 0.030612244897959183
                    },
                    {
                        "label": "4",
                        "total_no_nan": 8,
                        "ratio": 0.08163265306122448
                    },
                    {
                        "label": "8",
                        "total_no_nan": 2,
                        "ratio": 0.02040816326530612
                    },
                    {
                        "label": "0",
                        "total_no_nan": 19,
                        "ratio": 0.19387755102040816
                    },
                    {
                        "label": "5",
                        "total_no_nan": 1,
                        "ratio": 0.01020408163265306
                    },
                    {
                        "label": null,
                        "total_no_nan": 0,
                        "ratio": 0.0
                    }
                ],
                "max_ratio": 0.2755102040816326,
                "total": 98,
                "total_no_nan": 98,
                "cluster_name": "cluster_1"
            }
        ],
        "type": "categorical",
        "global": {
            "distribution": [
                {
                    "label": "1",
                    "total_no_nan": 72,
                    "ratio": 0.20168067226890757
                },
                {
                    "label": "3",
                    "total_no_nan": 61,
                    "ratio": 0.17086834733893558
                },
                {
                    "label": "2",
                    "total_no_nan": 50,
                    "ratio": 0.1400560224089636
                },
                {
                    "label": "6",
                    "total_no_nan": 44,
                    "ratio": 0.12324929971988796
                },
                {
                    "label": "4",
                    "total_no_nan": 40,
                    "ratio": 0.11204481792717087
                },
                {
                    "label": "8",
                    "total_no_nan": 39,
                    "ratio": 0.1092436974789916
                },
                {
                    "label": "0",
                    "total_no_nan": 32,
                    "ratio": 0.0896358543417367
                },
                {
                    "label": "5",
                    "total_no_nan": 19,
                    "ratio": 0.05322128851540616
                },
                {
                    "label": null,
                    "total_no_nan": 0,
                    "ratio": 0.0
                }
            ],
            "max_ratio": 0.20168067226890757,
            "total": 357,
            "total_no_nan": 357
        },
        "scale": {
            "max_ratio": 0.2755102040816326,
            "categories": [
                "1",
                "3",
                "2",
                "6",
                "4",
                "8",
                "0",
                "5",
                null
            ]
        }
    },
    {
        "variable": "Geschlecht",
        "per_cluster": [
            {
                "distribution": [
                    {
                        "label": "m",
                        "total_no_nan": 259,
                        "ratio": 1.0
                    },
                    {
                        "label": "w",
                        "total_no_nan": 0,
                        "ratio": 0.0
                    },
                    {
                        "label": null,
                        "total_no_nan": 0,
                        "ratio": 0.0
                    }
                ],
                "max_ratio": 1.0,
                "total": 259,
                "total_no_nan": 259,
                "cluster_name": "cluster_0"
            },
            {
                "distribution": [
                    {
                        "label": "m",
                        "total_no_nan": 0,
                        "ratio": 0.0
                    },
                    {
                        "label": "w",
                        "total_no_nan": 98,
                        "ratio": 1.0
                    },
                    {
                        "label": null,
                        "total_no_nan": 0,
                        "ratio": 0.0
                    }
                ],
                "max_ratio": 1.0,
                "total": 98,
                "total_no_nan": 98,
                "cluster_name": "cluster_1"
            }
        ],
        "type": "categorical",
        "global": {
            "distribution": [
                {
                    "label": "m",
                    "total_no_nan": 259,
                    "ratio": 0.7254901960784313
                },
                {
                    "label": "w",
                    "total_no_nan": 98,
                    "ratio": 0.27450980392156865
                },
                {
                    "label": null,
                    "total_no_nan": 0,
                    "ratio": 0.0
                }
            ],
            "max_ratio": 0.7254901960784313,
            "total": 357,
            "total_no_nan": 357
        },
        "scale": {
            "max_ratio": 1.0,
            "categories": [
                "m",
                "w",
                null
            ]
        }
    }
]