{
    "metrics": {
        "inertia": 622.6698107480447,
        "silhouette": 0.29293368078980353,
        "nbClusters": 2
    },
    "processed_feature_names": [
        "Alter",
        "Gr\u00f6\u00dfe",
        "Gewicht",
        "dummy:Geschafft:1",
        "dummy:Geschafft:3",
        "dummy:Geschafft:2",
        "dummy:Geschafft:6",
        "dummy:Geschafft:4",
        "dummy:Geschafft:8",
        "dummy:Geschafft:0",
        "dummy:Geschafft:5",
        "dummy:Geschafft:N/A",
        "dummy:Geschafft:__Others__",
        "dummy:Geschlecht:m",
        "dummy:Geschlecht:w",
        "dummy:Geschlecht:N/A",
        "dummy:Geschlecht:__Others__"
    ],
    "variables_importance": {
        "variables": [
            "Alter",
            "Gr\u00f6\u00dfe",
            "Gewicht",
            "dummy:Geschafft:1",
            "dummy:Geschafft:3",
            "dummy:Geschafft:2",
            "dummy:Geschafft:6",
            "dummy:Geschafft:4",
            "dummy:Geschafft:8",
            "dummy:Geschafft:0",
            "dummy:Geschafft:5",
            "dummy:Geschlecht:m",
            "dummy:Geschlecht:w"
        ],
        "importances": [
            0.003342345919014827,
            0.015499527962654974,
            0.047443616016383146,
            0.001264450694360957,
            0.0005612455431179229,
            0.002256516696105154,
            0.004322539721239637,
            0.0004150392947718487,
            0.003439531368358835,
            0.007178946523705181,
            0.001060516723610509,
            0.4491015967434342,
            0.4641141267932429
        ]
    },
    "reduce_vars": [],
    "train_nb_records": 357,
    "train_nb_features": 17,
    "train_nb_outliers": 0,
    "cluster_description": [
        {
            "variable": "dummy:Geschafft:1",
            "var": 0.01,
            "values": [
                {
                    "cluster": "cluster_0",
                    "value": 0.17374517374517376
                },
                {
                    "cluster": "cluster_1",
                    "value": 0.2755102040816326
                }
            ]
        },
        {
            "variable": "dummy:Geschafft:3",
            "var": 0.0,
            "values": [
                {
                    "cluster": "cluster_0",
                    "value": 0.16216216216216217
                },
                {
                    "cluster": "cluster_1",
                    "value": 0.19387755102040816
                }
            ]
        },
        {
            "variable": "dummy:Geschafft:2",
            "var": 0.0,
            "values": [
                {
                    "cluster": "cluster_0",
                    "value": 0.11969111969111969
                },
                {
                    "cluster": "cluster_1",
                    "value": 0.19387755102040816
                }
            ]
        },
        {
            "variable": "dummy:Geschafft:6",
            "var": 0.01,
            "values": [
                {
                    "cluster": "cluster_0",
                    "value": 0.1583011583011583
                },
                {
                    "cluster": "cluster_1",
                    "value": 0.030612244897959183
                }
            ]
        },
        {
            "variable": "dummy:Geschafft:4",
            "var": 0.0,
            "values": [
                {
                    "cluster": "cluster_0",
                    "value": 0.12355212355212356
                },
                {
                    "cluster": "cluster_1",
                    "value": 0.08163265306122448
                }
            ]
        },
        {
            "variable": "dummy:Geschafft:8",
            "var": 0.01,
            "values": [
                {
                    "cluster": "cluster_0",
                    "value": 0.14285714285714285
                },
                {
                    "cluster": "cluster_1",
                    "value": 0.02040816326530612
                }
            ]
        },
        {
            "variable": "dummy:Geschafft:0",
            "var": 0.01,
            "values": [
                {
                    "cluster": "cluster_0",
                    "value": 0.05019305019305019
                },
                {
                    "cluster": "cluster_1",
                    "value": 0.19387755102040816
                }
            ]
        },
        {
            "variable": "dummy:Geschafft:5",
            "var": 0.0,
            "values": [
                {
                    "cluster": "cluster_0",
                    "value": 0.0694980694980695
                },
                {
                    "cluster": "cluster_1",
                    "value": 0.01020408163265306
                }
            ]
        },
        {
            "variable": "dummy:Geschafft:N/A",
            "var": 0.0,
            "values": [
                {
                    "cluster": "cluster_0",
                    "value": 0.0
                },
                {
                    "cluster": "cluster_1",
                    "value": 0.0
                }
            ]
        },
        {
            "variable": "dummy:Geschafft:__Others__",
            "var": 0.0,
            "values": [
                {
                    "cluster": "cluster_0",
                    "value": 0.0
                },
                {
                    "cluster": "cluster_1",
                    "value": 0.0
                }
            ]
        },
        {
            "variable": "dummy:Geschlecht:m",
            "var": 0.5,
            "values": [
                {
                    "cluster": "cluster_0",
                    "value": 1.0
                },
                {
                    "cluster": "cluster_1",
                    "value": 0.0
                }
            ]
        },
        {
            "variable": "dummy:Geschlecht:w",
            "var": 0.5,
            "values": [
                {
                    "cluster": "cluster_0",
                    "value": 0.0
                },
                {
                    "cluster": "cluster_1",
                    "value": 1.0
                }
            ]
        },
        {
            "variable": "dummy:Geschlecht:N/A",
            "var": 0.0,
            "values": [
                {
                    "cluster": "cluster_0",
                    "value": 0.0
                },
                {
                    "cluster": "cluster_1",
                    "value": 0.0
                }
            ]
        },
        {
            "variable": "dummy:Geschlecht:__Others__",
            "var": 0.0,
            "values": [
                {
                    "cluster": "cluster_0",
                    "value": 0.0
                },
                {
                    "cluster": "cluster_1",
                    "value": 0.0
                }
            ]
        },
        {
            "variable": "Alter",
            "var": 0.01,
            "values": [
                {
                    "cluster": "cluster_0",
                    "value": 29.96551724137931
                },
                {
                    "cluster": "cluster_1",
                    "value": 30.125
                }
            ]
        },
        {
            "variable": "Gr\u00f6\u00dfe",
            "var": 56.05,
            "values": [
                {
                    "cluster": "cluster_0",
                    "value": 177.49425287356323
                },
                {
                    "cluster": "cluster_1",
                    "value": 166.90625
                }
            ]
        },
        {
            "variable": "Gewicht",
            "var": 111.53,
            "values": [
                {
                    "cluster": "cluster_0",
                    "value": 72.27906976744185
                },
                {
                    "cluster": "cluster_1",
                    "value": 57.34375
                }
            ]
        },
        {
            "variable": "cluster_size",
            "var": 12960.5,
            "values": [
                {
                    "cluster": "cluster_0",
                    "value": 259
                },
                {
                    "cluster": "cluster_1",
                    "value": 98
                }
            ]
        }
    ],
    "summary": {
        "clusters": []
    }
}