{
    "modelId": "m1",
    "state": "DONE",
    "startTime": 1606386059810,
    "endTime": 1606386061554,
    "preprocessingTime": 111,
    "trainingTime": 1633,
    "progress": {
        "stack": [],
        "top_level_todo": [],
        "top_level_done": [
            {
                "name": "Loading source dataset",
                "time": 17
            },
            {
                "name": "Collecting statistics",
                "time": 16
            },
            {
                "name": "Preprocessing data",
                "time": 77
            },
            {
                "name": "Fitting model",
                "time": 1187
            },
            {
                "name": "Saving model",
                "time": 1
            },
            {
                "name": "Scoring model",
                "time": 445
            }
        ]
    }
}