Name,Pfeil.Sprung,Cargonetz.mit.Schaukel,Chaos.Bälle,Trommelwirbel,Tunnel.Sprung.2.0,Himmelsleiter,Einraster,Wand,Mega.Wand,Power.Tower,Zeit,Gefallen,Geschafft,Bezwungen
Lukas Kilian  ,1,1,1,1,1,1,1,1,0,1,2:12.08m,0,8, Pfeil.Sprung Cargonetz.mit.Schaukel Chaos.Bälle Trommelwirbel Tunnel.Sprung.2.0 Himmelsleiter Einraster Wand
Alexander Wurm    ,1,1,1,1,1,1,1,1,0,0,3:24.14m,Power.Tower,8, Pfeil.Sprung Cargonetz.mit.Schaukel Chaos.Bälle Trommelwirbel Tunnel.Sprung.2.0 Himmelsleiter Einraster Wand
Giovanni Ertl    ,1,1,1,1,1,1,1,1,0,, 3:24.53m,0,8, Pfeil.Sprung Cargonetz.mit.Schaukel Chaos.Bälle Trommelwirbel Tunnel.Sprung.2.0 Himmelsleiter Einraster Wand
Björn Graul  ,1,1,1,1,1,1,1,1,0,,3:50.75m ,0,8, Pfeil.Sprung Cargonetz.mit.Schaukel Chaos.Bälle Trommelwirbel Tunnel.Sprung.2.0 Himmelsleiter Einraster Wand
Christian Range    ,1,1,1,1,1,1,1,1,0,, 3:58.22m,0,8, Pfeil.Sprung Cargonetz.mit.Schaukel Chaos.Bälle Trommelwirbel Tunnel.Sprung.2.0 Himmelsleiter Einraster Wand
Christian Kirstges    ,1,1,1,1,1,1,1,0,1,, 3:58.41m,0,8, Pfeil.Sprung Cargonetz.mit.Schaukel Chaos.Bälle Trommelwirbel Tunnel.Sprung.2.0 Himmelsleiter Einraster Mega.Wand
Max Sprenger  ,1,1,1,1,1,1,0,0,0,,2:37.98m ,Einraster,6, Pfeil.Sprung Cargonetz.mit.Schaukel Chaos.Bälle Trommelwirbel Tunnel.Sprung.2.0 Himmelsleiter
Siegfried Sperlich    ,1,1,1,1,1,1,0,0,0,, 3:32.91m,Einraster,6, Pfeil.Sprung Cargonetz.mit.Schaukel Chaos.Bälle Trommelwirbel Tunnel.Sprung.2.0 Himmelsleiter
Marco Layer  ,1,1,1,1,1,1,0,0,0,,3:47.25m ,Einraster,6, Pfeil.Sprung Cargonetz.mit.Schaukel Chaos.Bälle Trommelwirbel Tunnel.Sprung.2.0 Himmelsleiter
Uwe Weitzer  ,1,1,1,1,1,1,0,0,0,,4:14.72m ,Einraster,6, Pfeil.Sprung Cargonetz.mit.Schaukel Chaos.Bälle Trommelwirbel Tunnel.Sprung.2.0 Himmelsleiter
Christian Krömer    ,1,1,1,1,1,1,0,0,0,, 2:56.49m,Einraster,6, Pfeil.Sprung Cargonetz.mit.Schaukel Chaos.Bälle Trommelwirbel Tunnel.Sprung.2.0 Himmelsleiter
Philipp Göthert    ,1,1,1,1,1,0,0,0,0,,1:47.02m ,Himmelsleiter,5, Pfeil.Sprung Cargonetz.mit.Schaukel Chaos.Bälle Trommelwirbel Tunnel.Sprung.2.0
Rene Sperlich    ,1,1,1,1,1,0,0,0,0,,2:37.32m ,Himmelsleiter,5, Pfeil.Sprung Cargonetz.mit.Schaukel Chaos.Bälle Trommelwirbel Tunnel.Sprung.2.0
Niklas Woltmann    ,1,1,1,1,1,0,0,0,0,,2:51.10m ,Himmelsleiter,5, Pfeil.Sprung Cargonetz.mit.Schaukel Chaos.Bälle Trommelwirbel Tunnel.Sprung.2.0
Frank Schmidpeter    ,1,1,1,1,1,0,0,0,0,, 3:07.46m,Himmelsleiter,5, Pfeil.Sprung Cargonetz.mit.Schaukel Chaos.Bälle Trommelwirbel Tunnel.Sprung.2.0
Roy Sperlich  ,1,1,1,1,0,0,0,0,0,,  2:31.69m ,Tunnel.Sprung.2.0,4, Pfeil.Sprung Cargonetz.mit.Schaukel Chaos.Bälle Trommelwirbel
Philipp Peter Frank    ,1,1,1,1,0,0,0,0,0,, 1:48.49m,Tunnel.Sprung.2.0,4, Pfeil.Sprung Cargonetz.mit.Schaukel Chaos.Bälle Trommelwirbel
Thomas Klug  ,1,1,1,1,0,0,0,0,0,, 2:31.21m,Tunnel.Sprung.2.0,4, Pfeil.Sprung Cargonetz.mit.Schaukel Chaos.Bälle Trommelwirbel
Kevin Bäcker    ,1,1,1,1,0,0,0,0,0,,2:38.89m ,Tunnel.Sprung.2.0,4, Pfeil.Sprung Cargonetz.mit.Schaukel Chaos.Bälle Trommelwirbel
Max Tefke   ,1,1,1,0,0,0,0,0,0,,  3:02.45m ,Trommelwirbel,3, Pfeil.Sprung Cargonetz.mit.Schaukel Chaos.Bälle
Holger Osthus    ,1,1,1,0,0,0,0,0,0,,  4:03.97m ,Trommelwirbel,3, Pfeil.Sprung Cargonetz.mit.Schaukel Chaos.Bälle
Maximilian Käser    ,1,1,1,0,0,0,0,0,0,,1:27.64m ,Trommelwirbel,3, Pfeil.Sprung Cargonetz.mit.Schaukel Chaos.Bälle
Marco Lindt  ,1,1,1,0,0,0,0,0,0,, 1:02.95m,Trommelwirbel,3, Pfeil.Sprung Cargonetz.mit.Schaukel Chaos.Bälle
Rita Benker  ,1,1,1,0,0,0,0,0,0,, 1:17.43m,Trommelwirbel,3, Pfeil.Sprung Cargonetz.mit.Schaukel Chaos.Bälle
Matthias Porth    ,1,1,1,0,0,0,0,0,0,,1:22.12m ,Trommelwirbel,3, Pfeil.Sprung Cargonetz.mit.Schaukel Chaos.Bälle
Christian Schmitz    ,1,1,1,0,0,0,0,0,0,,1:23.26m ,Trommelwirbel,3, Pfeil.Sprung Cargonetz.mit.Schaukel Chaos.Bälle
Niklas Lokietek    ,1,1,1,0,0,0,0,0,0,,1:23.31m ,Trommelwirbel,3, Pfeil.Sprung Cargonetz.mit.Schaukel Chaos.Bälle
Sebastian Domes    ,1,1,1,0,0,0,0,0,0,,1:26.46m ,Trommelwirbel,3, Pfeil.Sprung Cargonetz.mit.Schaukel Chaos.Bälle
Hannah Mees  ,1,1,1,0,0,0,0,0,0,, 1:39.06m,Trommelwirbel,3, Pfeil.Sprung Cargonetz.mit.Schaukel Chaos.Bälle
Michaela Casotti    ,1,1,1,0,0,0,0,0,0,,1:56.94m ,Trommelwirbel,3, Pfeil.Sprung Cargonetz.mit.Schaukel Chaos.Bälle
Istemihan Tokgöz    ,1,1,1,0,0,0,0,0,0,,1:58.67m ,Trommelwirbel,3, Pfeil.Sprung Cargonetz.mit.Schaukel Chaos.Bälle
Marcel Sajons    ,1,1,1,0,0,0,0,0,0,,  2:02.88m ,Trommelwirbel,3, Pfeil.Sprung Cargonetz.mit.Schaukel Chaos.Bälle
Tim Kramer   ,1,1,1,0,0,0,0,0,0,,  2:08.86m ,Trommelwirbel,3, Pfeil.Sprung Cargonetz.mit.Schaukel Chaos.Bälle
Christopher Nikolov    ,1,1,1,0,0,0,0,0,0,,2:34.59m ,Trommelwirbel,3, Pfeil.Sprung Cargonetz.mit.Schaukel Chaos.Bälle
Lea Clausnitzer    ,1,1,0,0,0,0,0,0,0,,2:03.00m ,Chaos.Bälle,2, Pfeil.Sprung Cargonetz.mit.Schaukel
Matthias Schmitz    ,1,1,0,0,0,0,0,0,0,,1:23.26m ,Chaos.Bälle,2, Pfeil.Sprung Cargonetz.mit.Schaukel
Moritz Henn  ,1,1,0,0,0,0,0,0,0,,  54.38s ,Chaos.Bälle,2, Pfeil.Sprung Cargonetz.mit.Schaukel
Constantin Reif    ,1,1,0,0,0,0,0,0,0,,41.53s ,Chaos.Bälle,2, Pfeil.Sprung Cargonetz.mit.Schaukel
Johanna Wiendl    ,1,1,0,0,0,0,0,0,0,,  1:07.20m ,Chaos.Bälle,2, Pfeil.Sprung Cargonetz.mit.Schaukel
Miriam Leutz  ,1,1,0,0,0,0,0,0,0,, 1:09.52m,Chaos.Bälle,2, Pfeil.Sprung Cargonetz.mit.Schaukel
Pamela Forster    ,1,1,0,0,0,0,0,0,0,,  1:12.90m ,Chaos.Bälle,2, Pfeil.Sprung Cargonetz.mit.Schaukel
Lisa Wagner  ,1,1,0,0,0,0,0,0,0,,  1:13.52m ,Chaos.Bälle,2, Pfeil.Sprung Cargonetz.mit.Schaukel
Yvonne Schemschat    ,1,1,0,0,0,0,0,0,0,,1:15.35m ,Chaos.Bälle,2, Pfeil.Sprung Cargonetz.mit.Schaukel
Nils Pfannkuchen    ,1,1,0,0,0,0,0,0,0,,41.69s ,Chaos.Bälle,2, Pfeil.Sprung Cargonetz.mit.Schaukel
Dario Schmitz    ,1,1,0,0,0,0,0,0,0,, 1:15.13m,Chaos.Bälle,2, Pfeil.Sprung Cargonetz.mit.Schaukel
Cedric Daniel    ,1,0,0,0,0,0,0,0,0,, 40.03s,Cargonetz.mit.Schaukel,1, Pfeil.Sprung
Leoni Ostler  ,1,0,0,0,0,0,0,0,0,,  40.87s ,Cargonetz.mit.Schaukel,1, Pfeil.Sprung
Kristina Jost    ,1,0,0,0,0,0,0,0,0,, 42.19s,Cargonetz.mit.Schaukel,1, Pfeil.Sprung
Rene Poprawa  ,1,0,0,0,0,0,0,0,0,,  46.41s ,Cargonetz.mit.Schaukel,1, Pfeil.Sprung
Noa Henschel  ,1,0,0,0,0,0,0,0,0,,  47.52s ,Cargonetz.mit.Schaukel,1, Pfeil.Sprung
Rainer Auer  ,1,0,0,0,0,0,0,0,0,,  52.86s ,Cargonetz.mit.Schaukel,1, Pfeil.Sprung
Chiara Frank  ,1,0,0,0,0,0,0,0,0,,  54.99s ,Cargonetz.mit.Schaukel,1, Pfeil.Sprung
Marcus Hofmeyer    ,1,0,0,0,0,0,0,0,0,,  1:13.92m ,Cargonetz.mit.Schaukel,1, Pfeil.Sprung
Thorsten Maiser    ,1,0,0,0,0,0,0,0,0,,  1:15.47m ,Cargonetz.mit.Schaukel,1, Pfeil.Sprung
Sladjan Djulabic    ,1,0,0,0,0,0,0,0,0,,1:21.70m ,Cargonetz.mit.Schaukel,1, Pfeil.Sprung
Ann-Kathrin Sajons    ,1,0,0,0,0,0,0,0,0,,1:47.71m ,Cargonetz.mit.Schaukel,1, Pfeil.Sprung
Billy Bassilekin    ,1,0,0,0,0,0,0,0,0,,1:04.99m ,Cargonetz.mit.Schaukel,1, Pfeil.Sprung
Thomas Wedig  ,0,0,0,0,0,0,0,0,0,, 1.78s,Pfeil.Sprung,0,NA
