{
    "per_feature": {
        "Gefallen": {
            "stats": {}
        },
        "Birthday": {
            "stats": {}
        },
        "Hintergrund": {
            "stats": {}
        },
        "Gewicht": {
            "stats": {
                "min": 0.0,
                "average": 21.27112676056338,
                "median": 0.0,
                "max": 98.0,
                "p99": 90.0,
                "std": 32.209019391696614
            },
            "missing_impute_with_value": 21.27112676056338
        },
        "Name": {
            "stats": {}
        },
        "Alter": {
            "stats": {
                "min": 20.0,
                "average": 29.793478260869566,
                "median": 28.0,
                "max": 66.0,
                "p99": 53.26000000000005,
                "std": 7.790580454158024
            },
            "missing_impute_with_value": 29.793478260869566
        },
        "Gr\u00f6\u00dfe": {
            "stats": {
                "min": 0.0,
                "average": 56.66197183098591,
                "median": 0.0,
                "max": 200.0,
                "p99": 188.17000000000002,
                "std": 82.11815045137065
            },
            "missing_impute_with_value": 56.66197183098591
        },
        "Nachname": {
            "stats": {}
        },
        "Nationalit\u00e4t": {
            "stats": {}
        },
        "Geschafft": {
            "stats": {}
        },
        "Geschlecht": {
            "stats": {
                "mostFrequentValue": "m",
                "leastFrequentValue": "w"
            },
            "category_possible_values": [
                "m"
            ],
            "category_possible_counts": [
                207
            ]
        },
        "Seasons": {
            "stats": {}
        },
        "Zeit": {
            "stats": {}
        },
        "Bezwungen": {
            "stats": {}
        },
        "Vorname": {
            "stats": {}
        }
    },
    "feature_order": [
        "Gefallen",
        "Birthday",
        "Hintergrund",
        "Gewicht",
        "Name",
        "Alter",
        "Gr\u00f6\u00dfe",
        "Nachname",
        "Nationalit\u00e4t",
        "Geschafft",
        "Geschlecht",
        "Seasons",
        "Zeit",
        "Bezwungen",
        "Vorname"
    ]
}