{"global": {"size": 357, "facts": [{"type": "categorical", "feature_label": "Geschlecht", "cluster_label": "cluster_2", "category_value": "w", "global_ratio": 0.27450980392156865, "current_ratio": 1.0, "current_impact": 0.9104333091261196, "diff": -2.6428571428571423}, {"type": "categorical", "feature_label": "Geschlecht", "cluster_label": "cluster_4", "category_value": "w", "global_ratio": 0.27450980392156865, "current_ratio": 1.0, "current_impact": 0.7866205305651672, "diff": -2.6428571428571423}, {"type": "numerical", "feature_label": "Alter", "cluster_label": "cluster_3", "mean": 49.3, "std": 7.103207413243369, "diff": 2.484053527435123, "global_mean": 30.008403361344538, "global_std": 7.766175899830446}, {"type": "numerical", "feature_label": "Gr\u00f6\u00dfe", "cluster_label": "cluster_4", "mean": 165.125, "std": 3.981615359319031, "diff": -1.2936402436116565, "global_mean": 174.64705882352942, "global_std": 7.360669916193399}, {"type": "numerical", "feature_label": "Gewicht", "cluster_label": "cluster_4", "mean": 55.916666666666664, "std": 5.241279852550675, "diff": -1.1973674272145893, "global_mean": 68.22881355932203, "global_std": 10.282680664945813}, {"type": "numerical", "feature_label": "Gr\u00f6\u00dfe", "cluster_label": "cluster_0", "mean": 183.4, "std": 4.279864644975393, "diff": 1.1891500741276557, "global_mean": 174.64705882352942, "global_std": 7.360669916193399}, {"type": "numerical", "feature_label": "Gewicht", "cluster_label": "cluster_0", "mean": 79.76666666666667, "std": 8.232330433590242, "diff": 1.1220666558942909, "global_mean": 68.22881355932203, "global_std": 10.282680664945813}, {"type": "numerical", "feature_label": "Geschafft_HF", "cluster_label": "cluster_2", "mean": 4.0, "std": 1.6733200530681511, "diff": -0.6764683751933251, "global_mean": 5.676470588235294, "global_std": 2.478268977106554}, {"type": "numerical", "feature_label": "Geschafft_HF", "cluster_label": "cluster_4", "mean": 4.333333333333333, "std": 3.559026084010437, "diff": -0.5419658912367578, "global_mean": 5.676470588235294, "global_std": 2.478268977106554}, {"type": "numerical", "feature_label": "Gr\u00f6\u00dfe", "cluster_label": "cluster_3", "mean": 170.7, "std": 3.267686915507325, "diff": -0.5362363573519229, "global_mean": 174.64705882352942, "global_std": 7.360669916193399}]}, "clusters": [{"cluster": "cluster_0", "size": 30, "facts": [{"type": "numerical", "feature_label": "Gr\u00f6\u00dfe", "cluster_label": "cluster_0", "mean": 183.4, "std": 4.279864644975393, "diff": 1.1891500741276557, "global_mean": 174.64705882352942, "global_std": 7.360669916193399}, {"type": "numerical", "feature_label": "Gewicht", "cluster_label": "cluster_0", "mean": 79.76666666666667, "std": 8.232330433590242, "diff": 1.1220666558942909, "global_mean": 68.22881355932203, "global_std": 10.282680664945813}, {"type": "numerical", "feature_label": "Geschafft_HF", "cluster_label": "cluster_0", "mean": 7.0, "std": 2.138089935299395, "diff": 0.5340539804157828, "global_mean": 5.676470588235294, "global_std": 2.478268977106554}]}, {"cluster": "cluster_1", "size": 222, "facts": [{"type": "categorical", "feature_label": "Geschlecht", "cluster_label": "cluster_1", "category_value": "m", "global_ratio": 0.7254901960784313, "current_ratio": 1.0, "current_impact": 0.9881676808654496, "diff": -0.3783783783783784}, {"type": "numerical", "feature_label": "Alter", "cluster_label": "cluster_1", "mean": 28.34, "std": 4.484030621243002, "diff": -0.2148294582641327, "global_mean": 30.008403361344538, "global_std": 7.766175899830446}, {"type": "numerical", "feature_label": "Geschafft_HF", "cluster_label": "cluster_1", "mean": 5.53030303030303, "std": 2.412912041941133, "diff": -0.05897969884726503, "global_mean": 5.676470588235294, "global_std": 2.478268977106554}]}, {"cluster": "cluster_2", "size": 71, "facts": [{"type": "categorical", "feature_label": "Geschlecht", "cluster_label": "cluster_2", "category_value": "w", "global_ratio": 0.27450980392156865, "current_ratio": 1.0, "current_impact": 0.9104333091261196, "diff": -2.6428571428571423}, {"type": "numerical", "feature_label": "Geschafft_HF", "cluster_label": "cluster_2", "mean": 4.0, "std": 1.6733200530681511, "diff": -0.6764683751933251, "global_mean": 5.676470588235294, "global_std": 2.478268977106554}, {"type": "numerical", "feature_label": "Alter", "cluster_label": "cluster_2", "mean": 26.6, "std": 4.505552130427524, "diff": -0.43887795039756305, "global_mean": 30.008403361344538, "global_std": 7.766175899830446}]}, {"cluster": "cluster_3", "size": 10, "facts": [{"type": "numerical", "feature_label": "Alter", "cluster_label": "cluster_3", "mean": 49.3, "std": 7.103207413243369, "diff": 2.484053527435123, "global_mean": 30.008403361344538, "global_std": 7.766175899830446}, {"type": "numerical", "feature_label": "Gr\u00f6\u00dfe", "cluster_label": "cluster_3", "mean": 170.7, "std": 3.267686915507325, "diff": -0.5362363573519229, "global_mean": 174.64705882352942, "global_std": 7.360669916193399}, {"type": "numerical", "feature_label": "Geschafft_HF", "cluster_label": "cluster_3", "mean": 5.0, "std": 0.0, "diff": -0.2729609233236225, "global_mean": 5.676470588235294, "global_std": 2.478268977106554}]}, {"cluster": "cluster_4", "size": 24, "facts": [{"type": "categorical", "feature_label": "Geschlecht", "cluster_label": "cluster_4", "category_value": "w", "global_ratio": 0.27450980392156865, "current_ratio": 1.0, "current_impact": 0.7866205305651672, "diff": -2.6428571428571423}, {"type": "numerical", "feature_label": "Gr\u00f6\u00dfe", "cluster_label": "cluster_4", "mean": 165.125, "std": 3.981615359319031, "diff": -1.2936402436116565, "global_mean": 174.64705882352942, "global_std": 7.360669916193399}, {"type": "numerical", "feature_label": "Gewicht", "cluster_label": "cluster_4", "mean": 55.916666666666664, "std": 5.241279852550675, "diff": -1.1973674272145893, "global_mean": 68.22881355932203, "global_std": 10.282680664945813}]}]}