[
    {
        "variable": "Geschafft_HF",
        "per_cluster": [
            {
                "min": 2.0,
                "max": 9.0,
                "median": 7.5,
                "percentile25": 5.0,
                "percentile75": 9.0,
                "percentile9": 4.78,
                "percentile91": 9.0,
                "std": 2.088931871468374,
                "distribution": [
                    0,
                    0,
                    0,
                    0,
                    0,
                    0,
                    0,
                    1,
                    0,
                    0,
                    0,
                    0,
                    0,
                    0,
                    0,
                    1,
                    0,
                    0,
                    0,
                    0,
                    0,
                    0,
                    0,
                    0,
                    0,
                    0,
                    0,
                    0,
                    0,
                    0,
                    5,
                    0,
                    0,
                    0,
                    0,
                    0,
                    0,
                    0,
                    0,
                    0,
                    0,
                    0,
                    0,
                    0,
                    0,
                    4,
                    0,
                    0,
                    0,
                    0,
                    0,
                    0,
                    3,
                    0,
                    0,
                    0,
                    0,
                    0,
                    0,
                    8
                ],
                "max_ratio": 0.36363636363636365,
                "total_no_nan": 22,
                "total": 30,
                "cluster_name": "cluster_0"
            },
            {
                "min": 1.0,
                "max": 9.0,
                "median": 5.0,
                "percentile25": 5.0,
                "percentile75": 8.0,
                "percentile9": 2.0,
                "percentile91": 9.0,
                "std": 2.3945626346376785,
                "distribution": [
                    3,
                    0,
                    0,
                    0,
                    0,
                    0,
                    0,
                    4,
                    0,
                    0,
                    0,
                    0,
                    0,
                    0,
                    0,
                    9,
                    0,
                    0,
                    0,
                    0,
                    0,
                    0,
                    0,
                    0,
                    0,
                    0,
                    0,
                    0,
                    0,
                    0,
                    28,
                    0,
                    0,
                    0,
                    0,
                    0,
                    0,
                    0,
                    0,
                    0,
                    0,
                    0,
                    0,
                    0,
                    0,
                    1,
                    0,
                    0,
                    0,
                    0,
                    0,
                    0,
                    9,
                    0,
                    0,
                    0,
                    0,
                    0,
                    0,
                    12
                ],
                "max_ratio": 0.42424242424242425,
                "total_no_nan": 66,
                "total": 222,
                "cluster_name": "cluster_1"
            },
            {
                "min": 1.0,
                "max": 5.0,
                "median": 5.0,
                "percentile25": 3.5,
                "percentile75": 5.0,
                "percentile9": 1.9,
                "percentile91": 5.0,
                "std": 1.5275252316519468,
                "distribution": [
                    1,
                    0,
                    0,
                    0,
                    0,
                    0,
                    0,
                    0,
                    0,
                    0,
                    0,
                    0,
                    0,
                    0,
                    0,
                    1,
                    0,
                    0,
                    0,
                    0,
                    0,
                    0,
                    0,
                    0,
                    0,
                    0,
                    0,
                    0,
                    0,
                    0,
                    4,
                    0,
                    0,
                    0,
                    0,
                    0,
                    0,
                    0,
                    0,
                    0,
                    0,
                    0,
                    0,
                    0,
                    0,
                    0,
                    0,
                    0,
                    0,
                    0,
                    0,
                    0,
                    0,
                    0,
                    0,
                    0,
                    0,
                    0,
                    0,
                    0
                ],
                "max_ratio": 0.6666666666666666,
                "total_no_nan": 6,
                "total": 71,
                "cluster_name": "cluster_2"
            },
            {
                "min": 5.0,
                "max": 5.0,
                "median": 5.0,
                "percentile25": 5.0,
                "percentile75": 5.0,
                "percentile9": 5.0,
                "percentile91": 5.0,
                "std": 0.0,
                "distribution": [
                    0,
                    0,
                    0,
                    0,
                    0,
                    0,
                    0,
                    0,
                    0,
                    0,
                    0,
                    0,
                    0,
                    0,
                    0,
                    0,
                    0,
                    0,
                    0,
                    0,
                    0,
                    0,
                    0,
                    0,
                    0,
                    0,
                    0,
                    0,
                    0,
                    0,
                    2,
                    0,
                    0,
                    0,
                    0,
                    0,
                    0,
                    0,
                    0,
                    0,
                    0,
                    0,
                    0,
                    0,
                    0,
                    0,
                    0,
                    0,
                    0,
                    0,
                    0,
                    0,
                    0,
                    0,
                    0,
                    0,
                    0,
                    0,
                    0,
                    0
                ],
                "max_ratio": 1.0,
                "total_no_nan": 2,
                "total": 10,
                "cluster_name": "cluster_3"
            },
            {
                "min": 1.0,
                "max": 9.0,
                "median": 3.5,
                "percentile25": 1.25,
                "percentile75": 7.25,
                "percentile9": 1.0,
                "percentile91": 8.55,
                "std": 3.2489314482696545,
                "distribution": [
                    2,
                    0,
                    0,
                    0,
                    0,
                    0,
                    0,
                    1,
                    0,
                    0,
                    0,
                    0,
                    0,
                    0,
                    0,
                    0,
                    0,
                    0,
                    0,
                    0,
                    0,
                    0,
                    0,
                    0,
                    0,
                    0,
                    0,
                    0,
                    0,
                    0,
                    1,
                    0,
                    0,
                    0,
                    0,
                    0,
                    0,
                    0,
                    0,
                    0,
                    0,
                    0,
                    0,
                    0,
                    0,
                    0,
                    0,
                    0,
                    0,
                    0,
                    0,
                    0,
                    1,
                    0,
                    0,
                    0,
                    0,
                    0,
                    0,
                    1
                ],
                "max_ratio": 0.3333333333333333,
                "total_no_nan": 6,
                "total": 24,
                "cluster_name": "cluster_4"
            }
        ],
        "type": "numerical",
        "scale": {
            "min": 1.0,
            "max": 9.0,
            "max_ratio": 1.0
        },
        "global": {
            "min": 1.0,
            "max": 9.0,
            "median": 5.0,
            "percentile25": 5.0,
            "percentile75": 8.0,
            "percentile9": 2.0,
            "percentile91": 9.0,
            "std": 2.466090677474594,
            "distribution": [
                6,
                0,
                0,
                0,
                0,
                0,
                0,
                6,
                0,
                0,
                0,
                0,
                0,
                0,
                0,
                11,
                0,
                0,
                0,
                0,
                0,
                0,
                0,
                0,
                0,
                0,
                0,
                0,
                0,
                0,
                40,
                0,
                0,
                0,
                0,
                0,
                0,
                0,
                0,
                0,
                0,
                0,
                0,
                0,
                0,
                5,
                0,
                0,
                0,
                0,
                0,
                0,
                13,
                0,
                0,
                0,
                0,
                0,
                0,
                21
            ],
            "max_ratio": 0.39215686274509803,
            "total_no_nan": 102,
            "total": 357
        }
    },
    {
        "variable": "Alter",
        "per_cluster": [
            {
                "min": 20.0,
                "max": 40.0,
                "median": 28.0,
                "percentile25": 24.0,
                "percentile75": 31.75,
                "percentile9": 20.61,
                "percentile91": 35.78,
                "std": 5.39351462406472,
                "distribution": [
                    3,
                    2,
                    0,
                    1,
                    0,
                    4,
                    1,
                    0,
                    0,
                    2,
                    3,
                    3,
                    0,
                    1,
                    2,
                    3,
                    0,
                    0,
                    1,
                    1,
                    0,
                    0,
                    1,
                    1,
                    0,
                    0,
                    1,
                    0,
                    0,
                    0,
                    0,
                    0,
                    0,
                    0,
                    0,
                    0,
                    0,
                    0,
                    0,
                    0,
                    0,
                    0,
                    0,
                    0,
                    0,
                    0,
                    0,
                    0,
                    0,
                    0,
                    0,
                    0,
                    0,
                    0,
                    0,
                    0,
                    0,
                    0,
                    0,
                    0
                ],
                "max_ratio": 0.13333333333333333,
                "total_no_nan": 30,
                "total": 30,
                "cluster_name": "cluster_0"
            },
            {
                "min": 20.0,
                "max": 37.0,
                "median": 28.0,
                "percentile25": 25.25,
                "percentile75": 31.0,
                "percentile9": 22.41,
                "percentile91": 35.589999999999996,
                "std": 4.438963843060676,
                "distribution": [
                    1,
                    3,
                    1,
                    2,
                    0,
                    3,
                    3,
                    6,
                    0,
                    4,
                    3,
                    6,
                    0,
                    2,
                    4,
                    4,
                    1,
                    0,
                    0,
                    2,
                    3,
                    0,
                    2,
                    0,
                    0,
                    0,
                    0,
                    0,
                    0,
                    0,
                    0,
                    0,
                    0,
                    0,
                    0,
                    0,
                    0,
                    0,
                    0,
                    0,
                    0,
                    0,
                    0,
                    0,
                    0,
                    0,
                    0,
                    0,
                    0,
                    0,
                    0,
                    0,
                    0,
                    0,
                    0,
                    0,
                    0,
                    0,
                    0,
                    0
                ],
                "max_ratio": 0.12,
                "total_no_nan": 50,
                "total": 222,
                "cluster_name": "cluster_1"
            },
            {
                "min": 20.0,
                "max": 32.0,
                "median": 27.0,
                "percentile25": 25.0,
                "percentile75": 29.0,
                "percentile9": 21.8,
                "percentile91": 30.92,
                "std": 4.029888335921977,
                "distribution": [
                    1,
                    0,
                    0,
                    0,
                    0,
                    0,
                    1,
                    0,
                    0,
                    1,
                    0,
                    1,
                    0,
                    0,
                    0,
                    1,
                    0,
                    0,
                    0,
                    0,
                    0,
                    0,
                    0,
                    0,
                    0,
                    0,
                    0,
                    0,
                    0,
                    0,
                    0,
                    0,
                    0,
                    0,
                    0,
                    0,
                    0,
                    0,
                    0,
                    0,
                    0,
                    0,
                    0,
                    0,
                    0,
                    0,
                    0,
                    0,
                    0,
                    0,
                    0,
                    0,
                    0,
                    0,
                    0,
                    0,
                    0,
                    0,
                    0,
                    0
                ],
                "max_ratio": 0.2,
                "total_no_nan": 5,
                "total": 71,
                "cluster_name": "cluster_2"
            },
            {
                "min": 41.0,
                "max": 66.0,
                "median": 49.5,
                "percentile25": 44.0,
                "percentile75": 51.5,
                "percentile9": 43.43,
                "percentile91": 55.470000000000006,
                "std": 6.738694235532578,
                "distribution": [
                    0,
                    0,
                    0,
                    0,
                    0,
                    0,
                    0,
                    0,
                    0,
                    0,
                    0,
                    0,
                    0,
                    0,
                    0,
                    0,
                    0,
                    0,
                    0,
                    0,
                    0,
                    0,
                    0,
                    0,
                    0,
                    0,
                    0,
                    1,
                    0,
                    0,
                    0,
                    3,
                    0,
                    0,
                    0,
                    0,
                    0,
                    1,
                    0,
                    2,
                    0,
                    1,
                    0,
                    1,
                    0,
                    0,
                    0,
                    0,
                    0,
                    0,
                    0,
                    0,
                    0,
                    0,
                    0,
                    0,
                    0,
                    0,
                    0,
                    1
                ],
                "max_ratio": 0.3,
                "total_no_nan": 10,
                "total": 10,
                "cluster_name": "cluster_3"
            },
            {
                "min": 21.0,
                "max": 39.0,
                "median": 27.0,
                "percentile25": 25.0,
                "percentile75": 32.25,
                "percentile9": 22.14,
                "percentile91": 35.0,
                "std": 5.179922511217926,
                "distribution": [
                    0,
                    2,
                    1,
                    0,
                    0,
                    2,
                    4,
                    2,
                    0,
                    2,
                    1,
                    0,
                    0,
                    1,
                    2,
                    1,
                    1,
                    0,
                    1,
                    2,
                    0,
                    0,
                    0,
                    0,
                    2,
                    0,
                    0,
                    0,
                    0,
                    0,
                    0,
                    0,
                    0,
                    0,
                    0,
                    0,
                    0,
                    0,
                    0,
                    0,
                    0,
                    0,
                    0,
                    0,
                    0,
                    0,
                    0,
                    0,
                    0,
                    0,
                    0,
                    0,
                    0,
                    0,
                    0,
                    0,
                    0,
                    0,
                    0,
                    0
                ],
                "max_ratio": 0.16666666666666666,
                "total_no_nan": 24,
                "total": 24,
                "cluster_name": "cluster_4"
            }
        ],
        "type": "numerical",
        "scale": {
            "min": 20.0,
            "max": 66.0,
            "max_ratio": 0.3
        },
        "global": {
            "min": 20.0,
            "max": 66.0,
            "median": 29.0,
            "percentile25": 25.0,
            "percentile75": 32.0,
            "percentile9": 21.0,
            "percentile91": 39.38000000000001,
            "std": 7.733476066594747,
            "distribution": [
                5,
                7,
                2,
                3,
                0,
                9,
                9,
                8,
                0,
                9,
                7,
                10,
                0,
                4,
                8,
                9,
                2,
                0,
                2,
                5,
                3,
                0,
                3,
                1,
                2,
                0,
                1,
                1,
                0,
                0,
                0,
                3,
                0,
                0,
                0,
                0,
                0,
                1,
                0,
                2,
                0,
                1,
                0,
                1,
                0,
                0,
                0,
                0,
                0,
                0,
                0,
                0,
                0,
                0,
                0,
                0,
                0,
                0,
                0,
                1
            ],
            "max_ratio": 0.08403361344537816,
            "total_no_nan": 119,
            "total": 357
        }
    },
    {
        "variable": "Gr\u00f6\u00dfe",
        "per_cluster": [
            {
                "min": 177.0,
                "max": 200.0,
                "median": 183.0,
                "percentile25": 180.0,
                "percentile75": 184.75,
                "percentile9": 180.0,
                "percentile91": 188.39000000000001,
                "std": 4.207929023482533,
                "distribution": [
                    0,
                    0,
                    0,
                    0,
                    0,
                    0,
                    0,
                    0,
                    0,
                    0,
                    0,
                    0,
                    0,
                    0,
                    0,
                    0,
                    0,
                    0,
                    0,
                    0,
                    0,
                    0,
                    0,
                    0,
                    0,
                    0,
                    0,
                    0,
                    0,
                    1,
                    0,
                    0,
                    0,
                    8,
                    1,
                    0,
                    2,
                    8,
                    2,
                    0,
                    3,
                    1,
                    0,
                    0,
                    1,
                    1,
                    1,
                    0,
                    0,
                    0,
                    0,
                    0,
                    0,
                    0,
                    0,
                    0,
                    0,
                    0,
                    0,
                    1
                ],
                "max_ratio": 0.26666666666666666,
                "total_no_nan": 30,
                "total": 30,
                "cluster_name": "cluster_0"
            },
            {
                "min": 167.0,
                "max": 183.0,
                "median": 175.0,
                "percentile25": 172.0,
                "percentile75": 178.0,
                "percentile9": 170.0,
                "percentile91": 180.0,
                "std": 3.8678676295861005,
                "distribution": [
                    0,
                    0,
                    0,
                    0,
                    0,
                    0,
                    0,
                    0,
                    0,
                    0,
                    0,
                    0,
                    0,
                    0,
                    0,
                    0,
                    1,
                    1,
                    2,
                    0,
                    5,
                    2,
                    5,
                    0,
                    3,
                    3,
                    5,
                    0,
                    4,
                    4,
                    8,
                    0,
                    1,
                    3,
                    1,
                    0,
                    0,
                    2,
                    0,
                    0,
                    0,
                    0,
                    0,
                    0,
                    0,
                    0,
                    0,
                    0,
                    0,
                    0,
                    0,
                    0,
                    0,
                    0,
                    0,
                    0,
                    0,
                    0,
                    0,
                    0
                ],
                "max_ratio": 0.16,
                "total_no_nan": 50,
                "total": 222,
                "cluster_name": "cluster_1"
            },
            {
                "min": 171.0,
                "max": 176.0,
                "median": 173.0,
                "percentile25": 173.0,
                "percentile75": 175.0,
                "percentile9": 171.72,
                "percentile91": 175.64,
                "std": 1.7435595774162693,
                "distribution": [
                    0,
                    0,
                    0,
                    0,
                    0,
                    0,
                    0,
                    0,
                    0,
                    0,
                    0,
                    0,
                    0,
                    0,
                    0,
                    0,
                    0,
                    0,
                    0,
                    0,
                    0,
                    1,
                    0,
                    0,
                    2,
                    0,
                    1,
                    0,
                    1,
                    0,
                    0,
                    0,
                    0,
                    0,
                    0,
                    0,
                    0,
                    0,
                    0,
                    0,
                    0,
                    0,
                    0,
                    0,
                    0,
                    0,
                    0,
                    0,
                    0,
                    0,
                    0,
                    0,
                    0,
                    0,
                    0,
                    0,
                    0,
                    0,
                    0,
                    0
                ],
                "max_ratio": 0.4,
                "total_no_nan": 5,
                "total": 71,
                "cluster_name": "cluster_2"
            },
            {
                "min": 167.0,
                "max": 176.0,
                "median": 170.5,
                "percentile25": 168.0,
                "percentile75": 172.75,
                "percentile9": 167.0,
                "percentile91": 175.19,
                "std": 3.1,
                "distribution": [
                    0,
                    0,
                    0,
                    0,
                    0,
                    0,
                    0,
                    0,
                    0,
                    0,
                    0,
                    0,
                    0,
                    0,
                    0,
                    0,
                    2,
                    2,
                    0,
                    0,
                    1,
                    1,
                    1,
                    0,
                    1,
                    0,
                    1,
                    0,
                    1,
                    0,
                    0,
                    0,
                    0,
                    0,
                    0,
                    0,
                    0,
                    0,
                    0,
                    0,
                    0,
                    0,
                    0,
                    0,
                    0,
                    0,
                    0,
                    0,
                    0,
                    0,
                    0,
                    0,
                    0,
                    0,
                    0,
                    0,
                    0,
                    0,
                    0,
                    0
                ],
                "max_ratio": 0.2,
                "total_no_nan": 10,
                "total": 10,
                "cluster_name": "cluster_3"
            },
            {
                "min": 155.0,
                "max": 172.0,
                "median": 165.5,
                "percentile25": 164.0,
                "percentile75": 168.0,
                "percentile9": 158.28,
                "percentile91": 168.93,
                "std": 3.8977824892281165,
                "distribution": [
                    1,
                    0,
                    1,
                    0,
                    1,
                    0,
                    0,
                    0,
                    0,
                    1,
                    1,
                    0,
                    3,
                    4,
                    2,
                    0,
                    2,
                    5,
                    2,
                    0,
                    0,
                    0,
                    1,
                    0,
                    0,
                    0,
                    0,
                    0,
                    0,
                    0,
                    0,
                    0,
                    0,
                    0,
                    0,
                    0,
                    0,
                    0,
                    0,
                    0,
                    0,
                    0,
                    0,
                    0,
                    0,
                    0,
                    0,
                    0,
                    0,
                    0,
                    0,
                    0,
                    0,
                    0,
                    0,
                    0,
                    0,
                    0,
                    0,
                    0
                ],
                "max_ratio": 0.20833333333333334,
                "total_no_nan": 24,
                "total": 24,
                "cluster_name": "cluster_4"
            }
        ],
        "type": "numerical",
        "scale": {
            "min": 155.0,
            "max": 200.0,
            "max_ratio": 0.4
        },
        "global": {
            "min": 155.0,
            "max": 200.0,
            "median": 175.0,
            "percentile25": 169.0,
            "percentile75": 180.0,
            "percentile9": 165.0,
            "percentile91": 183.0,
            "std": 7.32967748415644,
            "distribution": [
                1,
                0,
                1,
                0,
                1,
                0,
                0,
                0,
                0,
                1,
                1,
                0,
                3,
                4,
                2,
                0,
                5,
                8,
                4,
                0,
                6,
                4,
                7,
                0,
                6,
                3,
                7,
                0,
                6,
                5,
                8,
                0,
                1,
                11,
                2,
                0,
                2,
                10,
                2,
                0,
                3,
                1,
                0,
                0,
                1,
                1,
                1,
                0,
                0,
                0,
                0,
                0,
                0,
                0,
                0,
                0,
                0,
                0,
                0,
                1
            ],
            "max_ratio": 0.09243697478991597,
            "total_no_nan": 119,
            "total": 357
        }
    },
    {
        "variable": "Gewicht",
        "per_cluster": [
            {
                "min": 70.0,
                "max": 98.0,
                "median": 76.5,
                "percentile25": 73.25,
                "percentile75": 85.75,
                "percentile9": 71.0,
                "percentile91": 91.95,
                "std": 8.093962084308416,
                "distribution": [
                    0,
                    0,
                    0,
                    0,
                    0,
                    0,
                    0,
                    0,
                    0,
                    0,
                    0,
                    0,
                    0,
                    0,
                    0,
                    0,
                    0,
                    0,
                    0,
                    0,
                    0,
                    0,
                    0,
                    0,
                    0,
                    0,
                    0,
                    2,
                    2,
                    0,
                    1,
                    3,
                    1,
                    6,
                    0,
                    0,
                    1,
                    0,
                    1,
                    3,
                    0,
                    1,
                    0,
                    0,
                    0,
                    1,
                    1,
                    0,
                    1,
                    0,
                    3,
                    0,
                    0,
                    0,
                    0,
                    0,
                    2,
                    0,
                    0,
                    1
                ],
                "max_ratio": 0.2,
                "total_no_nan": 30,
                "total": 30,
                "cluster_name": "cluster_0"
            },
            {
                "min": 56.0,
                "max": 82.0,
                "median": 68.0,
                "percentile25": 65.0,
                "percentile75": 70.0,
                "percentile9": 62.32,
                "percentile91": 75.36,
                "std": 4.928053803045811,
                "distribution": [
                    0,
                    0,
                    0,
                    0,
                    0,
                    0,
                    0,
                    0,
                    0,
                    0,
                    0,
                    1,
                    0,
                    1,
                    0,
                    0,
                    1,
                    0,
                    2,
                    3,
                    0,
                    12,
                    0,
                    0,
                    2,
                    7,
                    3,
                    6,
                    2,
                    0,
                    2,
                    1,
                    1,
                    0,
                    3,
                    0,
                    1,
                    0,
                    0,
                    0,
                    0,
                    1,
                    0,
                    0,
                    0,
                    0,
                    0,
                    0,
                    0,
                    0,
                    0,
                    0,
                    0,
                    0,
                    0,
                    0,
                    0,
                    0,
                    0,
                    0
                ],
                "max_ratio": 0.24489795918367346,
                "total_no_nan": 49,
                "total": 222,
                "cluster_name": "cluster_1"
            },
            {
                "min": 58.0,
                "max": 68.0,
                "median": 65.0,
                "percentile25": 62.0,
                "percentile75": 66.0,
                "percentile9": 59.44,
                "percentile91": 67.28,
                "std": 3.4871191548325386,
                "distribution": [
                    0,
                    0,
                    0,
                    0,
                    0,
                    0,
                    0,
                    0,
                    0,
                    0,
                    0,
                    0,
                    0,
                    1,
                    0,
                    0,
                    0,
                    0,
                    1,
                    0,
                    0,
                    1,
                    0,
                    1,
                    0,
                    1,
                    0,
                    0,
                    0,
                    0,
                    0,
                    0,
                    0,
                    0,
                    0,
                    0,
                    0,
                    0,
                    0,
                    0,
                    0,
                    0,
                    0,
                    0,
                    0,
                    0,
                    0,
                    0,
                    0,
                    0,
                    0,
                    0,
                    0,
                    0,
                    0,
                    0,
                    0,
                    0,
                    0,
                    0
                ],
                "max_ratio": 0.2,
                "total_no_nan": 5,
                "total": 71,
                "cluster_name": "cluster_2"
            },
            {
                "min": 52.0,
                "max": 86.0,
                "median": 66.0,
                "percentile25": 62.25,
                "percentile75": 71.5,
                "percentile9": 58.48,
                "percentile91": 77.09,
                "std": 8.8068155425216,
                "distribution": [
                    0,
                    0,
                    0,
                    0,
                    0,
                    0,
                    1,
                    0,
                    0,
                    0,
                    0,
                    0,
                    0,
                    0,
                    0,
                    0,
                    1,
                    0,
                    1,
                    1,
                    0,
                    0,
                    0,
                    2,
                    0,
                    0,
                    0,
                    1,
                    0,
                    0,
                    1,
                    0,
                    0,
                    1,
                    0,
                    0,
                    0,
                    0,
                    0,
                    0,
                    0,
                    0,
                    0,
                    0,
                    0,
                    0,
                    1,
                    0,
                    0,
                    0,
                    0,
                    0,
                    0,
                    0,
                    0,
                    0,
                    0,
                    0,
                    0,
                    0
                ],
                "max_ratio": 0.2,
                "total_no_nan": 10,
                "total": 10,
                "cluster_name": "cluster_3"
            },
            {
                "min": 46.0,
                "max": 66.0,
                "median": 56.5,
                "percentile25": 52.75,
                "percentile75": 60.0,
                "percentile9": 47.21,
                "percentile91": 61.86,
                "std": 5.130924759620715,
                "distribution": [
                    1,
                    2,
                    0,
                    0,
                    1,
                    0,
                    2,
                    0,
                    2,
                    1,
                    2,
                    1,
                    1,
                    3,
                    0,
                    0,
                    5,
                    0,
                    1,
                    1,
                    0,
                    0,
                    0,
                    1,
                    0,
                    0,
                    0,
                    0,
                    0,
                    0,
                    0,
                    0,
                    0,
                    0,
                    0,
                    0,
                    0,
                    0,
                    0,
                    0,
                    0,
                    0,
                    0,
                    0,
                    0,
                    0,
                    0,
                    0,
                    0,
                    0,
                    0,
                    0,
                    0,
                    0,
                    0,
                    0,
                    0,
                    0,
                    0,
                    0
                ],
                "max_ratio": 0.20833333333333334,
                "total_no_nan": 24,
                "total": 24,
                "cluster_name": "cluster_4"
            }
        ],
        "type": "numerical",
        "scale": {
            "min": 46.0,
            "max": 98.0,
            "max_ratio": 0.24489795918367346
        },
        "global": {
            "min": 46.0,
            "max": 98.0,
            "median": 68.0,
            "percentile25": 62.0,
            "percentile75": 73.75,
            "percentile9": 55.0,
            "percentile91": 82.0,
            "std": 10.239017280166342,
            "distribution": [
                1,
                2,
                0,
                0,
                1,
                0,
                3,
                0,
                2,
                1,
                2,
                2,
                1,
                5,
                0,
                0,
                7,
                0,
                5,
                5,
                0,
                13,
                0,
                4,
                2,
                8,
                3,
                9,
                4,
                0,
                4,
                4,
                2,
                7,
                3,
                0,
                2,
                0,
                1,
                3,
                0,
                2,
                0,
                0,
                0,
                1,
                2,
                0,
                1,
                0,
                3,
                0,
                0,
                0,
                0,
                0,
                2,
                0,
                0,
                1
            ],
            "max_ratio": 0.11016949152542373,
            "total_no_nan": 118,
            "total": 357
        }
    },
    {
        "variable": "Geschlecht",
        "per_cluster": [
            {
                "distribution": [
                    {
                        "label": "m",
                        "total_no_nan": 30,
                        "ratio": 1.0
                    },
                    {
                        "label": "w",
                        "total_no_nan": 0,
                        "ratio": 0.0
                    },
                    {
                        "label": null,
                        "total_no_nan": 0,
                        "ratio": 0.0
                    }
                ],
                "max_ratio": 1.0,
                "total": 30,
                "total_no_nan": 30,
                "cluster_name": "cluster_0"
            },
            {
                "distribution": [
                    {
                        "label": "m",
                        "total_no_nan": 222,
                        "ratio": 1.0
                    },
                    {
                        "label": "w",
                        "total_no_nan": 0,
                        "ratio": 0.0
                    },
                    {
                        "label": null,
                        "total_no_nan": 0,
                        "ratio": 0.0
                    }
                ],
                "max_ratio": 1.0,
                "total": 222,
                "total_no_nan": 222,
                "cluster_name": "cluster_1"
            },
            {
                "distribution": [
                    {
                        "label": "m",
                        "total_no_nan": 0,
                        "ratio": 0.0
                    },
                    {
                        "label": "w",
                        "total_no_nan": 71,
                        "ratio": 1.0
                    },
                    {
                        "label": null,
                        "total_no_nan": 0,
                        "ratio": 0.0
                    }
                ],
                "max_ratio": 1.0,
                "total": 71,
                "total_no_nan": 71,
                "cluster_name": "cluster_2"
            },
            {
                "distribution": [
                    {
                        "label": "m",
                        "total_no_nan": 7,
                        "ratio": 0.7
                    },
                    {
                        "label": "w",
                        "total_no_nan": 3,
                        "ratio": 0.3
                    },
                    {
                        "label": null,
                        "total_no_nan": 0,
                        "ratio": 0.0
                    }
                ],
                "max_ratio": 0.7,
                "total": 10,
                "total_no_nan": 10,
                "cluster_name": "cluster_3"
            },
            {
                "distribution": [
                    {
                        "label": "m",
                        "total_no_nan": 0,
                        "ratio": 0.0
                    },
                    {
                        "label": "w",
                        "total_no_nan": 24,
                        "ratio": 1.0
                    },
                    {
                        "label": null,
                        "total_no_nan": 0,
                        "ratio": 0.0
                    }
                ],
                "max_ratio": 1.0,
                "total": 24,
                "total_no_nan": 24,
                "cluster_name": "cluster_4"
            }
        ],
        "type": "categorical",
        "global": {
            "distribution": [
                {
                    "label": "m",
                    "total_no_nan": 259,
                    "ratio": 0.7254901960784313
                },
                {
                    "label": "w",
                    "total_no_nan": 98,
                    "ratio": 0.27450980392156865
                },
                {
                    "label": null,
                    "total_no_nan": 0,
                    "ratio": 0.0
                }
            ],
            "max_ratio": 0.7254901960784313,
            "total": 357,
            "total_no_nan": 357
        },
        "scale": {
            "max_ratio": 1.0,
            "categories": [
                "m",
                "w",
                null
            ]
        }
    }
]