{
    "metrics": {
        "inertia": 230.02992181330222,
        "silhouette": 0.5822795063814352,
        "nbClusters": 5
    },
    "processed_feature_names": [
        "Geschafft_HF",
        "Alter",
        "Gr\u00f6\u00dfe",
        "Gewicht",
        "dummy:Geschlecht:m",
        "dummy:Geschlecht:w",
        "dummy:Geschlecht:N/A",
        "dummy:Geschlecht:__Others__"
    ],
    "variables_importance": {
        "variables": [
            "Geschafft_HF",
            "Alter",
            "Gr\u00f6\u00dfe",
            "Gewicht",
            "dummy:Geschlecht:m",
            "dummy:Geschlecht:w"
        ],
        "importances": [
            0.028603420524775044,
            0.0952989530420866,
            0.19766970867692474,
            0.17984786122563612,
            0.2509959286214838,
            0.24758412790909376
        ]
    },
    "reduce_vars": [],
    "train_nb_records": 357,
    "train_nb_features": 8,
    "train_nb_outliers": 0,
    "cluster_description": [
        {
            "variable": "dummy:Geschlecht:m",
            "var": 0.26,
            "values": [
                {
                    "cluster": "cluster_0",
                    "value": 1.0
                },
                {
                    "cluster": "cluster_1",
                    "value": 1.0
                },
                {
                    "cluster": "cluster_2",
                    "value": 0.0
                },
                {
                    "cluster": "cluster_3",
                    "value": 0.7
                },
                {
                    "cluster": "cluster_4",
                    "value": 0.0
                }
            ]
        },
        {
            "variable": "dummy:Geschlecht:w",
            "var": 0.26,
            "values": [
                {
                    "cluster": "cluster_0",
                    "value": 0.0
                },
                {
                    "cluster": "cluster_1",
                    "value": 0.0
                },
                {
                    "cluster": "cluster_2",
                    "value": 1.0
                },
                {
                    "cluster": "cluster_3",
                    "value": 0.3
                },
                {
                    "cluster": "cluster_4",
                    "value": 1.0
                }
            ]
        },
        {
            "variable": "dummy:Geschlecht:N/A",
            "var": 0.0,
            "values": [
                {
                    "cluster": "cluster_0",
                    "value": 0.0
                },
                {
                    "cluster": "cluster_1",
                    "value": 0.0
                },
                {
                    "cluster": "cluster_2",
                    "value": 0.0
                },
                {
                    "cluster": "cluster_3",
                    "value": 0.0
                },
                {
                    "cluster": "cluster_4",
                    "value": 0.0
                }
            ]
        },
        {
            "variable": "dummy:Geschlecht:__Others__",
            "var": 0.0,
            "values": [
                {
                    "cluster": "cluster_0",
                    "value": 0.0
                },
                {
                    "cluster": "cluster_1",
                    "value": 0.0
                },
                {
                    "cluster": "cluster_2",
                    "value": 0.0
                },
                {
                    "cluster": "cluster_3",
                    "value": 0.0
                },
                {
                    "cluster": "cluster_4",
                    "value": 0.0
                }
            ]
        },
        {
            "variable": "Geschafft_HF",
            "var": 1.39,
            "values": [
                {
                    "cluster": "cluster_0",
                    "value": 7.0
                },
                {
                    "cluster": "cluster_1",
                    "value": 5.53030303030303
                },
                {
                    "cluster": "cluster_2",
                    "value": 4.0
                },
                {
                    "cluster": "cluster_3",
                    "value": 5.0
                },
                {
                    "cluster": "cluster_4",
                    "value": 4.333333333333333
                }
            ]
        },
        {
            "variable": "Alter",
            "var": 92.22,
            "values": [
                {
                    "cluster": "cluster_0",
                    "value": 28.1
                },
                {
                    "cluster": "cluster_1",
                    "value": 28.34
                },
                {
                    "cluster": "cluster_2",
                    "value": 26.6
                },
                {
                    "cluster": "cluster_3",
                    "value": 49.3
                },
                {
                    "cluster": "cluster_4",
                    "value": 28.541666666666668
                }
            ]
        },
        {
            "variable": "Gr\u00f6\u00dfe",
            "var": 44.46,
            "values": [
                {
                    "cluster": "cluster_0",
                    "value": 183.4
                },
                {
                    "cluster": "cluster_1",
                    "value": 174.86
                },
                {
                    "cluster": "cluster_2",
                    "value": 173.6
                },
                {
                    "cluster": "cluster_3",
                    "value": 170.7
                },
                {
                    "cluster": "cluster_4",
                    "value": 165.125
                }
            ]
        },
        {
            "variable": "Gewicht",
            "var": 74.2,
            "values": [
                {
                    "cluster": "cluster_0",
                    "value": 79.76666666666667
                },
                {
                    "cluster": "cluster_1",
                    "value": 67.85714285714286
                },
                {
                    "cluster": "cluster_2",
                    "value": 63.8
                },
                {
                    "cluster": "cluster_3",
                    "value": 67.2
                },
                {
                    "cluster": "cluster_4",
                    "value": 55.916666666666664
                }
            ]
        },
        {
            "variable": "cluster_size",
            "var": 7602.8,
            "values": [
                {
                    "cluster": "cluster_1",
                    "value": 222
                },
                {
                    "cluster": "cluster_2",
                    "value": 71
                },
                {
                    "cluster": "cluster_0",
                    "value": 30
                },
                {
                    "cluster": "cluster_4",
                    "value": 24
                },
                {
                    "cluster": "cluster_3",
                    "value": 10
                }
            ]
        }
    ],
    "summary": {
        "clusters": []
    }
}