{
    "modelId": "m1",
    "state": "DONE",
    "startTime": 1606316611263,
    "endTime": 1606316613219,
    "preprocessingTime": 111,
    "trainingTime": 1845,
    "progress": {
        "stack": [],
        "top_level_todo": [],
        "top_level_done": [
            {
                "name": "Loading source dataset",
                "time": 14
            },
            {
                "name": "Collecting statistics",
                "time": 10
            },
            {
                "name": "Preprocessing data",
                "time": 85
            },
            {
                "name": "Fitting model",
                "time": 1275
            },
            {
                "name": "Saving model",
                "time": 1
            },
            {
                "name": "Scoring model",
                "time": 569
            }
        ]
    }
}