{
  "cparams": {
    "extractBeforePrepare": true,
    "selection": {
      "useMemTable": false,
      "filter": {
        "distinct": false,
        "enabled": false
      },
      "partitionSelectionMethod": "ALL",
      "latestPartitionsN": 1,
      "ordering": {
        "enabled": false,
        "rules": []
      },
      "samplingMethod": "HEAD_SEQUENTIAL",
      "maxRecords": 100000,
      "targetRatio": 0.02,
      "withinFirstN": -1,
      "maxReadUncompressedBytes": -1
    },
    "instanceIdRefresher": 0
  },
  "generationDate": 1606313056580,
  "policyId": "extractBeforePrepare\u003dtrue,,ds\u003d20_Hindernisse_Ergebnisse_Halbfinale,sel\u003d(method\u003dhead-s,records\u003d100000)",
  "instanceId": "c9cf72fbd270c71148dee1c2555971c7-0",
  "format": "csv1",
  "schema": {
    "columns": [
      {"name":"Name","type":"string"},
      {"name":"Zeit","type":"string"},
      {"name":"Gefallen","type":"string"},
      {"name":"Geschafft","type":"string"},
      {"name":"Bezwungen","type":"string"},
      {"name":"Vorname","type":"string"},
      {"name":"Nachname","type":"string"},
      {"name":"Geschlecht","type":"string"},
      {"name":"Nationalität","type":"string"},
      {"name":"Birthday","type":"string"},
      {"name":"Alter","type":"bigint"},
      {"name":"Seasons","type":"string"},
      {"name":"Größe","type":"bigint"},
      {"name":"Gewicht","type":"bigint"},
      {"name":"Hintergrund","type":"string"},
      {"name":"Gefallen_HF","type":"string"},
      {"name":"Geschafft_HF","type":"bigint"},
      {"name":"Bezwungen_HF","type":"string"}
    ],
    "userModified": false
  },
  "fullPath": "full-c9cf72fbd270c71148dee1c2555971c7-0.csv.gz",
  "trainRows": 0,
  "testRows": 0,
  "fullRows": 410
}