{"global": {"size": 357, "facts": [{"type": "categorical", "feature_label": "Geschafft", "cluster_label": "cluster_0", "category_value": "8", "global_ratio": 0.1092436974789916, "current_ratio": 0.5161290322580645, "current_impact": 0.4168887067021931, "diff": -3.724565756823821}, {"type": "categorical", "feature_label": "Geschlecht", "cluster_label": "cluster_2", "category_value": "w", "global_ratio": 0.27450980392156865, "current_ratio": 1.0, "current_impact": 0.9328249818445897, "diff": -2.6428571428571423}, {"type": "numerical", "feature_label": "Gr\u00f6\u00dfe", "cluster_label": "cluster_0", "mean": 183.09677419354838, "std": 4.474779984980099, "diff": 1.1479546652988306, "global_mean": 174.64705882352942, "global_std": 7.360669916193399}, {"type": "numerical", "feature_label": "Gewicht", "cluster_label": "cluster_0", "mean": 79.87096774193549, "std": 8.085962880135227, "diff": 1.1322100298516664, "global_mean": 68.22881355932203, "global_std": 10.282680664945813}, {"type": "numerical", "feature_label": "Gewicht", "cluster_label": "cluster_2", "mean": 57.34375, "std": 5.700081351994447, "diff": -1.0585822816057855, "global_mean": 68.22881355932203, "global_std": 10.282680664945813}, {"type": "numerical", "feature_label": "Gr\u00f6\u00dfe", "cluster_label": "cluster_2", "mean": 166.90625, "std": 4.828406369032761, "diff": -1.0516446073066963, "global_mean": 174.64705882352942, "global_std": 7.360669916193399}, {"type": "categorical", "feature_label": "Geschlecht", "cluster_label": "cluster_0", "category_value": "m", "global_ratio": 0.7254901960784313, "current_ratio": 1.0, "current_impact": 0.9330463892874223, "diff": -0.3783783783783784}, {"type": "categorical", "feature_label": "Geschlecht", "cluster_label": "cluster_1", "category_value": "m", "global_ratio": 0.7254901960784313, "current_ratio": 1.0, "current_impact": 0.9884659746251442, "diff": -0.3783783783783784}, {"type": "numerical", "feature_label": "Alter", "cluster_label": "cluster_0", "mean": 28.193548387096776, "std": 5.540272886412183, "diff": -0.2336870807017627, "global_mean": 30.008403361344538, "global_std": 7.766175899830446}, {"type": "numerical", "feature_label": "Alter", "cluster_label": "cluster_1", "mean": 30.946428571428573, "std": 8.609549967875827, "diff": 0.12078341028877732, "global_mean": 30.008403361344538, "global_std": 7.766175899830446}]}, "clusters": [{"cluster": "cluster_0", "size": 31, "facts": [{"type": "categorical", "feature_label": "Geschafft", "cluster_label": "cluster_0", "category_value": "8", "global_ratio": 0.1092436974789916, "current_ratio": 0.5161290322580645, "current_impact": 0.4168887067021931, "diff": -3.724565756823821}, {"type": "numerical", "feature_label": "Gr\u00f6\u00dfe", "cluster_label": "cluster_0", "mean": 183.09677419354838, "std": 4.474779984980099, "diff": 1.1479546652988306, "global_mean": 174.64705882352942, "global_std": 7.360669916193399}, {"type": "numerical", "feature_label": "Gewicht", "cluster_label": "cluster_0", "mean": 79.87096774193549, "std": 8.085962880135227, "diff": 1.1322100298516664, "global_mean": 68.22881355932203, "global_std": 10.282680664945813}]}, {"cluster": "cluster_1", "size": 228, "facts": [{"type": "categorical", "feature_label": "Geschlecht", "cluster_label": "cluster_1", "category_value": "m", "global_ratio": 0.7254901960784313, "current_ratio": 1.0, "current_impact": 0.9884659746251442, "diff": -0.3783783783783784}, {"type": "numerical", "feature_label": "Alter", "cluster_label": "cluster_1", "mean": 30.946428571428573, "std": 8.609549967875827, "diff": 0.12078341028877732, "global_mean": 30.008403361344538, "global_std": 7.766175899830446}, {"type": "numerical", "feature_label": "Gr\u00f6\u00dfe", "cluster_label": "cluster_1", "mean": 174.39285714285714, "std": 4.123893003763981, "diff": -0.034535128400886475, "global_mean": 174.64705882352942, "global_std": 7.360669916193399}]}, {"cluster": "cluster_2", "size": 98, "facts": [{"type": "categorical", "feature_label": "Geschlecht", "cluster_label": "cluster_2", "category_value": "w", "global_ratio": 0.27450980392156865, "current_ratio": 1.0, "current_impact": 0.9328249818445897, "diff": -2.6428571428571423}, {"type": "numerical", "feature_label": "Gewicht", "cluster_label": "cluster_2", "mean": 57.34375, "std": 5.700081351994447, "diff": -1.0585822816057855, "global_mean": 68.22881355932203, "global_std": 10.282680664945813}, {"type": "numerical", "feature_label": "Gr\u00f6\u00dfe", "cluster_label": "cluster_2", "mean": 166.90625, "std": 4.828406369032761, "diff": -1.0516446073066963, "global_mean": 174.64705882352942, "global_std": 7.360669916193399}]}]}