[
    {
        "variable": "Alter",
        "per_cluster": [
            {
                "min": 20.0,
                "max": 40.0,
                "median": 28.0,
                "percentile25": 24.0,
                "percentile75": 31.499999999999996,
                "percentile9": 20.7,
                "percentile91": 36.3,
                "std": 5.450181144303665,
                "distribution": [
                    3,
                    2,
                    0,
                    1,
                    0,
                    4,
                    1,
                    0,
                    0,
                    3,
                    3,
                    3,
                    0,
                    1,
                    2,
                    2,
                    0,
                    0,
                    1,
                    1,
                    1,
                    0,
                    1,
                    1,
                    0,
                    0,
                    1,
                    0,
                    0,
                    0,
                    0,
                    0,
                    0,
                    0,
                    0,
                    0,
                    0,
                    0,
                    0,
                    0,
                    0,
                    0,
                    0,
                    0,
                    0,
                    0,
                    0,
                    0,
                    0,
                    0,
                    0,
                    0,
                    0,
                    0,
                    0,
                    0,
                    0,
                    0,
                    0,
                    0
                ],
                "max_ratio": 0.12903225806451613,
                "total_no_nan": 31,
                "total": 31,
                "cluster_name": "cluster_0"
            },
            {
                "min": 20.0,
                "max": 66.0,
                "median": 29.0,
                "percentile25": 26.0,
                "percentile75": 32.25,
                "percentile9": 22.95,
                "percentile91": 44.0,
                "std": 8.532332713309547,
                "distribution": [
                    1,
                    3,
                    1,
                    2,
                    0,
                    3,
                    3,
                    6,
                    0,
                    3,
                    3,
                    6,
                    0,
                    2,
                    4,
                    5,
                    1,
                    0,
                    0,
                    2,
                    2,
                    0,
                    2,
                    0,
                    0,
                    0,
                    0,
                    0,
                    0,
                    0,
                    0,
                    3,
                    0,
                    0,
                    0,
                    0,
                    0,
                    1,
                    0,
                    2,
                    0,
                    0,
                    0,
                    0,
                    0,
                    0,
                    0,
                    0,
                    0,
                    0,
                    0,
                    0,
                    0,
                    0,
                    0,
                    0,
                    0,
                    0,
                    0,
                    1
                ],
                "max_ratio": 0.10714285714285714,
                "total_no_nan": 56,
                "total": 228,
                "cluster_name": "cluster_1"
            },
            {
                "min": 20.0,
                "max": 53.0,
                "median": 27.5,
                "percentile25": 25.0,
                "percentile75": 33.25,
                "percentile9": 21.79,
                "percentile91": 39.42,
                "std": 7.841197293781097,
                "distribution": [
                    1,
                    2,
                    1,
                    0,
                    0,
                    2,
                    5,
                    2,
                    0,
                    3,
                    1,
                    1,
                    0,
                    1,
                    2,
                    2,
                    1,
                    0,
                    1,
                    2,
                    0,
                    0,
                    0,
                    0,
                    2,
                    0,
                    0,
                    1,
                    0,
                    0,
                    0,
                    0,
                    0,
                    0,
                    0,
                    0,
                    0,
                    0,
                    0,
                    0,
                    0,
                    1,
                    0,
                    1,
                    0,
                    0,
                    0,
                    0,
                    0,
                    0,
                    0,
                    0,
                    0,
                    0,
                    0,
                    0,
                    0,
                    0,
                    0,
                    0
                ],
                "max_ratio": 0.15625,
                "total_no_nan": 32,
                "total": 98,
                "cluster_name": "cluster_2"
            }
        ],
        "type": "numerical",
        "scale": {
            "min": 20.0,
            "max": 66.0,
            "max_ratio": 0.15625
        },
        "global": {
            "min": 20.0,
            "max": 66.0,
            "median": 29.0,
            "percentile25": 25.0,
            "percentile75": 32.0,
            "percentile9": 21.0,
            "percentile91": 39.38000000000001,
            "std": 7.733476066594747,
            "distribution": [
                5,
                7,
                2,
                3,
                0,
                9,
                9,
                8,
                0,
                9,
                7,
                10,
                0,
                4,
                8,
                9,
                2,
                0,
                2,
                5,
                3,
                0,
                3,
                1,
                2,
                0,
                1,
                1,
                0,
                0,
                0,
                3,
                0,
                0,
                0,
                0,
                0,
                1,
                0,
                2,
                0,
                1,
                0,
                1,
                0,
                0,
                0,
                0,
                0,
                0,
                0,
                0,
                0,
                0,
                0,
                0,
                0,
                0,
                0,
                1
            ],
            "max_ratio": 0.08403361344537816,
            "total_no_nan": 119,
            "total": 357
        }
    },
    {
        "variable": "Gr\u00f6\u00dfe",
        "per_cluster": [
            {
                "min": 176.0,
                "max": 200.0,
                "median": 183.0,
                "percentile25": 180.0,
                "percentile75": 184.5,
                "percentile9": 179.4,
                "percentile91": 188.3,
                "std": 4.402014485398317,
                "distribution": [
                    0,
                    0,
                    0,
                    0,
                    0,
                    0,
                    0,
                    0,
                    0,
                    0,
                    0,
                    0,
                    0,
                    0,
                    0,
                    0,
                    0,
                    0,
                    0,
                    0,
                    0,
                    0,
                    0,
                    0,
                    0,
                    0,
                    0,
                    0,
                    1,
                    1,
                    1,
                    0,
                    0,
                    7,
                    1,
                    0,
                    2,
                    8,
                    2,
                    0,
                    3,
                    1,
                    0,
                    0,
                    1,
                    1,
                    1,
                    0,
                    0,
                    0,
                    0,
                    0,
                    0,
                    0,
                    0,
                    0,
                    0,
                    0,
                    0,
                    1
                ],
                "max_ratio": 0.25806451612903225,
                "total_no_nan": 31,
                "total": 31,
                "cluster_name": "cluster_0"
            },
            {
                "min": 167.0,
                "max": 183.0,
                "median": 175.0,
                "percentile25": 171.0,
                "percentile75": 178.0,
                "percentile9": 168.95,
                "percentile91": 180.0,
                "std": 4.086906669162997,
                "distribution": [
                    0,
                    0,
                    0,
                    0,
                    0,
                    0,
                    0,
                    0,
                    0,
                    0,
                    0,
                    0,
                    0,
                    0,
                    0,
                    0,
                    2,
                    3,
                    2,
                    0,
                    6,
                    2,
                    5,
                    0,
                    4,
                    3,
                    6,
                    0,
                    4,
                    4,
                    7,
                    0,
                    1,
                    4,
                    1,
                    0,
                    0,
                    2,
                    0,
                    0,
                    0,
                    0,
                    0,
                    0,
                    0,
                    0,
                    0,
                    0,
                    0,
                    0,
                    0,
                    0,
                    0,
                    0,
                    0,
                    0,
                    0,
                    0,
                    0,
                    0
                ],
                "max_ratio": 0.125,
                "total_no_nan": 56,
                "total": 228,
                "cluster_name": "cluster_1"
            },
            {
                "min": 155.0,
                "max": 176.0,
                "median": 167.0,
                "percentile25": 164.75,
                "percentile75": 169.5,
                "percentile9": 161.16,
                "percentile91": 173.0,
                "std": 4.752363721086592,
                "distribution": [
                    1,
                    0,
                    1,
                    0,
                    1,
                    0,
                    0,
                    0,
                    0,
                    1,
                    1,
                    0,
                    3,
                    4,
                    2,
                    0,
                    3,
                    5,
                    2,
                    0,
                    0,
                    2,
                    2,
                    0,
                    2,
                    0,
                    1,
                    0,
                    1,
                    0,
                    0,
                    0,
                    0,
                    0,
                    0,
                    0,
                    0,
                    0,
                    0,
                    0,
                    0,
                    0,
                    0,
                    0,
                    0,
                    0,
                    0,
                    0,
                    0,
                    0,
                    0,
                    0,
                    0,
                    0,
                    0,
                    0,
                    0,
                    0,
                    0,
                    0
                ],
                "max_ratio": 0.15625,
                "total_no_nan": 32,
                "total": 98,
                "cluster_name": "cluster_2"
            }
        ],
        "type": "numerical",
        "scale": {
            "min": 155.0,
            "max": 200.0,
            "max_ratio": 0.25806451612903225
        },
        "global": {
            "min": 155.0,
            "max": 200.0,
            "median": 175.0,
            "percentile25": 169.0,
            "percentile75": 180.0,
            "percentile9": 165.0,
            "percentile91": 183.0,
            "std": 7.32967748415644,
            "distribution": [
                1,
                0,
                1,
                0,
                1,
                0,
                0,
                0,
                0,
                1,
                1,
                0,
                3,
                4,
                2,
                0,
                5,
                8,
                4,
                0,
                6,
                4,
                7,
                0,
                6,
                3,
                7,
                0,
                6,
                5,
                8,
                0,
                1,
                11,
                2,
                0,
                2,
                10,
                2,
                0,
                3,
                1,
                0,
                0,
                1,
                1,
                1,
                0,
                0,
                0,
                0,
                0,
                0,
                0,
                0,
                0,
                0,
                0,
                0,
                1
            ],
            "max_ratio": 0.09243697478991597,
            "total_no_nan": 119,
            "total": 357
        }
    },
    {
        "variable": "Gewicht",
        "per_cluster": [
            {
                "min": 70.0,
                "max": 98.0,
                "median": 78.0,
                "percentile25": 73.5,
                "percentile75": 85.5,
                "percentile9": 71.0,
                "percentile91": 91.5,
                "std": 7.954475045974056,
                "distribution": [
                    0,
                    0,
                    0,
                    0,
                    0,
                    0,
                    0,
                    0,
                    0,
                    0,
                    0,
                    0,
                    0,
                    0,
                    0,
                    0,
                    0,
                    0,
                    0,
                    0,
                    0,
                    0,
                    0,
                    0,
                    0,
                    0,
                    0,
                    2,
                    2,
                    0,
                    1,
                    3,
                    1,
                    5,
                    1,
                    0,
                    1,
                    0,
                    1,
                    3,
                    0,
                    2,
                    0,
                    0,
                    0,
                    1,
                    1,
                    0,
                    1,
                    0,
                    3,
                    0,
                    0,
                    0,
                    0,
                    0,
                    2,
                    0,
                    0,
                    1
                ],
                "max_ratio": 0.16129032258064516,
                "total_no_nan": 31,
                "total": 31,
                "cluster_name": "cluster_0"
            },
            {
                "min": 56.0,
                "max": 86.0,
                "median": 68.0,
                "percentile25": 65.0,
                "percentile75": 70.0,
                "percentile9": 62.86,
                "percentile91": 75.0,
                "std": 5.056049481921272,
                "distribution": [
                    0,
                    0,
                    0,
                    0,
                    0,
                    0,
                    0,
                    0,
                    0,
                    0,
                    0,
                    1,
                    0,
                    1,
                    0,
                    0,
                    1,
                    0,
                    2,
                    4,
                    0,
                    12,
                    0,
                    2,
                    2,
                    7,
                    3,
                    7,
                    2,
                    0,
                    3,
                    1,
                    1,
                    2,
                    2,
                    0,
                    1,
                    0,
                    0,
                    0,
                    0,
                    0,
                    0,
                    0,
                    0,
                    0,
                    1,
                    0,
                    0,
                    0,
                    0,
                    0,
                    0,
                    0,
                    0,
                    0,
                    0,
                    0,
                    0,
                    0
                ],
                "max_ratio": 0.21818181818181817,
                "total_no_nan": 55,
                "total": 228,
                "cluster_name": "cluster_1"
            },
            {
                "min": 46.0,
                "max": 68.0,
                "median": 58.0,
                "percentile25": 53.0,
                "percentile75": 60.50000000000001,
                "percentile9": 49.370000000000005,
                "percentile91": 65.21000000000001,
                "std": 5.61031068101402,
                "distribution": [
                    1,
                    2,
                    0,
                    0,
                    1,
                    0,
                    3,
                    0,
                    2,
                    1,
                    2,
                    1,
                    1,
                    4,
                    0,
                    0,
                    6,
                    0,
                    3,
                    1,
                    0,
                    1,
                    0,
                    2,
                    0,
                    1,
                    0,
                    0,
                    0,
                    0,
                    0,
                    0,
                    0,
                    0,
                    0,
                    0,
                    0,
                    0,
                    0,
                    0,
                    0,
                    0,
                    0,
                    0,
                    0,
                    0,
                    0,
                    0,
                    0,
                    0,
                    0,
                    0,
                    0,
                    0,
                    0,
                    0,
                    0,
                    0,
                    0,
                    0
                ],
                "max_ratio": 0.1875,
                "total_no_nan": 32,
                "total": 98,
                "cluster_name": "cluster_2"
            }
        ],
        "type": "numerical",
        "scale": {
            "min": 46.0,
            "max": 98.0,
            "max_ratio": 0.21818181818181817
        },
        "global": {
            "min": 46.0,
            "max": 98.0,
            "median": 68.0,
            "percentile25": 62.0,
            "percentile75": 73.75,
            "percentile9": 55.0,
            "percentile91": 82.0,
            "std": 10.239017280166342,
            "distribution": [
                1,
                2,
                0,
                0,
                1,
                0,
                3,
                0,
                2,
                1,
                2,
                2,
                1,
                5,
                0,
                0,
                7,
                0,
                5,
                5,
                0,
                13,
                0,
                4,
                2,
                8,
                3,
                9,
                4,
                0,
                4,
                4,
                2,
                7,
                3,
                0,
                2,
                0,
                1,
                3,
                0,
                2,
                0,
                0,
                0,
                1,
                2,
                0,
                1,
                0,
                3,
                0,
                0,
                0,
                0,
                0,
                2,
                0,
                0,
                1
            ],
            "max_ratio": 0.11016949152542373,
            "total_no_nan": 118,
            "total": 357
        }
    },
    {
        "variable": "Geschafft",
        "per_cluster": [
            {
                "distribution": [
                    {
                        "label": "1",
                        "total_no_nan": 1,
                        "ratio": 0.03225806451612903
                    },
                    {
                        "label": "3",
                        "total_no_nan": 2,
                        "ratio": 0.06451612903225806
                    },
                    {
                        "label": "2",
                        "total_no_nan": 0,
                        "ratio": 0.0
                    },
                    {
                        "label": "6",
                        "total_no_nan": 7,
                        "ratio": 0.22580645161290322
                    },
                    {
                        "label": "4",
                        "total_no_nan": 3,
                        "ratio": 0.0967741935483871
                    },
                    {
                        "label": "8",
                        "total_no_nan": 16,
                        "ratio": 0.5161290322580645
                    },
                    {
                        "label": "0",
                        "total_no_nan": 0,
                        "ratio": 0.0
                    },
                    {
                        "label": "5",
                        "total_no_nan": 2,
                        "ratio": 0.06451612903225806
                    },
                    {
                        "label": null,
                        "total_no_nan": 0,
                        "ratio": 0.0
                    }
                ],
                "max_ratio": 0.5161290322580645,
                "total": 31,
                "total_no_nan": 31,
                "cluster_name": "cluster_0"
            },
            {
                "distribution": [
                    {
                        "label": "1",
                        "total_no_nan": 44,
                        "ratio": 0.19298245614035087
                    },
                    {
                        "label": "3",
                        "total_no_nan": 40,
                        "ratio": 0.17543859649122806
                    },
                    {
                        "label": "2",
                        "total_no_nan": 31,
                        "ratio": 0.13596491228070176
                    },
                    {
                        "label": "6",
                        "total_no_nan": 34,
                        "ratio": 0.14912280701754385
                    },
                    {
                        "label": "4",
                        "total_no_nan": 29,
                        "ratio": 0.12719298245614036
                    },
                    {
                        "label": "8",
                        "total_no_nan": 21,
                        "ratio": 0.09210526315789473
                    },
                    {
                        "label": "0",
                        "total_no_nan": 13,
                        "ratio": 0.05701754385964912
                    },
                    {
                        "label": "5",
                        "total_no_nan": 16,
                        "ratio": 0.07017543859649122
                    },
                    {
                        "label": null,
                        "total_no_nan": 0,
                        "ratio": 0.0
                    }
                ],
                "max_ratio": 0.19298245614035087,
                "total": 228,
                "total_no_nan": 228,
                "cluster_name": "cluster_1"
            },
            {
                "distribution": [
                    {
                        "label": "1",
                        "total_no_nan": 27,
                        "ratio": 0.2755102040816326
                    },
                    {
                        "label": "3",
                        "total_no_nan": 19,
                        "ratio": 0.19387755102040816
                    },
                    {
                        "label": "2",
                        "total_no_nan": 19,
                        "ratio": 0.19387755102040816
                    },
                    {
                        "label": "6",
                        "total_no_nan": 3,
                        "ratio": 0.030612244897959183
                    },
                    {
                        "label": "4",
                        "total_no_nan": 8,
                        "ratio": 0.08163265306122448
                    },
                    {
                        "label": "8",
                        "total_no_nan": 2,
                        "ratio": 0.02040816326530612
                    },
                    {
                        "label": "0",
                        "total_no_nan": 19,
                        "ratio": 0.19387755102040816
                    },
                    {
                        "label": "5",
                        "total_no_nan": 1,
                        "ratio": 0.01020408163265306
                    },
                    {
                        "label": null,
                        "total_no_nan": 0,
                        "ratio": 0.0
                    }
                ],
                "max_ratio": 0.2755102040816326,
                "total": 98,
                "total_no_nan": 98,
                "cluster_name": "cluster_2"
            }
        ],
        "type": "categorical",
        "global": {
            "distribution": [
                {
                    "label": "1",
                    "total_no_nan": 72,
                    "ratio": 0.20168067226890757
                },
                {
                    "label": "3",
                    "total_no_nan": 61,
                    "ratio": 0.17086834733893558
                },
                {
                    "label": "2",
                    "total_no_nan": 50,
                    "ratio": 0.1400560224089636
                },
                {
                    "label": "6",
                    "total_no_nan": 44,
                    "ratio": 0.12324929971988796
                },
                {
                    "label": "4",
                    "total_no_nan": 40,
                    "ratio": 0.11204481792717087
                },
                {
                    "label": "8",
                    "total_no_nan": 39,
                    "ratio": 0.1092436974789916
                },
                {
                    "label": "0",
                    "total_no_nan": 32,
                    "ratio": 0.0896358543417367
                },
                {
                    "label": "5",
                    "total_no_nan": 19,
                    "ratio": 0.05322128851540616
                },
                {
                    "label": null,
                    "total_no_nan": 0,
                    "ratio": 0.0
                }
            ],
            "max_ratio": 0.20168067226890757,
            "total": 357,
            "total_no_nan": 357
        },
        "scale": {
            "max_ratio": 0.5161290322580645,
            "categories": [
                "1",
                "3",
                "2",
                "6",
                "4",
                "8",
                "0",
                "5",
                null
            ]
        }
    },
    {
        "variable": "Geschlecht",
        "per_cluster": [
            {
                "distribution": [
                    {
                        "label": "m",
                        "total_no_nan": 31,
                        "ratio": 1.0
                    },
                    {
                        "label": "w",
                        "total_no_nan": 0,
                        "ratio": 0.0
                    },
                    {
                        "label": null,
                        "total_no_nan": 0,
                        "ratio": 0.0
                    }
                ],
                "max_ratio": 1.0,
                "total": 31,
                "total_no_nan": 31,
                "cluster_name": "cluster_0"
            },
            {
                "distribution": [
                    {
                        "label": "m",
                        "total_no_nan": 228,
                        "ratio": 1.0
                    },
                    {
                        "label": "w",
                        "total_no_nan": 0,
                        "ratio": 0.0
                    },
                    {
                        "label": null,
                        "total_no_nan": 0,
                        "ratio": 0.0
                    }
                ],
                "max_ratio": 1.0,
                "total": 228,
                "total_no_nan": 228,
                "cluster_name": "cluster_1"
            },
            {
                "distribution": [
                    {
                        "label": "m",
                        "total_no_nan": 0,
                        "ratio": 0.0
                    },
                    {
                        "label": "w",
                        "total_no_nan": 98,
                        "ratio": 1.0
                    },
                    {
                        "label": null,
                        "total_no_nan": 0,
                        "ratio": 0.0
                    }
                ],
                "max_ratio": 1.0,
                "total": 98,
                "total_no_nan": 98,
                "cluster_name": "cluster_2"
            }
        ],
        "type": "categorical",
        "global": {
            "distribution": [
                {
                    "label": "m",
                    "total_no_nan": 259,
                    "ratio": 0.7254901960784313
                },
                {
                    "label": "w",
                    "total_no_nan": 98,
                    "ratio": 0.27450980392156865
                },
                {
                    "label": null,
                    "total_no_nan": 0,
                    "ratio": 0.0
                }
            ],
            "max_ratio": 0.7254901960784313,
            "total": 357,
            "total_no_nan": 357
        },
        "scale": {
            "max_ratio": 1.0,
            "categories": [
                "m",
                "w",
                null
            ]
        }
    }
]