{
    "metrics": {
        "inertia": 542.2394543974726,
        "silhouette": 0.3010151217975159,
        "nbClusters": 3
    },
    "processed_feature_names": [
        "Alter",
        "Gr\u00f6\u00dfe",
        "Gewicht",
        "dummy:Geschafft:1",
        "dummy:Geschafft:3",
        "dummy:Geschafft:2",
        "dummy:Geschafft:6",
        "dummy:Geschafft:4",
        "dummy:Geschafft:8",
        "dummy:Geschafft:0",
        "dummy:Geschafft:5",
        "dummy:Geschafft:N/A",
        "dummy:Geschafft:__Others__",
        "dummy:Geschlecht:m",
        "dummy:Geschlecht:w",
        "dummy:Geschlecht:N/A",
        "dummy:Geschlecht:__Others__"
    ],
    "variables_importance": {
        "variables": [
            "Alter",
            "Gr\u00f6\u00dfe",
            "Gewicht",
            "dummy:Geschafft:1",
            "dummy:Geschafft:3",
            "dummy:Geschafft:2",
            "dummy:Geschafft:6",
            "dummy:Geschafft:4",
            "dummy:Geschafft:8",
            "dummy:Geschafft:0",
            "dummy:Geschafft:5",
            "dummy:Geschlecht:m",
            "dummy:Geschlecht:w"
        ],
        "importances": [
            0.04268749241664092,
            0.11258049537754104,
            0.13301716665859686,
            0.0031189893267298753,
            0.0021172147480590982,
            0.00198926294965517,
            0.00623259085034835,
            0.0033312374216761796,
            0.014630796932112732,
            0.005971121397126908,
            0.0016457056719161116,
            0.38825740175299017,
            0.28442052449660626
        ]
    },
    "reduce_vars": [],
    "train_nb_records": 357,
    "train_nb_features": 17,
    "train_nb_outliers": 0,
    "cluster_description": [
        {
            "variable": "dummy:Geschafft:1",
            "var": 0.02,
            "values": [
                {
                    "cluster": "cluster_0",
                    "value": 0.03225806451612903
                },
                {
                    "cluster": "cluster_1",
                    "value": 0.19298245614035087
                },
                {
                    "cluster": "cluster_2",
                    "value": 0.2755102040816326
                }
            ]
        },
        {
            "variable": "dummy:Geschafft:3",
            "var": 0.0,
            "values": [
                {
                    "cluster": "cluster_0",
                    "value": 0.06451612903225806
                },
                {
                    "cluster": "cluster_1",
                    "value": 0.17543859649122806
                },
                {
                    "cluster": "cluster_2",
                    "value": 0.19387755102040816
                }
            ]
        },
        {
            "variable": "dummy:Geschafft:2",
            "var": 0.01,
            "values": [
                {
                    "cluster": "cluster_0",
                    "value": 0.0
                },
                {
                    "cluster": "cluster_1",
                    "value": 0.13596491228070176
                },
                {
                    "cluster": "cluster_2",
                    "value": 0.19387755102040816
                }
            ]
        },
        {
            "variable": "dummy:Geschafft:6",
            "var": 0.01,
            "values": [
                {
                    "cluster": "cluster_0",
                    "value": 0.22580645161290322
                },
                {
                    "cluster": "cluster_1",
                    "value": 0.14912280701754385
                },
                {
                    "cluster": "cluster_2",
                    "value": 0.030612244897959183
                }
            ]
        },
        {
            "variable": "dummy:Geschafft:4",
            "var": 0.0,
            "values": [
                {
                    "cluster": "cluster_0",
                    "value": 0.0967741935483871
                },
                {
                    "cluster": "cluster_1",
                    "value": 0.12719298245614036
                },
                {
                    "cluster": "cluster_2",
                    "value": 0.08163265306122448
                }
            ]
        },
        {
            "variable": "dummy:Geschafft:8",
            "var": 0.07,
            "values": [
                {
                    "cluster": "cluster_0",
                    "value": 0.5161290322580645
                },
                {
                    "cluster": "cluster_1",
                    "value": 0.09210526315789473
                },
                {
                    "cluster": "cluster_2",
                    "value": 0.02040816326530612
                }
            ]
        },
        {
            "variable": "dummy:Geschafft:0",
            "var": 0.01,
            "values": [
                {
                    "cluster": "cluster_0",
                    "value": 0.0
                },
                {
                    "cluster": "cluster_1",
                    "value": 0.05701754385964912
                },
                {
                    "cluster": "cluster_2",
                    "value": 0.19387755102040816
                }
            ]
        },
        {
            "variable": "dummy:Geschafft:5",
            "var": 0.0,
            "values": [
                {
                    "cluster": "cluster_0",
                    "value": 0.06451612903225806
                },
                {
                    "cluster": "cluster_1",
                    "value": 0.07017543859649122
                },
                {
                    "cluster": "cluster_2",
                    "value": 0.01020408163265306
                }
            ]
        },
        {
            "variable": "dummy:Geschafft:N/A",
            "var": 0.0,
            "values": [
                {
                    "cluster": "cluster_0",
                    "value": 0.0
                },
                {
                    "cluster": "cluster_1",
                    "value": 0.0
                },
                {
                    "cluster": "cluster_2",
                    "value": 0.0
                }
            ]
        },
        {
            "variable": "dummy:Geschafft:__Others__",
            "var": 0.0,
            "values": [
                {
                    "cluster": "cluster_0",
                    "value": 0.0
                },
                {
                    "cluster": "cluster_1",
                    "value": 0.0
                },
                {
                    "cluster": "cluster_2",
                    "value": 0.0
                }
            ]
        },
        {
            "variable": "dummy:Geschlecht:m",
            "var": 0.33,
            "values": [
                {
                    "cluster": "cluster_0",
                    "value": 1.0
                },
                {
                    "cluster": "cluster_1",
                    "value": 1.0
                },
                {
                    "cluster": "cluster_2",
                    "value": 0.0
                }
            ]
        },
        {
            "variable": "dummy:Geschlecht:w",
            "var": 0.33,
            "values": [
                {
                    "cluster": "cluster_0",
                    "value": 0.0
                },
                {
                    "cluster": "cluster_1",
                    "value": 0.0
                },
                {
                    "cluster": "cluster_2",
                    "value": 1.0
                }
            ]
        },
        {
            "variable": "dummy:Geschlecht:N/A",
            "var": 0.0,
            "values": [
                {
                    "cluster": "cluster_0",
                    "value": 0.0
                },
                {
                    "cluster": "cluster_1",
                    "value": 0.0
                },
                {
                    "cluster": "cluster_2",
                    "value": 0.0
                }
            ]
        },
        {
            "variable": "dummy:Geschlecht:__Others__",
            "var": 0.0,
            "values": [
                {
                    "cluster": "cluster_0",
                    "value": 0.0
                },
                {
                    "cluster": "cluster_1",
                    "value": 0.0
                },
                {
                    "cluster": "cluster_2",
                    "value": 0.0
                }
            ]
        },
        {
            "variable": "Alter",
            "var": 2.0,
            "values": [
                {
                    "cluster": "cluster_0",
                    "value": 28.193548387096776
                },
                {
                    "cluster": "cluster_1",
                    "value": 30.946428571428573
                },
                {
                    "cluster": "cluster_2",
                    "value": 30.125
                }
            ]
        },
        {
            "variable": "Gr\u00f6\u00dfe",
            "var": 65.66,
            "values": [
                {
                    "cluster": "cluster_0",
                    "value": 183.09677419354838
                },
                {
                    "cluster": "cluster_1",
                    "value": 174.39285714285714
                },
                {
                    "cluster": "cluster_2",
                    "value": 166.90625
                }
            ]
        },
        {
            "variable": "Gewicht",
            "var": 126.99,
            "values": [
                {
                    "cluster": "cluster_0",
                    "value": 79.87096774193549
                },
                {
                    "cluster": "cluster_1",
                    "value": 68.0
                },
                {
                    "cluster": "cluster_2",
                    "value": 57.34375
                }
            ]
        },
        {
            "variable": "cluster_size",
            "var": 10033.0,
            "values": [
                {
                    "cluster": "cluster_1",
                    "value": 228
                },
                {
                    "cluster": "cluster_2",
                    "value": 98
                },
                {
                    "cluster": "cluster_0",
                    "value": 31
                }
            ]
        }
    ],
    "summary": {
        "clusters": []
    }
}