{
    "modelId": "m1",
    "state": "DONE",
    "startTime": 1606386095723,
    "endTime": 1606386097546,
    "preprocessingTime": 141,
    "trainingTime": 1682,
    "progress": {
        "stack": [],
        "top_level_todo": [],
        "top_level_done": [
            {
                "name": "Loading source dataset",
                "time": 17
            },
            {
                "name": "Collecting statistics",
                "time": 18
            },
            {
                "name": "Preprocessing data",
                "time": 105
            },
            {
                "name": "Fitting model",
                "time": 1212
            },
            {
                "name": "Saving model",
                "time": 1
            },
            {
                "name": "Scoring model",
                "time": 469
            }
        ]
    }
}