[
    {
        "test_score_gib": 0.6626686455278687,
        "train_score": 0.7604218180145215,
        "test_score": 0.6626686455278687,
        "num_samples": 98,
        "fit_time": 148,
        "score_time": 1201,
        "time": 1349,
        "parameters": {
            "C": 1.0,
            "penalty": "l2"
        },
        "best_iteration": null,
        "done_at": 1605796909216,
        "split_id": 0
    },
    {
        "test_score_gib": 0.6047105651701239,
        "train_score": 0.7594617343017844,
        "test_score": 0.6047105651701239,
        "num_samples": 94,
        "fit_time": 181,
        "score_time": 1205,
        "time": 1386,
        "parameters": {
            "C": 1.0,
            "penalty": "l2"
        },
        "best_iteration": null,
        "done_at": 1605796909258,
        "split_id": 1
    },
    {
        "test_score_gib": 0.6732418796481294,
        "train_score": 0.7595084698173262,
        "test_score": 0.6732418796481294,
        "num_samples": 92,
        "fit_time": 192,
        "score_time": 1157,
        "time": 1349,
        "parameters": {
            "C": 1.0,
            "penalty": "l2"
        },
        "best_iteration": null,
        "done_at": 1605796909222,
        "split_id": 2
    },
    {
        "test_score_gib": 0.6593962154420997,
        "train_score": 0.7343927379438746,
        "test_score": 0.6593962154420997,
        "num_samples": 98,
        "fit_time": 55,
        "score_time": 1142,
        "time": 1197,
        "parameters": {
            "C": 0.1,
            "penalty": "l2"
        },
        "best_iteration": null,
        "done_at": 1605796909077,
        "split_id": 0
    },
    {
        "test_score_gib": 0.63096256684492,
        "train_score": 0.7302888542753726,
        "test_score": 0.63096256684492,
        "num_samples": 94,
        "fit_time": 179,
        "score_time": 1216,
        "time": 1395,
        "parameters": {
            "C": 0.1,
            "penalty": "l2"
        },
        "best_iteration": null,
        "done_at": 1605796910476,
        "split_id": 1
    },
    {
        "test_score_gib": 0.682510757471695,
        "train_score": 0.7161935541467347,
        "test_score": 0.682510757471695,
        "num_samples": 92,
        "fit_time": 128,
        "score_time": 1243,
        "time": 1371,
        "parameters": {
            "C": 0.1,
            "penalty": "l2"
        },
        "best_iteration": null,
        "done_at": 1605796910592,
        "split_id": 2
    },
    {
        "test_score_gib": 0.6562348183074882,
        "train_score": 0.7163020732507125,
        "test_score": 0.6562348183074882,
        "num_samples": 98,
        "fit_time": 75,
        "score_time": 1233,
        "time": 1308,
        "parameters": {
            "C": 0.01,
            "penalty": "l2"
        },
        "best_iteration": null,
        "done_at": 1605796910537,
        "split_id": 0
    },
    {
        "test_score_gib": 0.6258969798583769,
        "train_score": 0.7002663334945329,
        "test_score": 0.6258969798583769,
        "num_samples": 94,
        "fit_time": 83,
        "score_time": 1275,
        "time": 1358,
        "parameters": {
            "C": 0.01,
            "penalty": "l2"
        },
        "best_iteration": null,
        "done_at": 1605796910617,
        "split_id": 1
    },
    {
        "test_score_gib": 0.6690158105783105,
        "train_score": 0.6929798228251186,
        "test_score": 0.6690158105783105,
        "num_samples": 92,
        "fit_time": 97,
        "score_time": 446,
        "time": 543,
        "parameters": {
            "C": 0.01,
            "penalty": "l2"
        },
        "best_iteration": null,
        "done_at": 1605796911023,
        "split_id": 2
    },
    {
        "test_score_gib": 0.6192001653081537,
        "train_score": 0.793698395217721,
        "test_score": 0.6192001653081537,
        "num_samples": 98,
        "fit_time": 496,
        "score_time": 953,
        "time": 1449,
        "parameters": {
            "C": 100.0,
            "penalty": "l2"
        },
        "best_iteration": null,
        "done_at": 1605796911995,
        "split_id": 0
    },
    {
        "test_score_gib": 0.5868611535523298,
        "train_score": 0.7797608690857001,
        "test_score": 0.5868611535523298,
        "num_samples": 94,
        "fit_time": 495,
        "score_time": 984,
        "time": 1479,
        "parameters": {
            "C": 100.0,
            "penalty": "l2"
        },
        "best_iteration": null,
        "done_at": 1605796912076,
        "split_id": 1
    },
    {
        "test_score_gib": 0.6157627442002441,
        "train_score": 0.7840323149172393,
        "test_score": 0.6157627442002441,
        "num_samples": 92,
        "fit_time": 457,
        "score_time": 1022,
        "time": 1479,
        "parameters": {
            "C": 100.0,
            "penalty": "l2"
        },
        "best_iteration": null,
        "done_at": 1605796912099,
        "split_id": 2
    },
    {
        "test_score_gib": 0.6383271780770553,
        "train_score": 0.7814719362201795,
        "test_score": 0.6383271780770553,
        "num_samples": 98,
        "fit_time": 650,
        "score_time": 604,
        "time": 1254,
        "parameters": {
            "C": 10.0,
            "penalty": "l2"
        },
        "best_iteration": null,
        "done_at": 1605796912280,
        "split_id": 0
    },
    {
        "test_score_gib": 0.5942396206734444,
        "train_score": 0.7749103232584835,
        "test_score": 0.5942396206734444,
        "num_samples": 94,
        "fit_time": 305,
        "score_time": 505,
        "time": 810,
        "parameters": {
            "C": 10.0,
            "penalty": "l2"
        },
        "best_iteration": null,
        "done_at": 1605796912815,
        "split_id": 1
    },
    {
        "test_score_gib": 0.64294681013431,
        "train_score": 0.7814591266116665,
        "test_score": 0.64294681013431,
        "num_samples": 92,
        "fit_time": 250,
        "score_time": 498,
        "time": 748,
        "parameters": {
            "C": 10.0,
            "penalty": "l2"
        },
        "best_iteration": null,
        "done_at": 1605796912831,
        "split_id": 2
    }
]