{
    "startedAt": 1605796907864,
    "gridSize": 5,
    "nThreads": 4,
    "nSplits": 3,
    "metric": "ROC_AUC",
    "timeout": null,
    "gridPoints": [
        {
            "finishedAt": 1605796909258,
            "score": 0.646910469420249,
            "testScoreGibMean": 0.646910469420249,
            "testScoreMean": 0.646910469420249,
            "testScoreStd": 0.02999537186702249,
            "trainScoreMean": 0.7598081704682565,
            "trainScoreStd": 0.0004458272193288378,
            "time": 4084,
            "fitTimeMean": 173.66666666666666,
            "fitTimeStd": 18.696404883173546,
            "scoreTimeMean": 1187.6666666666667,
            "scoreTimeStd": 21.746008573733455,
            "best_iteration": null,
            "parameters": {
                "C": 1.0,
                "penalty": "l2"
            }
        },
        {
            "finishedAt": 1605796910592,
            "score": 0.657472887620226,
            "testScoreGibMean": 0.657472887620226,
            "testScoreMean": 0.657472887620226,
            "testScoreStd": 0.020903852834342738,
            "trainScoreMean": 0.727138900006635,
            "trainScoreStd": 0.00776206986103119,
            "time": 3963,
            "fitTimeMean": 120.66666666666667,
            "fitTimeStd": 50.88767587103537,
            "scoreTimeMean": 1200.3333333333333,
            "scoreTimeStd": 42.69530289023476,
            "best_iteration": null,
            "parameters": {
                "C": 0.1,
                "penalty": "l2"
            }
        },
        {
            "finishedAt": 1605796911023,
            "score": 0.6503337425141754,
            "testScoreGibMean": 0.6503337425141754,
            "testScoreMean": 0.6503337425141754,
            "testScoreStd": 0.017964659970781515,
            "trainScoreMean": 0.7034393740386156,
            "trainScoreStd": 0.009791023845848651,
            "time": 3209,
            "fitTimeMean": 85.0,
            "fitTimeStd": 9.092121131323903,
            "scoreTimeMean": 984.6666666666666,
            "scoreTimeStd": 381.2805907581566,
            "best_iteration": null,
            "parameters": {
                "C": 0.01,
                "penalty": "l2"
            }
        },
        {
            "finishedAt": 1605796912099,
            "score": 0.6073828771145794,
            "testScoreGibMean": 0.6073828771145794,
            "testScoreMean": 0.6073828771145794,
            "testScoreStd": 0.014502700119118073,
            "trainScoreMean": 0.7859540049217552,
            "trainScoreStd": 0.0058810739086360385,
            "time": 4407,
            "fitTimeMean": 482.6666666666667,
            "fitTimeStd": 18.153665072253467,
            "scoreTimeMean": 986.3333333333334,
            "scoreTimeStd": 28.21740991342441,
            "best_iteration": null,
            "parameters": {
                "C": 100.0,
                "penalty": "l2"
            }
        },
        {
            "finishedAt": 1605796912831,
            "score": 0.6252313180535624,
            "testScoreGibMean": 0.6252313180535624,
            "testScoreMean": 0.6252313180535624,
            "testScoreStd": 0.021880431106553935,
            "trainScoreMean": 0.7792959851554518,
            "trainScoreStd": 0.003084770788175126,
            "time": 2812,
            "fitTimeMean": 401.6666666666667,
            "fitTimeStd": 177.0279325103496,
            "scoreTimeMean": 535.6666666666666,
            "scoreTimeStd": 48.40339749324307,
            "best_iteration": null,
            "parameters": {
                "C": 10.0,
                "penalty": "l2"
            }
        }
    ]
}