{
    "modelInputNRows": 284,
    "modelInputNCols": 18,
    "modelInputIsSparse": false,
    "modelInputMemory": 40896,
    "usedGridSearch": true,
    "gridSize": 5,
    "gridBestScore": 0.657472887620226,
    "gridCells": [
        {
            "params": {
                "C": 1.0,
                "penalty": "l2"
            },
            "score": 0.646910469420249,
            "scoreStd": 0.02999537186702249,
            "fitTime": 0.17366666666666666,
            "fitTimeStd": 0.018696404883173545,
            "scoreTime": 1.1876666666666666,
            "scoreTimeStd": 0.021746008573733454
        },
        {
            "params": {
                "C": 0.1,
                "penalty": "l2"
            },
            "score": 0.657472887620226,
            "scoreStd": 0.020903852834342738,
            "fitTime": 0.12066666666666667,
            "fitTimeStd": 0.05088767587103537,
            "scoreTime": 1.2003333333333333,
            "scoreTimeStd": 0.04269530289023476
        },
        {
            "params": {
                "C": 0.01,
                "penalty": "l2"
            },
            "score": 0.6503337425141754,
            "scoreStd": 0.017964659970781515,
            "fitTime": 0.085,
            "fitTimeStd": 0.009092121131323903,
            "scoreTime": 0.9846666666666666,
            "scoreTimeStd": 0.3812805907581566
        },
        {
            "params": {
                "C": 100.0,
                "penalty": "l2"
            },
            "score": 0.6073828771145794,
            "scoreStd": 0.014502700119118073,
            "fitTime": 0.4826666666666667,
            "fitTimeStd": 0.018153665072253466,
            "scoreTime": 0.9863333333333334,
            "scoreTimeStd": 0.02821740991342441
        },
        {
            "params": {
                "C": 10.0,
                "penalty": "l2"
            },
            "score": 0.6252313180535624,
            "scoreStd": 0.021880431106553935,
            "fitTime": 0.40166666666666667,
            "fitTimeStd": 0.1770279325103496,
            "scoreTime": 0.5356666666666666,
            "scoreTimeStd": 0.04840339749324307
        }
    ],
    "probaAware": true
}